0 verbose cli /opt/homebrew/Cellar/node/25.2.0/bin/node /opt/homebrew/bin/npm
1 info using npm@11.6.2
2 info using node@v25.2.0
3 silly config load:file:/opt/homebrew/lib/node_modules/npm/npmrc
4 silly config load:file:/Users/gustavo/Projects/web3/personal/aztec/personal/tenochca/frontend/.npmrc
5 silly config load:file:/Users/gustavo/.npmrc
6 silly config load:file:/opt/homebrew/etc/npmrc
7 verbose title npm install @aztec/aztec.js@3.0.0-devnet.2 @aztec/accounts@3.0.0-devnet.2 @tanstack/react-query@5 react-toastify@9 clsx@2 lucide-react@0.462.0
8 verbose argv "install" "@aztec/aztec.js@3.0.0-devnet.2" "@aztec/accounts@3.0.0-devnet.2" "@tanstack/react-query@5" "react-toastify@9" "clsx@2" "lucide-react@0.462.0"
9 verbose logfile logs-max:10 dir:/Users/gustavo/Projects/web3/personal/aztec/personal/tenochca/.npm-cache/_logs/2025-11-20T11_46_11_634Z-
10 verbose logfile /Users/gustavo/Projects/web3/personal/aztec/personal/tenochca/.npm-cache/_logs/2025-11-20T11_46_11_634Z-debug-0.log
11 silly logfile done cleaning log files
12 silly packumentCache heap:2348810240 maxSize:587202560 maxEntrySize:293601280
13 silly idealTree buildDeps
14 silly fetch manifest @aztec/aztec.js@3.0.0-devnet.2
15 silly packumentCache full:https://registry.npmjs.org/@aztec%2faztec.js cache-miss
16 http fetch GET 200 https://registry.npmjs.org/@aztec%2faztec.js 1318ms (cache miss)
17 silly packumentCache full:https://registry.npmjs.org/@aztec%2faztec.js set size:undefined disposed:false
18 silly fetch manifest @aztec/accounts@3.0.0-devnet.2
19 silly packumentCache full:https://registry.npmjs.org/@aztec%2faccounts cache-miss
20 http fetch GET 200 https://registry.npmjs.org/@aztec%2faccounts 1324ms (cache miss)
21 silly packumentCache full:https://registry.npmjs.org/@aztec%2faccounts set size:undefined disposed:false
22 silly fetch manifest @tanstack/react-query@5
23 silly packumentCache full:https://registry.npmjs.org/@tanstack%2freact-query cache-miss
24 http fetch GET 200 https://registry.npmjs.org/@tanstack%2freact-query 147ms (cache miss)
25 silly packumentCache full:https://registry.npmjs.org/@tanstack%2freact-query set size:undefined disposed:false
26 silly fetch manifest react@19.2.0
27 silly packumentCache full:https://registry.npmjs.org/react cache-miss
28 http fetch GET 200 https://registry.npmjs.org/react 243ms (cache miss)
29 silly packumentCache full:https://registry.npmjs.org/react set size:undefined disposed:false
30 silly fetch manifest react-toastify@9
31 silly packumentCache full:https://registry.npmjs.org/react-toastify cache-miss
32 http fetch GET 200 https://registry.npmjs.org/react-toastify 682ms (cache miss)
33 silly packumentCache full:https://registry.npmjs.org/react-toastify set size:undefined disposed:false
34 silly fetch manifest react-dom@19.2.0
35 silly packumentCache full:https://registry.npmjs.org/react-dom cache-miss
36 http fetch GET 200 https://registry.npmjs.org/react-dom 176ms (cache miss)
37 silly packumentCache full:https://registry.npmjs.org/react-dom set size:undefined disposed:false
38 silly fetch manifest clsx@2
39 silly packumentCache full:https://registry.npmjs.org/clsx cache-miss
40 http fetch GET 200 https://registry.npmjs.org/clsx 29ms (cache miss)
41 silly packumentCache full:https://registry.npmjs.org/clsx set size:undefined disposed:false
42 silly fetch manifest lucide-react@0.462.0
43 silly packumentCache full:https://registry.npmjs.org/lucide-react cache-miss
44 http fetch GET 200 https://registry.npmjs.org/lucide-react 70ms (cache miss)
45 silly packumentCache full:https://registry.npmjs.org/lucide-react set size:undefined disposed:false
46 silly placeDep ROOT @aztec/accounts@3.0.0-devnet.2 OK for: frontend@0.1.0 want: 3.0.0-devnet.2
47 silly placeDep ROOT @aztec/aztec.js@3.0.0-devnet.2 OK for: frontend@0.1.0 want: 3.0.0-devnet.2
48 silly placeDep ROOT @tanstack/react-query@5.90.10 OK for: frontend@0.1.0 want: 5
49 silly placeDep ROOT clsx@2.1.1 OK for: frontend@0.1.0 want: 2
50 silly placeDep ROOT lucide-react@0.462.0 OK for: frontend@0.1.0 want: 0.462.0
51 silly placeDep ROOT react-toastify@9.1.3 OK for: frontend@0.1.0 want: 9
52 silly fetch manifest @aztec/stdlib@3.0.0-devnet.2
53 silly packumentCache full:https://registry.npmjs.org/@aztec%2fstdlib cache-miss
54 silly fetch manifest @aztec/ethereum@3.0.0-devnet.2
55 silly packumentCache full:https://registry.npmjs.org/@aztec%2fethereum cache-miss
56 silly fetch manifest @aztec/foundation@3.0.0-devnet.2
57 silly packumentCache full:https://registry.npmjs.org/@aztec%2ffoundation cache-miss
58 silly fetch manifest @aztec/entrypoints@3.0.0-devnet.2
59 silly packumentCache full:https://registry.npmjs.org/@aztec%2fentrypoints cache-miss
60 silly fetch manifest zod@^3.23.8
61 silly packumentCache full:https://registry.npmjs.org/zod cache-miss
62 silly fetch manifest viem@npm:@spalladino/viem@2.38.2-eip7594.0
63 silly packumentCache full:https://registry.npmjs.org/@spalladino%2fviem cache-miss
64 silly fetch manifest axios@^1.12.0
65 silly packumentCache full:https://registry.npmjs.org/axios cache-miss
66 http fetch GET 200 https://registry.npmjs.org/axios 75ms (cache miss)
67 silly packumentCache full:https://registry.npmjs.org/axios set size:undefined disposed:false
68 silly fetch manifest @aztec/stdlib@3.0.0-devnet.2
69 silly packumentCache full:https://registry.npmjs.org/@aztec%2fstdlib cache-miss
70 http fetch GET 200 https://registry.npmjs.org/zod 97ms (cache miss)
71 silly packumentCache full:https://registry.npmjs.org/zod set size:undefined disposed:false
72 silly fetch manifest @aztec/ethereum@3.0.0-devnet.2
73 silly packumentCache full:https://registry.npmjs.org/@aztec%2fethereum cache-miss
74 http fetch GET 200 https://registry.npmjs.org/@aztec%2fstdlib 1188ms (cache miss)
75 silly packumentCache full:https://registry.npmjs.org/@aztec%2fstdlib set size:undefined disposed:false
76 silly fetch manifest @aztec/constants@3.0.0-devnet.2
77 silly packumentCache full:https://registry.npmjs.org/@aztec%2fconstants cache-miss
78 http fetch GET 200 https://registry.npmjs.org/@aztec%2fstdlib 1279ms (cache miss)
79 silly packumentCache full:https://registry.npmjs.org/@aztec%2fstdlib set size:undefined disposed:false
80 silly fetch manifest @aztec/foundation@3.0.0-devnet.2
81 silly packumentCache full:https://registry.npmjs.org/@aztec%2ffoundation cache-miss
82 http fetch GET 200 https://registry.npmjs.org/@spalladino%2fviem 1309ms (cache miss)
83 silly packumentCache full:https://registry.npmjs.org/@spalladino%2fviem set size:undefined disposed:false
84 silly fetch manifest @aztec/entrypoints@3.0.0-devnet.2
85 silly packumentCache full:https://registry.npmjs.org/@aztec%2fentrypoints cache-miss
86 http fetch GET 200 https://registry.npmjs.org/@aztec%2fentrypoints 1341ms (cache miss)
87 silly packumentCache full:https://registry.npmjs.org/@aztec%2fentrypoints set size:undefined disposed:false
88 silly fetch manifest @aztec/l1-artifacts@3.0.0-devnet.2
89 silly packumentCache full:https://registry.npmjs.org/@aztec%2fl1-artifacts cache-miss
90 http fetch GET 200 https://registry.npmjs.org/@aztec%2fethereum 1239ms (cache miss)
91 silly packumentCache full:https://registry.npmjs.org/@aztec%2fethereum set size:undefined disposed:false
92 silly fetch manifest @aztec/protocol-contracts@3.0.0-devnet.2
93 silly packumentCache full:https://registry.npmjs.org/@aztec%2fprotocol-contracts cache-miss
94 http fetch GET 200 https://registry.npmjs.org/@aztec%2fentrypoints 58ms (cache miss)
95 silly packumentCache full:https://registry.npmjs.org/@aztec%2fentrypoints set size:undefined disposed:false
96 silly fetch manifest @tanstack/query-core@5.90.10
97 silly packumentCache full:https://registry.npmjs.org/@tanstack%2fquery-core cache-miss
98 http fetch GET 200 https://registry.npmjs.org/@aztec%2fethereum 1388ms (cache miss)
99 silly packumentCache full:https://registry.npmjs.org/@aztec%2fethereum set size:undefined disposed:false
100 silly fetch manifest clsx@^1.1.1
101 silly packumentCache full:https://registry.npmjs.org/clsx cache-miss
102 http cache https://registry.npmjs.org/clsx 7ms (cache hit)
103 silly packumentCache full:https://registry.npmjs.org/clsx set size:42506 disposed:false
104 http fetch GET 200 https://registry.npmjs.org/@aztec%2ffoundation 1428ms (cache miss)
105 silly packumentCache full:https://registry.npmjs.org/@aztec%2ffoundation set size:undefined disposed:false
106 http fetch GET 200 https://registry.npmjs.org/@aztec%2ffoundation 158ms (cache miss)
107 silly packumentCache full:https://registry.npmjs.org/@aztec%2ffoundation set size:undefined disposed:false
108 http fetch GET 200 https://registry.npmjs.org/@tanstack%2fquery-core 118ms (cache miss)
109 silly packumentCache full:https://registry.npmjs.org/@tanstack%2fquery-core set size:undefined disposed:false
110 http fetch GET 200 https://registry.npmjs.org/@aztec%2fl1-artifacts 1264ms (cache miss)
111 silly packumentCache full:https://registry.npmjs.org/@aztec%2fl1-artifacts set size:undefined disposed:false
112 http fetch GET 200 https://registry.npmjs.org/@aztec%2fprotocol-contracts 1278ms (cache miss)
113 silly packumentCache full:https://registry.npmjs.org/@aztec%2fprotocol-contracts set size:undefined disposed:false
114 http fetch GET 200 https://registry.npmjs.org/@aztec%2fconstants 1435ms (cache miss)
115 silly packumentCache full:https://registry.npmjs.org/@aztec%2fconstants set size:undefined disposed:false
116 silly placeDep ROOT @aztec/entrypoints@3.0.0-devnet.2 OK for: @aztec/accounts@3.0.0-devnet.2 want: 3.0.0-devnet.2
117 silly placeDep ROOT @aztec/ethereum@3.0.0-devnet.2 OK for: @aztec/accounts@3.0.0-devnet.2 want: 3.0.0-devnet.2
118 silly placeDep ROOT @aztec/foundation@3.0.0-devnet.2 OK for: @aztec/accounts@3.0.0-devnet.2 want: 3.0.0-devnet.2
119 silly placeDep ROOT @aztec/stdlib@3.0.0-devnet.2 OK for: @aztec/accounts@3.0.0-devnet.2 want: 3.0.0-devnet.2
120 silly fetch manifest dotenv@^16.0.3
121 silly packumentCache full:https://registry.npmjs.org/dotenv cache-miss
122 silly fetch manifest @viem/anvil@^0.0.10
123 silly packumentCache full:https://registry.npmjs.org/@viem%2fanvil cache-miss
124 silly fetch manifest lodash.chunk@^4.2.0
125 silly packumentCache full:https://registry.npmjs.org/lodash.chunk cache-miss
126 silly fetch manifest lodash.pickby@^4.5.0
127 silly packumentCache full:https://registry.npmjs.org/lodash.pickby cache-miss
128 silly fetch manifest @aztec/blob-lib@3.0.0-devnet.2
129 silly packumentCache full:https://registry.npmjs.org/@aztec%2fblob-lib cache-miss
130 silly fetch manifest koa@^2.16.1
131 silly packumentCache full:https://registry.npmjs.org/koa cache-miss
132 silly fetch manifest pako@^2.1.0
133 silly packumentCache full:https://registry.npmjs.org/pako cache-miss
134 http fetch GET 200 https://registry.npmjs.org/pako 32ms (cache miss)
135 silly packumentCache full:https://registry.npmjs.org/pako set size:undefined disposed:false
136 silly fetch manifest pino@^9.5.0
137 silly packumentCache full:https://registry.npmjs.org/pino cache-miss
138 http fetch GET 200 https://registry.npmjs.org/dotenv 38ms (cache miss)
139 silly packumentCache full:https://registry.npmjs.org/dotenv set size:undefined disposed:false
140 silly fetch manifest sha3@^2.1.4
141 silly packumentCache full:https://registry.npmjs.org/sha3 cache-miss
142 http fetch GET 200 https://registry.npmjs.org/lodash.chunk 62ms (cache miss)
143 silly packumentCache full:https://registry.npmjs.org/lodash.chunk set size:undefined disposed:false
144 silly fetch manifest bn.js@^5.2.1
145 silly packumentCache full:https://registry.npmjs.org/bn.js cache-miss
146 http fetch GET 200 https://registry.npmjs.org/lodash.pickby 78ms (cache miss)
147 silly packumentCache full:https://registry.npmjs.org/lodash.pickby set size:undefined disposed:false
148 silly fetch manifest undici@^5.28.5
149 silly packumentCache full:https://registry.npmjs.org/undici cache-miss
150 http fetch GET 200 https://registry.npmjs.org/pino 52ms (cache miss)
151 silly packumentCache full:https://registry.npmjs.org/pino set size:undefined disposed:false
152 silly fetch manifest hash.js@^1.1.7
153 silly packumentCache full:https://registry.npmjs.org/hash.js cache-miss
154 http fetch GET 200 https://registry.npmjs.org/sha3 66ms (cache miss)
155 silly packumentCache full:https://registry.npmjs.org/sha3 set size:undefined disposed:false
156 silly fetch manifest @koa/cors@^5.0.0
157 silly packumentCache full:https://registry.npmjs.org/@koa%2fcors cache-miss
158 http fetch GET 200 https://registry.npmjs.org/hash.js 25ms (cache miss)
159 silly packumentCache full:https://registry.npmjs.org/hash.js set size:undefined disposed:false
160 silly fetch manifest colorette@^2.0.20
161 silly packumentCache full:https://registry.npmjs.org/colorette cache-miss
162 http fetch GET 200 https://registry.npmjs.org/bn.js 61ms (cache miss)
163 silly packumentCache full:https://registry.npmjs.org/bn.js set size:undefined disposed:false
164 silly fetch manifest leveldown@^6.1.1
165 silly packumentCache full:https://registry.npmjs.org/leveldown cache-miss
166 http fetch GET 200 https://registry.npmjs.org/koa 134ms (cache miss)
167 silly packumentCache full:https://registry.npmjs.org/koa set size:undefined disposed:false
168 silly fetch manifest koa-router@^13.1.1
169 silly packumentCache full:https://registry.npmjs.org/koa-router cache-miss
170 http fetch GET 200 https://registry.npmjs.org/undici 65ms (cache miss)
171 silly packumentCache full:https://registry.npmjs.org/undici set size:undefined disposed:false
172 silly fetch manifest detect-node@^2.1.0
173 silly packumentCache full:https://registry.npmjs.org/detect-node cache-miss
174 http fetch GET 200 https://registry.npmjs.org/colorette 39ms (cache miss)
175 silly packumentCache full:https://registry.npmjs.org/colorette set size:undefined disposed:false
176 silly fetch manifest pino-pretty@^13.0.0
177 silly packumentCache full:https://registry.npmjs.org/pino-pretty cache-miss
178 http fetch GET 200 https://registry.npmjs.org/pino-pretty 37ms (cache miss)
179 silly packumentCache full:https://registry.npmjs.org/pino-pretty set size:undefined disposed:false
180 silly fetch manifest @aztec/bb.js@3.0.0-devnet.2
181 silly packumentCache full:https://registry.npmjs.org/@aztec%2fbb.js cache-miss
182 http fetch GET 200 https://registry.npmjs.org/koa-router 69ms (cache miss)
183 silly packumentCache full:https://registry.npmjs.org/koa-router set size:undefined disposed:false
184 silly fetch manifest koa-compress@^5.1.0
185 silly packumentCache full:https://registry.npmjs.org/koa-compress cache-miss
186 http fetch GET 200 https://registry.npmjs.org/leveldown 90ms (cache miss)
187 silly packumentCache full:https://registry.npmjs.org/leveldown set size:undefined disposed:false
188 silly fetch manifest @noble/curves@=1.7.0
189 silly packumentCache full:https://registry.npmjs.org/@noble%2fcurves cache-miss
190 http fetch GET 200 https://registry.npmjs.org/detect-node 73ms (cache miss)
191 silly packumentCache full:https://registry.npmjs.org/detect-node set size:undefined disposed:false
192 silly fetch manifest koa-bodyparser@^4.4.0
193 silly packumentCache full:https://registry.npmjs.org/koa-bodyparser cache-miss
194 http fetch GET 200 https://registry.npmjs.org/@koa%2fcors 201ms (cache miss)
195 silly packumentCache full:https://registry.npmjs.org/@koa%2fcors set size:undefined disposed:false
196 silly fetch manifest lodash.clonedeepwith@^4.5.0
197 silly packumentCache full:https://registry.npmjs.org/lodash.clonedeepwith cache-miss
198 http fetch GET 200 https://registry.npmjs.org/koa-compress 112ms (cache miss)
199 silly packumentCache full:https://registry.npmjs.org/koa-compress set size:undefined disposed:false
200 silly fetch manifest msgpackr@^1.11.2
201 silly packumentCache full:https://registry.npmjs.org/msgpackr cache-miss
202 http fetch GET 200 https://registry.npmjs.org/koa-bodyparser 107ms (cache miss)
203 silly packumentCache full:https://registry.npmjs.org/koa-bodyparser set size:undefined disposed:false
204 silly fetch manifest lodash.omit@^4.5.0
205 silly packumentCache full:https://registry.npmjs.org/lodash.omit cache-miss
206 http fetch GET 200 https://registry.npmjs.org/@noble%2fcurves 122ms (cache miss)
207 silly packumentCache full:https://registry.npmjs.org/@noble%2fcurves set size:undefined disposed:false
208 silly fetch manifest @aztec/bb.js@3.0.0-devnet.2
209 silly packumentCache full:https://registry.npmjs.org/@aztec%2fbb.js cache-miss
210 http fetch GET 200 https://registry.npmjs.org/msgpackr 33ms (cache miss)
211 silly packumentCache full:https://registry.npmjs.org/msgpackr set size:undefined disposed:false
212 silly fetch manifest lodash.times@^4.3.2
213 silly packumentCache full:https://registry.npmjs.org/lodash.times cache-miss
214 http fetch GET 200 https://registry.npmjs.org/lodash.clonedeepwith 73ms (cache miss)
215 silly packumentCache full:https://registry.npmjs.org/lodash.clonedeepwith set size:undefined disposed:false
216 silly fetch manifest lodash.isequal@^4.5.0
217 silly packumentCache full:https://registry.npmjs.org/lodash.isequal cache-miss
218 http fetch GET 200 https://registry.npmjs.org/lodash.omit 61ms (cache miss)
219 silly packumentCache full:https://registry.npmjs.org/lodash.omit set size:undefined disposed:false
220 silly fetch manifest @aztec/blob-lib@3.0.0-devnet.2
221 silly packumentCache full:https://registry.npmjs.org/@aztec%2fblob-lib cache-miss
222 http fetch GET 200 https://registry.npmjs.org/lodash.isequal 35ms (cache miss)
223 silly packumentCache full:https://registry.npmjs.org/lodash.isequal set size:undefined disposed:false
224 silly fetch manifest @aws-sdk/client-s3@^3.892.0
225 silly packumentCache full:https://registry.npmjs.org/@aws-sdk%2fclient-s3 cache-miss
226 http fetch GET 200 https://registry.npmjs.org/lodash.times 82ms (cache miss)
227 silly packumentCache full:https://registry.npmjs.org/lodash.times set size:undefined disposed:false
228 silly fetch manifest @aztec/noir-noirc_abi@3.0.0-devnet.2
229 silly packumentCache full:https://registry.npmjs.org/@aztec%2fnoir-noirc_abi cache-miss
230 http fetch GET 200 https://registry.npmjs.org/@aws-sdk%2fclient-s3 142ms (cache miss)
231 silly packumentCache full:https://registry.npmjs.org/@aws-sdk%2fclient-s3 set size:undefined disposed:false
232 silly fetch manifest @google-cloud/storage@^7.15.0
233 silly packumentCache full:https://registry.npmjs.org/@google-cloud%2fstorage cache-miss
234 http fetch GET 200 https://registry.npmjs.org/@google-cloud%2fstorage 173ms (cache miss)
235 silly packumentCache full:https://registry.npmjs.org/@google-cloud%2fstorage set size:undefined disposed:false
236 silly fetch manifest json-stringify-deterministic@1.0.12
237 silly packumentCache full:https://registry.npmjs.org/json-stringify-deterministic cache-miss
238 http fetch GET 200 https://registry.npmjs.org/json-stringify-deterministic 57ms (cache miss)
239 silly packumentCache full:https://registry.npmjs.org/json-stringify-deterministic set size:undefined disposed:false
240 http fetch GET 200 https://registry.npmjs.org/@aztec%2fblob-lib 809ms (cache miss)
241 silly packumentCache full:https://registry.npmjs.org/@aztec%2fblob-lib set size:undefined disposed:false
242 http fetch GET 200 https://registry.npmjs.org/@aztec%2fblob-lib 1220ms (cache miss)
243 silly packumentCache full:https://registry.npmjs.org/@aztec%2fblob-lib set size:undefined disposed:false
244 http fetch GET 200 https://registry.npmjs.org/@viem%2fanvil 1299ms (cache miss)
245 silly packumentCache full:https://registry.npmjs.org/@viem%2fanvil set size:undefined disposed:false
246 http fetch GET 200 https://registry.npmjs.org/@aztec%2fbb.js 1344ms (cache miss)
247 silly packumentCache full:https://registry.npmjs.org/@aztec%2fbb.js set size:undefined disposed:false
248 http fetch GET 200 https://registry.npmjs.org/@aztec%2fbb.js 1267ms (cache miss)
249 silly packumentCache full:https://registry.npmjs.org/@aztec%2fbb.js set size:undefined disposed:false
250 http fetch GET 200 https://registry.npmjs.org/@aztec%2fnoir-noirc_abi 1265ms (cache miss)
251 silly packumentCache full:https://registry.npmjs.org/@aztec%2fnoir-noirc_abi set size:undefined disposed:false
252 silly fetch manifest typescript@>=5.0.4
253 silly packumentCache full:https://registry.npmjs.org/typescript cache-miss
254 http fetch GET 200 https://registry.npmjs.org/typescript 209ms (cache miss)
255 silly packumentCache full:https://registry.npmjs.org/typescript set size:undefined disposed:false
256 silly placeDep ROOT @aztec/constants@3.0.0-devnet.2 OK for: @aztec/aztec.js@3.0.0-devnet.2 want: 3.0.0-devnet.2
257 silly placeDep ROOT @aztec/l1-artifacts@3.0.0-devnet.2 OK for: @aztec/aztec.js@3.0.0-devnet.2 want: 3.0.0-devnet.2
258 silly placeDep ROOT @aztec/protocol-contracts@3.0.0-devnet.2 OK for: @aztec/aztec.js@3.0.0-devnet.2 want: 3.0.0-devnet.2
259 silly placeDep ROOT axios@1.13.2 OK for: @aztec/aztec.js@3.0.0-devnet.2 want: ^1.12.0
260 silly placeDep ROOT viem@2.38.2-eip7594.0 OK for: @aztec/aztec.js@3.0.0-devnet.2 want: npm:@spalladino/viem@2.38.2-eip7594.0
261 silly placeDep node_modules/@aztec/aztec.js zod@3.25.76 OK for: @aztec/aztec.js@3.0.0-devnet.2 want: ^3.23.8
262 silly fetch manifest follow-redirects@^1.15.6
263 silly packumentCache full:https://registry.npmjs.org/follow-redirects cache-miss
264 silly fetch manifest form-data@^4.0.4
265 silly packumentCache full:https://registry.npmjs.org/form-data cache-miss
266 silly fetch manifest proxy-from-env@^1.1.0
267 silly packumentCache full:https://registry.npmjs.org/proxy-from-env cache-miss
268 silly fetch manifest ox@0.9.6
269 silly packumentCache full:https://registry.npmjs.org/ox cache-miss
270 silly fetch manifest ws@8.18.3
271 silly packumentCache full:https://registry.npmjs.org/ws cache-miss
272 silly fetch manifest isows@1.0.7
273 silly packumentCache full:https://registry.npmjs.org/isows cache-miss
274 silly fetch manifest abitype@1.1.0
275 silly packumentCache full:https://registry.npmjs.org/abitype cache-miss
276 http fetch GET 200 https://registry.npmjs.org/proxy-from-env 31ms (cache miss)
277 silly packumentCache full:https://registry.npmjs.org/proxy-from-env set size:undefined disposed:false
278 silly fetch manifest @scure/bip32@1.7.0
279 silly packumentCache full:https://registry.npmjs.org/@scure%2fbip32 cache-miss
280 http fetch GET 200 https://registry.npmjs.org/form-data 32ms (cache miss)
281 silly packumentCache full:https://registry.npmjs.org/form-data set size:undefined disposed:false
282 silly fetch manifest @scure/bip39@1.6.0
283 silly packumentCache full:https://registry.npmjs.org/@scure%2fbip39 cache-miss
284 http fetch GET 200 https://registry.npmjs.org/follow-redirects 42ms (cache miss)
285 silly packumentCache full:https://registry.npmjs.org/follow-redirects set size:undefined disposed:false
286 silly fetch manifest @noble/curves@1.9.1
287 silly packumentCache full:https://registry.npmjs.org/@noble%2fcurves cache-miss
288 http cache https://registry.npmjs.org/@noble%2fcurves 3ms (cache hit)
289 silly packumentCache full:https://registry.npmjs.org/@noble%2fcurves set size:306108 disposed:false
290 silly fetch manifest @noble/hashes@1.8.0
291 silly packumentCache full:https://registry.npmjs.org/@noble%2fhashes cache-miss
292 http fetch GET 200 https://registry.npmjs.org/ws 54ms (cache miss)
293 silly packumentCache full:https://registry.npmjs.org/ws set size:undefined disposed:false
294 http fetch GET 200 https://registry.npmjs.org/abitype 77ms (cache miss)
295 silly packumentCache full:https://registry.npmjs.org/abitype set size:undefined disposed:false
296 http fetch GET 200 https://registry.npmjs.org/isows 80ms (cache miss)
297 silly packumentCache full:https://registry.npmjs.org/isows set size:undefined disposed:false
298 http fetch GET 200 https://registry.npmjs.org/@scure%2fbip32 84ms (cache miss)
299 silly packumentCache full:https://registry.npmjs.org/@scure%2fbip32 set size:undefined disposed:false
300 http fetch GET 200 https://registry.npmjs.org/@scure%2fbip39 113ms (cache miss)
301 silly packumentCache full:https://registry.npmjs.org/@scure%2fbip39 set size:undefined disposed:false
302 http fetch GET 200 https://registry.npmjs.org/@noble%2fhashes 128ms (cache miss)
303 silly packumentCache full:https://registry.npmjs.org/@noble%2fhashes set size:undefined disposed:false
304 http fetch GET 200 https://registry.npmjs.org/ox 705ms (cache miss)
305 silly packumentCache full:https://registry.npmjs.org/ox set size:undefined disposed:false
306 silly placeDep ROOT @aztec/blob-lib@3.0.0-devnet.2 OK for: @aztec/ethereum@3.0.0-devnet.2 want: 3.0.0-devnet.2
307 silly placeDep ROOT @viem/anvil@0.0.10 OK for: @aztec/ethereum@3.0.0-devnet.2 want: ^0.0.10
308 silly placeDep ROOT dotenv@16.6.1 OK for: @aztec/ethereum@3.0.0-devnet.2 want: ^16.0.3
309 silly placeDep ROOT lodash.chunk@4.2.0 OK for: @aztec/ethereum@3.0.0-devnet.2 want: ^4.2.0
310 silly placeDep ROOT lodash.pickby@4.6.0 OK for: @aztec/ethereum@3.0.0-devnet.2 want: ^4.5.0
311 silly placeDep node_modules/@aztec/ethereum zod@3.25.76 OK for: @aztec/ethereum@3.0.0-devnet.2 want: ^3.23.8
312 silly fetch manifest @crate-crypto/node-eth-kzg@^0.10.0
313 silly packumentCache full:https://registry.npmjs.org/@crate-crypto%2fnode-eth-kzg cache-miss
314 silly fetch manifest execa@^7.1.1
315 silly packumentCache full:https://registry.npmjs.org/execa cache-miss
316 silly fetch manifest get-port@^6.1.2
317 silly packumentCache full:https://registry.npmjs.org/get-port cache-miss
318 silly fetch manifest http-proxy@^1.18.1
319 silly packumentCache full:https://registry.npmjs.org/http-proxy cache-miss
320 silly fetch manifest ws@^8.13.0
321 silly packumentCache full:https://registry.npmjs.org/ws cache-miss
322 http cache https://registry.npmjs.org/ws 3ms (cache hit)
323 silly packumentCache full:https://registry.npmjs.org/ws set size:410885 disposed:false
324 http fetch GET 200 https://registry.npmjs.org/http-proxy 27ms (cache miss)
325 silly packumentCache full:https://registry.npmjs.org/http-proxy set size:undefined disposed:false
326 http fetch GET 200 https://registry.npmjs.org/get-port 30ms (cache miss)
327 silly packumentCache full:https://registry.npmjs.org/get-port set size:undefined disposed:false
328 http fetch GET 200 https://registry.npmjs.org/execa 35ms (cache miss)
329 silly packumentCache full:https://registry.npmjs.org/execa set size:undefined disposed:false
330 http fetch GET 200 https://registry.npmjs.org/@crate-crypto%2fnode-eth-kzg 1239ms (cache miss)
331 silly packumentCache full:https://registry.npmjs.org/@crate-crypto%2fnode-eth-kzg set size:undefined disposed:false
332 silly placeDep ROOT @crate-crypto/node-eth-kzg@0.10.0 OK for: @aztec/blob-lib@3.0.0-devnet.2 want: ^0.10.0
333 silly fetch manifest @crate-crypto/node-eth-kzg-win32-x64-msvc@0.10.0
334 silly packumentCache full:https://registry.npmjs.org/@crate-crypto%2fnode-eth-kzg-win32-x64-msvc cache-miss
335 silly fetch manifest @crate-crypto/node-eth-kzg-darwin-x64@0.10.0
336 silly packumentCache full:https://registry.npmjs.org/@crate-crypto%2fnode-eth-kzg-darwin-x64 cache-miss
337 silly fetch manifest @crate-crypto/node-eth-kzg-linux-x64-gnu@0.10.0
338 silly packumentCache full:https://registry.npmjs.org/@crate-crypto%2fnode-eth-kzg-linux-x64-gnu cache-miss
339 silly fetch manifest @crate-crypto/node-eth-kzg-darwin-arm64@0.10.0
340 silly packumentCache full:https://registry.npmjs.org/@crate-crypto%2fnode-eth-kzg-darwin-arm64 cache-miss
341 silly fetch manifest @crate-crypto/node-eth-kzg-linux-arm64-gnu@0.10.0
342 silly packumentCache full:https://registry.npmjs.org/@crate-crypto%2fnode-eth-kzg-linux-arm64-gnu cache-miss
343 silly fetch manifest @crate-crypto/node-eth-kzg-win32-arm64-msvc@0.10.0
344 silly packumentCache full:https://registry.npmjs.org/@crate-crypto%2fnode-eth-kzg-win32-arm64-msvc cache-miss
345 http fetch GET 200 https://registry.npmjs.org/@crate-crypto%2fnode-eth-kzg-linux-x64-gnu 1229ms (cache miss)
346 silly packumentCache full:https://registry.npmjs.org/@crate-crypto%2fnode-eth-kzg-linux-x64-gnu set size:undefined disposed:false
347 http fetch GET 200 https://registry.npmjs.org/@crate-crypto%2fnode-eth-kzg-win32-arm64-msvc 1235ms (cache miss)
348 silly packumentCache full:https://registry.npmjs.org/@crate-crypto%2fnode-eth-kzg-win32-arm64-msvc set size:undefined disposed:false
349 http fetch GET 200 https://registry.npmjs.org/@crate-crypto%2fnode-eth-kzg-win32-x64-msvc 1264ms (cache miss)
350 silly packumentCache full:https://registry.npmjs.org/@crate-crypto%2fnode-eth-kzg-win32-x64-msvc set size:undefined disposed:false
351 http fetch GET 200 https://registry.npmjs.org/@crate-crypto%2fnode-eth-kzg-darwin-arm64 1305ms (cache miss)
352 silly packumentCache full:https://registry.npmjs.org/@crate-crypto%2fnode-eth-kzg-darwin-arm64 set size:undefined disposed:false
353 http fetch GET 200 https://registry.npmjs.org/@crate-crypto%2fnode-eth-kzg-darwin-x64 1347ms (cache miss)
354 silly packumentCache full:https://registry.npmjs.org/@crate-crypto%2fnode-eth-kzg-darwin-x64 set size:undefined disposed:false
355 http fetch GET 200 https://registry.npmjs.org/@crate-crypto%2fnode-eth-kzg-linux-arm64-gnu 1359ms (cache miss)
356 silly packumentCache full:https://registry.npmjs.org/@crate-crypto%2fnode-eth-kzg-linux-arm64-gnu set size:undefined disposed:false
357 silly placeDep ROOT @aztec/bb.js@3.0.0-devnet.2 OK for: @aztec/foundation@3.0.0-devnet.2 want: 3.0.0-devnet.2
358 silly placeDep ROOT @koa/cors@5.0.0 OK for: @aztec/foundation@3.0.0-devnet.2 want: ^5.0.0
359 silly placeDep ROOT @noble/curves@1.7.0 OK for: @aztec/foundation@3.0.0-devnet.2 want: =1.7.0
360 silly placeDep ROOT bn.js@5.2.2 OK for: @aztec/foundation@3.0.0-devnet.2 want: ^5.2.1
361 silly placeDep ROOT colorette@2.0.20 OK for: @aztec/foundation@3.0.0-devnet.2 want: ^2.0.20
362 silly placeDep ROOT detect-node@2.1.0 OK for: @aztec/foundation@3.0.0-devnet.2 want: ^2.1.0
363 silly placeDep ROOT hash.js@1.1.7 OK for: @aztec/foundation@3.0.0-devnet.2 want: ^1.1.7
364 silly placeDep ROOT koa@2.16.3 OK for: @aztec/foundation@3.0.0-devnet.2 want: ^2.16.1
365 silly placeDep ROOT koa-bodyparser@4.4.1 OK for: @aztec/foundation@3.0.0-devnet.2 want: ^4.4.0
366 silly placeDep ROOT koa-compress@5.1.1 OK for: @aztec/foundation@3.0.0-devnet.2 want: ^5.1.0
367 silly placeDep ROOT koa-router@13.1.1 OK for: @aztec/foundation@3.0.0-devnet.2 want: ^13.1.1
368 silly placeDep ROOT leveldown@6.1.1 OK for: @aztec/foundation@3.0.0-devnet.2 want: ^6.1.1
369 silly placeDep ROOT lodash.clonedeepwith@4.5.0 OK for: @aztec/foundation@3.0.0-devnet.2 want: ^4.5.0
370 silly placeDep ROOT pako@2.1.0 OK for: @aztec/foundation@3.0.0-devnet.2 want: ^2.1.0
371 silly placeDep ROOT pino@9.14.0 OK for: @aztec/foundation@3.0.0-devnet.2 want: ^9.5.0
372 silly placeDep ROOT pino-pretty@13.1.2 OK for: @aztec/foundation@3.0.0-devnet.2 want: ^13.0.0
373 silly placeDep ROOT sha3@2.1.4 OK for: @aztec/foundation@3.0.0-devnet.2 want: ^2.1.4
374 silly placeDep ROOT undici@5.29.0 OK for: @aztec/foundation@3.0.0-devnet.2 want: ^5.28.5
375 silly placeDep node_modules/@aztec/foundation zod@3.25.76 OK for: @aztec/foundation@3.0.0-devnet.2 want: ^3.23.8
376 silly fetch manifest comlink@^4.4.1
377 silly packumentCache full:https://registry.npmjs.org/comlink cache-miss
378 silly fetch manifest commander@^12.1.0
379 silly packumentCache full:https://registry.npmjs.org/commander cache-miss
380 silly fetch manifest idb-keyval@^6.2.1
381 silly packumentCache full:https://registry.npmjs.org/idb-keyval cache-miss
382 silly fetch manifest vary@^1.1.2
383 silly packumentCache full:https://registry.npmjs.org/vary cache-miss
384 silly fetch manifest @noble/hashes@1.6.0
385 silly packumentCache full:https://registry.npmjs.org/@noble%2fhashes cache-miss
386 silly fetch manifest inherits@^2.0.3
387 silly packumentCache full:https://registry.npmjs.org/inherits cache-miss
388 silly fetch manifest minimalistic-assert@^1.0.1
389 silly packumentCache full:https://registry.npmjs.org/minimalistic-assert cache-miss
390 http cache https://registry.npmjs.org/@noble%2fhashes 17ms (cache hit)
391 silly packumentCache full:https://registry.npmjs.org/@noble%2fhashes set size:214622 disposed:false
392 silly fetch manifest depd@^2.0.0
393 silly packumentCache full:https://registry.npmjs.org/depd cache-miss
394 http fetch GET 200 https://registry.npmjs.org/inherits 39ms (cache miss)
395 silly packumentCache full:https://registry.npmjs.org/inherits set size:undefined disposed:false
396 silly fetch manifest only@~0.0.2
397 silly packumentCache full:https://registry.npmjs.org/only cache-miss
398 http fetch GET 200 https://registry.npmjs.org/minimalistic-assert 41ms (cache miss)
399 silly packumentCache full:https://registry.npmjs.org/minimalistic-assert set size:undefined disposed:false
400 silly fetch manifest vary@^1.1.2
401 silly packumentCache full:https://registry.npmjs.org/vary cache-miss
402 http fetch GET 200 https://registry.npmjs.org/vary 45ms (cache miss)
403 silly packumentCache full:https://registry.npmjs.org/vary set size:undefined disposed:false
404 silly fetch manifest fresh@~0.5.2
405 silly packumentCache full:https://registry.npmjs.org/fresh cache-miss
406 http fetch GET 200 https://registry.npmjs.org/depd 28ms (cache miss)
407 silly packumentCache full:https://registry.npmjs.org/depd set size:undefined disposed:false
408 silly fetch manifest accepts@^1.3.5
409 silly packumentCache full:https://registry.npmjs.org/accepts cache-miss
410 http fetch GET 200 https://registry.npmjs.org/commander 49ms (cache miss)
411 silly packumentCache full:https://registry.npmjs.org/commander set size:undefined disposed:false
412 silly fetch manifest cookies@~0.9.0
413 silly packumentCache full:https://registry.npmjs.org/cookies cache-miss
414 http fetch GET 200 https://registry.npmjs.org/vary 25ms (cache miss)
415 silly packumentCache full:https://registry.npmjs.org/vary set size:undefined disposed:false
416 silly fetch manifest destroy@^1.0.4
417 silly packumentCache full:https://registry.npmjs.org/destroy cache-miss
418 http fetch GET 200 https://registry.npmjs.org/cookies 26ms (cache miss)
419 silly packumentCache full:https://registry.npmjs.org/cookies set size:undefined disposed:false
420 silly fetch manifest type-is@^1.6.16
421 silly packumentCache full:https://registry.npmjs.org/type-is cache-miss
422 http fetch GET 200 https://registry.npmjs.org/comlink 81ms (cache miss)
423 silly packumentCache full:https://registry.npmjs.org/comlink set size:undefined disposed:false
424 silly fetch manifest parseurl@^1.3.2
425 silly packumentCache full:https://registry.npmjs.org/parseurl cache-miss
426 http fetch GET 200 https://registry.npmjs.org/accepts 35ms (cache miss)
427 silly packumentCache full:https://registry.npmjs.org/accepts set size:undefined disposed:false
428 silly fetch manifest statuses@^1.5.0
429 silly packumentCache full:https://registry.npmjs.org/statuses cache-miss
430 http fetch GET 200 https://registry.npmjs.org/destroy 26ms (cache miss)
431 silly packumentCache full:https://registry.npmjs.org/destroy set size:undefined disposed:false
432 silly fetch manifest delegates@^1.0.0
433 silly packumentCache full:https://registry.npmjs.org/delegates cache-miss
434 http fetch GET 200 https://registry.npmjs.org/fresh 54ms (cache miss)
435 silly packumentCache full:https://registry.npmjs.org/fresh set size:undefined disposed:false
436 silly fetch manifest encodeurl@^1.0.2
437 silly packumentCache full:https://registry.npmjs.org/encodeurl cache-miss
438 http fetch GET 200 https://registry.npmjs.org/idb-keyval 105ms (cache miss)
439 silly packumentCache full:https://registry.npmjs.org/idb-keyval set size:undefined disposed:false
440 silly fetch manifest escape-html@^1.0.3
441 silly packumentCache full:https://registry.npmjs.org/escape-html cache-miss
442 http fetch GET 200 https://registry.npmjs.org/type-is 27ms (cache miss)
443 silly packumentCache full:https://registry.npmjs.org/type-is set size:undefined disposed:false
444 silly fetch manifest http-assert@^1.3.0
445 silly packumentCache full:https://registry.npmjs.org/http-assert cache-miss
446 http fetch GET 200 https://registry.npmjs.org/statuses 26ms (cache miss)
447 silly packumentCache full:https://registry.npmjs.org/statuses set size:undefined disposed:false
448 silly fetch manifest http-errors@^1.6.3
449 silly packumentCache full:https://registry.npmjs.org/http-errors cache-miss
450 http fetch GET 200 https://registry.npmjs.org/parseurl 33ms (cache miss)
451 silly packumentCache full:https://registry.npmjs.org/parseurl set size:undefined disposed:false
452 silly fetch manifest koa-compose@^4.1.0
453 silly packumentCache full:https://registry.npmjs.org/koa-compose cache-miss
454 http fetch GET 200 https://registry.npmjs.org/delegates 25ms (cache miss)
455 silly packumentCache full:https://registry.npmjs.org/delegates set size:undefined disposed:false
456 silly fetch manifest koa-convert@^2.0.0
457 silly packumentCache full:https://registry.npmjs.org/koa-convert cache-miss
458 http fetch GET 200 https://registry.npmjs.org/only 83ms (cache miss)
459 silly packumentCache full:https://registry.npmjs.org/only set size:undefined disposed:false
460 silly fetch manifest on-finished@^2.3.0
461 silly packumentCache full:https://registry.npmjs.org/on-finished cache-miss
462 http fetch GET 200 https://registry.npmjs.org/encodeurl 27ms (cache miss)
463 silly packumentCache full:https://registry.npmjs.org/encodeurl set size:undefined disposed:false
464 silly fetch manifest content-type@^1.0.4
465 silly packumentCache full:https://registry.npmjs.org/content-type cache-miss
466 http fetch GET 200 https://registry.npmjs.org/escape-html 28ms (cache miss)
467 silly packumentCache full:https://registry.npmjs.org/escape-html set size:undefined disposed:false
468 silly fetch manifest cache-content-type@^1.0.0
469 silly packumentCache full:https://registry.npmjs.org/cache-content-type cache-miss
470 http fetch GET 200 https://registry.npmjs.org/http-errors 34ms (cache miss)
471 silly packumentCache full:https://registry.npmjs.org/http-errors set size:undefined disposed:false
472 silly fetch manifest content-disposition@~0.5.2
473 silly packumentCache full:https://registry.npmjs.org/content-disposition cache-miss
474 http fetch GET 200 https://registry.npmjs.org/on-finished 26ms (cache miss)
475 silly packumentCache full:https://registry.npmjs.org/on-finished set size:undefined disposed:false
476 silly fetch manifest co-body@^6.0.0
477 silly packumentCache full:https://registry.npmjs.org/co-body cache-miss
478 http fetch GET 200 https://registry.npmjs.org/content-disposition 26ms (cache miss)
479 silly packumentCache full:https://registry.npmjs.org/content-disposition set size:undefined disposed:false
480 silly fetch manifest copy-to@^2.0.1
481 silly packumentCache full:https://registry.npmjs.org/copy-to cache-miss
482 http fetch GET 200 https://registry.npmjs.org/http-assert 70ms (cache miss)
483 silly packumentCache full:https://registry.npmjs.org/http-assert set size:undefined disposed:false
484 silly fetch manifest type-is@^1.6.18
485 silly packumentCache full:https://registry.npmjs.org/type-is cache-miss
486 http cache https://registry.npmjs.org/type-is 2ms (cache hit)
487 silly packumentCache full:https://registry.npmjs.org/type-is set size:86196 disposed:false
488 silly fetch manifest bytes@^3.1.2
489 silly packumentCache full:https://registry.npmjs.org/bytes cache-miss
490 http fetch GET 200 https://registry.npmjs.org/koa-convert 66ms (cache miss)
491 silly packumentCache full:https://registry.npmjs.org/koa-convert set size:undefined disposed:false
492 silly fetch manifest compressible@^2.0.18
493 silly packumentCache full:https://registry.npmjs.org/compressible cache-miss
494 http fetch GET 200 https://registry.npmjs.org/koa-compose 71ms (cache miss)
495 silly packumentCache full:https://registry.npmjs.org/koa-compose set size:undefined disposed:false
496 silly fetch manifest http-errors@^1.8.1
497 silly packumentCache full:https://registry.npmjs.org/http-errors cache-miss
498 http cache https://registry.npmjs.org/http-errors 1ms (cache hit)
499 silly packumentCache full:https://registry.npmjs.org/http-errors set size:69537 disposed:false
500 silly fetch manifest koa-is-json@^1.0.0
501 silly packumentCache full:https://registry.npmjs.org/koa-is-json cache-miss
502 http fetch GET 200 https://registry.npmjs.org/content-type 62ms (cache miss)
503 silly packumentCache full:https://registry.npmjs.org/content-type set size:undefined disposed:false
504 silly fetch manifest http-errors@^2.0.0
505 silly packumentCache full:https://registry.npmjs.org/http-errors cache-hit
506 silly fetch manifest path-to-regexp@^6.3.0
507 silly packumentCache full:https://registry.npmjs.org/path-to-regexp cache-miss
508 http fetch GET 200 https://registry.npmjs.org/cache-content-type 63ms (cache miss)
509 silly packumentCache full:https://registry.npmjs.org/cache-content-type set size:undefined disposed:false
510 silly fetch manifest napi-macros@~2.0.0
511 silly packumentCache full:https://registry.npmjs.org/napi-macros cache-miss
512 http fetch GET 200 https://registry.npmjs.org/co-body 67ms (cache miss)
513 silly packumentCache full:https://registry.npmjs.org/co-body set size:undefined disposed:false
514 silly fetch manifest node-gyp-build@^4.3.0
515 silly packumentCache full:https://registry.npmjs.org/node-gyp-build cache-miss
516 http fetch GET 200 https://registry.npmjs.org/compressible 32ms (cache miss)
517 silly packumentCache full:https://registry.npmjs.org/compressible set size:undefined disposed:false
518 silly fetch manifest abstract-leveldown@^7.2.0
519 silly packumentCache full:https://registry.npmjs.org/abstract-leveldown cache-miss
520 http fetch GET 200 https://registry.npmjs.org/path-to-regexp 35ms (cache miss)
521 silly packumentCache full:https://registry.npmjs.org/path-to-regexp set size:undefined disposed:false
522 silly fetch manifest sonic-boom@^4.0.1
523 silly packumentCache full:https://registry.npmjs.org/sonic-boom cache-miss
524 http fetch GET 200 https://registry.npmjs.org/copy-to 63ms (cache miss)
525 silly packumentCache full:https://registry.npmjs.org/copy-to set size:undefined disposed:false
526 silly fetch manifest atomic-sleep@^1.0.0
527 silly packumentCache full:https://registry.npmjs.org/atomic-sleep cache-miss
528 http fetch GET 200 https://registry.npmjs.org/bytes 67ms (cache miss)
529 silly packumentCache full:https://registry.npmjs.org/bytes set size:undefined disposed:false
530 silly fetch manifest real-require@^0.2.0
531 silly packumentCache full:https://registry.npmjs.org/real-require cache-miss
532 http fetch GET 200 https://registry.npmjs.org/koa-is-json 76ms (cache miss)
533 silly packumentCache full:https://registry.npmjs.org/koa-is-json set size:undefined disposed:false
534 silly fetch manifest thread-stream@^3.0.0
535 silly packumentCache full:https://registry.npmjs.org/thread-stream cache-miss
536 http fetch GET 200 https://registry.npmjs.org/real-require 25ms (cache miss)
537 silly packumentCache full:https://registry.npmjs.org/real-require set size:undefined disposed:false
538 silly fetch manifest @pinojs/redact@^0.4.0
539 silly packumentCache full:https://registry.npmjs.org/@pinojs%2fredact cache-miss
540 http fetch GET 200 https://registry.npmjs.org/napi-macros 74ms (cache miss)
541 silly packumentCache full:https://registry.npmjs.org/napi-macros set size:undefined disposed:false
542 silly fetch manifest process-warning@^5.0.0
543 silly packumentCache full:https://registry.npmjs.org/process-warning cache-miss
544 http fetch GET 200 https://registry.npmjs.org/abstract-leveldown 72ms (cache miss)
545 silly packumentCache full:https://registry.npmjs.org/abstract-leveldown set size:undefined disposed:false
546 silly fetch manifest on-exit-leak-free@^2.1.0
547 silly packumentCache full:https://registry.npmjs.org/on-exit-leak-free cache-miss
548 http fetch GET 200 https://registry.npmjs.org/node-gyp-build 87ms (cache miss)
549 silly packumentCache full:https://registry.npmjs.org/node-gyp-build set size:undefined disposed:false
550 silly fetch manifest pino-std-serializers@^7.0.0
551 silly packumentCache full:https://registry.npmjs.org/pino-std-serializers cache-miss
552 http fetch GET 200 https://registry.npmjs.org/sonic-boom 79ms (cache miss)
553 silly packumentCache full:https://registry.npmjs.org/sonic-boom set size:undefined disposed:false
554 silly fetch manifest safe-stable-stringify@^2.3.1
555 silly packumentCache full:https://registry.npmjs.org/safe-stable-stringify cache-miss
556 http fetch GET 200 https://registry.npmjs.org/atomic-sleep 77ms (cache miss)
557 silly packumentCache full:https://registry.npmjs.org/atomic-sleep set size:undefined disposed:false
558 silly fetch manifest quick-format-unescaped@^4.0.3
559 silly packumentCache full:https://registry.npmjs.org/quick-format-unescaped cache-miss
560 http fetch GET 200 https://registry.npmjs.org/thread-stream 46ms (cache miss)
561 silly packumentCache full:https://registry.npmjs.org/thread-stream set size:undefined disposed:false
562 silly fetch manifest pino-abstract-transport@^2.0.0
563 silly packumentCache full:https://registry.npmjs.org/pino-abstract-transport cache-miss
564 http fetch GET 200 https://registry.npmjs.org/@pinojs%2fredact 41ms (cache miss)
565 silly packumentCache full:https://registry.npmjs.org/@pinojs%2fredact set size:undefined disposed:false
566 silly fetch manifest dateformat@^4.6.3
567 silly packumentCache full:https://registry.npmjs.org/dateformat cache-miss
568 http fetch GET 200 https://registry.npmjs.org/on-exit-leak-free 35ms (cache miss)
569 silly packumentCache full:https://registry.npmjs.org/on-exit-leak-free set size:undefined disposed:false
570 silly fetch manifest fast-copy@^3.0.2
571 silly packumentCache full:https://registry.npmjs.org/fast-copy cache-miss
572 http fetch GET 200 https://registry.npmjs.org/safe-stable-stringify 25ms (cache miss)
573 silly packumentCache full:https://registry.npmjs.org/safe-stable-stringify set size:undefined disposed:false
574 silly fetch manifest fast-safe-stringify@^2.1.1
575 silly packumentCache full:https://registry.npmjs.org/fast-safe-stringify cache-miss
576 http fetch GET 200 https://registry.npmjs.org/dateformat 29ms (cache miss)
577 silly packumentCache full:https://registry.npmjs.org/dateformat set size:undefined disposed:false
578 silly fetch manifest help-me@^5.0.0
579 silly packumentCache full:https://registry.npmjs.org/help-me cache-miss
580 http fetch GET 200 https://registry.npmjs.org/quick-format-unescaped 35ms (cache miss)
581 silly packumentCache full:https://registry.npmjs.org/quick-format-unescaped set size:undefined disposed:false
582 silly fetch manifest joycon@^3.1.1
583 silly packumentCache full:https://registry.npmjs.org/joycon cache-miss
584 http fetch GET 200 https://registry.npmjs.org/pino-abstract-transport 38ms (cache miss)
585 silly packumentCache full:https://registry.npmjs.org/pino-abstract-transport set size:undefined disposed:false
586 silly fetch manifest pump@^3.0.0
587 silly packumentCache full:https://registry.npmjs.org/pump cache-miss
588 http fetch GET 200 https://registry.npmjs.org/fast-copy 33ms (cache miss)
589 silly packumentCache full:https://registry.npmjs.org/fast-copy set size:undefined disposed:false
590 silly fetch manifest secure-json-parse@^4.0.0
591 silly packumentCache full:https://registry.npmjs.org/secure-json-parse cache-miss
592 http fetch GET 200 https://registry.npmjs.org/fast-safe-stringify 29ms (cache miss)
593 silly packumentCache full:https://registry.npmjs.org/fast-safe-stringify set size:undefined disposed:false
594 silly fetch manifest strip-json-comments@^5.0.2
595 silly packumentCache full:https://registry.npmjs.org/strip-json-comments cache-miss
596 http fetch GET 200 https://registry.npmjs.org/process-warning 92ms (cache miss)
597 silly packumentCache full:https://registry.npmjs.org/process-warning set size:undefined disposed:false
598 silly fetch manifest buffer@6.0.3
599 silly packumentCache full:https://registry.npmjs.org/buffer cache-miss
600 http fetch GET 200 https://registry.npmjs.org/pump 28ms (cache miss)
601 silly packumentCache full:https://registry.npmjs.org/pump set size:undefined disposed:false
602 silly fetch manifest @fastify/busboy@^2.0.0
603 silly packumentCache full:https://registry.npmjs.org/@fastify%2fbusboy cache-miss
604 http fetch GET 200 https://registry.npmjs.org/joycon 38ms (cache miss)
605 silly packumentCache full:https://registry.npmjs.org/joycon set size:undefined disposed:false
606 http fetch GET 200 https://registry.npmjs.org/pino-std-serializers 81ms (cache miss)
607 silly packumentCache full:https://registry.npmjs.org/pino-std-serializers set size:undefined disposed:false
608 http fetch GET 200 https://registry.npmjs.org/strip-json-comments 23ms (cache miss)
609 silly packumentCache full:https://registry.npmjs.org/strip-json-comments set size:undefined disposed:false
610 http fetch GET 200 https://registry.npmjs.org/secure-json-parse 31ms (cache miss)
611 silly packumentCache full:https://registry.npmjs.org/secure-json-parse set size:undefined disposed:false
612 http fetch GET 200 https://registry.npmjs.org/buffer 39ms (cache miss)
613 silly packumentCache full:https://registry.npmjs.org/buffer set size:undefined disposed:false
614 http fetch GET 200 https://registry.npmjs.org/help-me 66ms (cache miss)
615 silly packumentCache full:https://registry.npmjs.org/help-me set size:undefined disposed:false
616 http fetch GET 200 https://registry.npmjs.org/@fastify%2fbusboy 42ms (cache miss)
617 silly packumentCache full:https://registry.npmjs.org/@fastify%2fbusboy set size:undefined disposed:false
618 silly placeDep ROOT comlink@4.4.2 OK for: @aztec/bb.js@3.0.0-devnet.2 want: ^4.4.1
619 silly placeDep ROOT commander@12.1.0 OK for: @aztec/bb.js@3.0.0-devnet.2 want: ^12.1.0
620 silly placeDep ROOT idb-keyval@6.2.2 OK for: @aztec/bb.js@3.0.0-devnet.2 want: ^6.2.1
621 silly placeDep ROOT msgpackr@1.11.5 OK for: @aztec/bb.js@3.0.0-devnet.2 want: ^1.11.2
622 silly fetch manifest msgpackr-extract@^3.0.2
623 silly packumentCache full:https://registry.npmjs.org/msgpackr-extract cache-miss
624 http fetch GET 200 https://registry.npmjs.org/msgpackr-extract 29ms (cache miss)
625 silly packumentCache full:https://registry.npmjs.org/msgpackr-extract set size:undefined disposed:false
626 silly placeDep ROOT lodash.omit@4.5.0 OK for: @aztec/protocol-contracts@3.0.0-devnet.2 want: ^4.5.0
627 silly placeDep ROOT @aws-sdk/client-s3@3.936.0 OK for: @aztec/stdlib@3.0.0-devnet.2 want: ^3.892.0
628 silly placeDep ROOT @aztec/noir-noirc_abi@3.0.0-devnet.2 OK for: @aztec/stdlib@3.0.0-devnet.2 want: 3.0.0-devnet.2
629 silly placeDep ROOT @google-cloud/storage@7.17.3 OK for: @aztec/stdlib@3.0.0-devnet.2 want: ^7.15.0
630 silly placeDep ROOT json-stringify-deterministic@1.0.12 OK for: @aztec/stdlib@3.0.0-devnet.2 want: 1.0.12
631 silly placeDep ROOT lodash.isequal@4.5.0 OK for: @aztec/stdlib@3.0.0-devnet.2 want: ^4.5.0
632 silly placeDep ROOT lodash.times@4.3.2 OK for: @aztec/stdlib@3.0.0-devnet.2 want: ^4.3.2
633 silly placeDep node_modules/@aztec/stdlib zod@3.25.76 OK for: @aztec/stdlib@3.0.0-devnet.2 want: ^3.23.8
634 silly fetch manifest @aws-crypto/sha1-browser@5.2.0
635 silly packumentCache full:https://registry.npmjs.org/@aws-crypto%2fsha1-browser cache-miss
636 silly fetch manifest @aws-crypto/sha256-browser@5.2.0
637 silly packumentCache full:https://registry.npmjs.org/@aws-crypto%2fsha256-browser cache-miss
638 silly fetch manifest @aws-crypto/sha256-js@5.2.0
639 silly packumentCache full:https://registry.npmjs.org/@aws-crypto%2fsha256-js cache-miss
640 silly fetch manifest @aws-sdk/core@3.936.0
641 silly packumentCache full:https://registry.npmjs.org/@aws-sdk%2fcore cache-miss
642 silly fetch manifest @aws-sdk/credential-provider-node@3.936.0
643 silly packumentCache full:https://registry.npmjs.org/@aws-sdk%2fcredential-provider-node cache-miss
644 silly fetch manifest @aws-sdk/middleware-bucket-endpoint@3.936.0
645 silly packumentCache full:https://registry.npmjs.org/@aws-sdk%2fmiddleware-bucket-endpoint cache-miss
646 silly fetch manifest @aws-sdk/middleware-expect-continue@3.936.0
647 silly packumentCache full:https://registry.npmjs.org/@aws-sdk%2fmiddleware-expect-continue cache-miss
648 http fetch GET 200 https://registry.npmjs.org/@aws-sdk%2fmiddleware-bucket-endpoint 62ms (cache miss)
649 silly packumentCache full:https://registry.npmjs.org/@aws-sdk%2fmiddleware-bucket-endpoint set size:undefined disposed:false
650 silly fetch manifest @aws-sdk/middleware-flexible-checksums@3.936.0
651 silly packumentCache full:https://registry.npmjs.org/@aws-sdk%2fmiddleware-flexible-checksums cache-miss
652 http fetch GET 200 https://registry.npmjs.org/@aws-sdk%2fmiddleware-expect-continue 66ms (cache miss)
653 silly packumentCache full:https://registry.npmjs.org/@aws-sdk%2fmiddleware-expect-continue set size:undefined disposed:false
654 silly fetch manifest @aws-sdk/middleware-host-header@3.936.0
655 silly packumentCache full:https://registry.npmjs.org/@aws-sdk%2fmiddleware-host-header cache-miss
656 http fetch GET 200 https://registry.npmjs.org/@aws-crypto%2fsha1-browser 91ms (cache miss)
657 silly packumentCache full:https://registry.npmjs.org/@aws-crypto%2fsha1-browser set size:undefined disposed:false
658 silly fetch manifest @aws-sdk/middleware-location-constraint@3.936.0
659 silly packumentCache full:https://registry.npmjs.org/@aws-sdk%2fmiddleware-location-constraint cache-miss
660 http fetch GET 200 https://registry.npmjs.org/@aws-sdk%2fmiddleware-flexible-checksums 51ms (cache miss)
661 silly packumentCache full:https://registry.npmjs.org/@aws-sdk%2fmiddleware-flexible-checksums set size:undefined disposed:false
662 silly fetch manifest @aws-sdk/middleware-logger@3.936.0
663 silly packumentCache full:https://registry.npmjs.org/@aws-sdk%2fmiddleware-logger cache-miss
664 http fetch GET 200 https://registry.npmjs.org/@aws-crypto%2fsha256-js 121ms (cache miss)
665 silly packumentCache full:https://registry.npmjs.org/@aws-crypto%2fsha256-js set size:undefined disposed:false
666 silly fetch manifest @aws-sdk/middleware-recursion-detection@3.936.0
667 silly packumentCache full:https://registry.npmjs.org/@aws-sdk%2fmiddleware-recursion-detection cache-miss
668 http fetch GET 200 https://registry.npmjs.org/@aws-crypto%2fsha256-browser 124ms (cache miss)
669 silly packumentCache full:https://registry.npmjs.org/@aws-crypto%2fsha256-browser set size:undefined disposed:false
670 silly fetch manifest @aws-sdk/middleware-sdk-s3@3.936.0
671 silly packumentCache full:https://registry.npmjs.org/@aws-sdk%2fmiddleware-sdk-s3 cache-miss
672 http fetch GET 200 https://registry.npmjs.org/@aws-sdk%2fcredential-provider-node 130ms (cache miss)
673 silly packumentCache full:https://registry.npmjs.org/@aws-sdk%2fcredential-provider-node set size:undefined disposed:false
674 silly fetch manifest @aws-sdk/middleware-ssec@3.936.0
675 silly packumentCache full:https://registry.npmjs.org/@aws-sdk%2fmiddleware-ssec cache-miss
676 http fetch GET 200 https://registry.npmjs.org/@aws-sdk%2fmiddleware-location-constraint 49ms (cache miss)
677 silly packumentCache full:https://registry.npmjs.org/@aws-sdk%2fmiddleware-location-constraint set size:undefined disposed:false
678 silly fetch manifest @aws-sdk/middleware-user-agent@3.936.0
679 silly packumentCache full:https://registry.npmjs.org/@aws-sdk%2fmiddleware-user-agent cache-miss
680 http fetch GET 200 https://registry.npmjs.org/@aws-sdk%2fcore 166ms (cache miss)
681 silly packumentCache full:https://registry.npmjs.org/@aws-sdk%2fcore set size:undefined disposed:false
682 silly fetch manifest @aws-sdk/region-config-resolver@3.936.0
683 silly packumentCache full:https://registry.npmjs.org/@aws-sdk%2fregion-config-resolver cache-miss
684 http fetch GET 200 https://registry.npmjs.org/@aws-sdk%2fmiddleware-sdk-s3 54ms (cache miss)
685 silly packumentCache full:https://registry.npmjs.org/@aws-sdk%2fmiddleware-sdk-s3 set size:undefined disposed:false
686 silly fetch manifest @aws-sdk/signature-v4-multi-region@3.936.0
687 silly packumentCache full:https://registry.npmjs.org/@aws-sdk%2fsignature-v4-multi-region cache-miss
688 http fetch GET 200 https://registry.npmjs.org/@aws-sdk%2fmiddleware-ssec 47ms (cache miss)
689 silly packumentCache full:https://registry.npmjs.org/@aws-sdk%2fmiddleware-ssec set size:undefined disposed:false
690 silly fetch manifest @aws-sdk/types@3.936.0
691 silly packumentCache full:https://registry.npmjs.org/@aws-sdk%2ftypes cache-miss
692 http fetch GET 200 https://registry.npmjs.org/@aws-sdk%2fmiddleware-host-header 140ms (cache miss)
693 silly packumentCache full:https://registry.npmjs.org/@aws-sdk%2fmiddleware-host-header set size:undefined disposed:false
694 silly fetch manifest @aws-sdk/util-endpoints@3.936.0
695 silly packumentCache full:https://registry.npmjs.org/@aws-sdk%2futil-endpoints cache-miss
696 http fetch GET 200 https://registry.npmjs.org/@aws-sdk%2fmiddleware-recursion-detection 116ms (cache miss)
697 silly packumentCache full:https://registry.npmjs.org/@aws-sdk%2fmiddleware-recursion-detection set size:undefined disposed:false
698 silly fetch manifest @aws-sdk/util-user-agent-browser@3.936.0
699 silly packumentCache full:https://registry.npmjs.org/@aws-sdk%2futil-user-agent-browser cache-miss
700 http fetch GET 200 https://registry.npmjs.org/@aws-sdk%2fsignature-v4-multi-region 59ms (cache miss)
701 silly packumentCache full:https://registry.npmjs.org/@aws-sdk%2fsignature-v4-multi-region set size:undefined disposed:false
702 silly fetch manifest @aws-sdk/util-user-agent-node@3.936.0
703 silly packumentCache full:https://registry.npmjs.org/@aws-sdk%2futil-user-agent-node cache-miss
704 http fetch GET 200 https://registry.npmjs.org/@aws-sdk%2fmiddleware-user-agent 139ms (cache miss)
705 silly packumentCache full:https://registry.npmjs.org/@aws-sdk%2fmiddleware-user-agent set size:undefined disposed:false
706 silly fetch manifest @smithy/config-resolver@^4.4.3
707 silly packumentCache full:https://registry.npmjs.org/@smithy%2fconfig-resolver cache-miss
708 http fetch GET 200 https://registry.npmjs.org/@aws-sdk%2ftypes 100ms (cache miss)
709 silly packumentCache full:https://registry.npmjs.org/@aws-sdk%2ftypes set size:undefined disposed:false
710 silly fetch manifest @smithy/core@^3.18.5
711 silly packumentCache full:https://registry.npmjs.org/@smithy%2fcore cache-miss
712 http fetch GET 200 https://registry.npmjs.org/@aws-sdk%2fmiddleware-logger 193ms (cache miss)
713 silly packumentCache full:https://registry.npmjs.org/@aws-sdk%2fmiddleware-logger set size:undefined disposed:false
714 silly fetch manifest @smithy/eventstream-serde-browser@^4.2.5
715 silly packumentCache full:https://registry.npmjs.org/@smithy%2feventstream-serde-browser cache-miss
716 http fetch GET 200 https://registry.npmjs.org/@aws-sdk%2futil-endpoints 114ms (cache miss)
717 silly packumentCache full:https://registry.npmjs.org/@aws-sdk%2futil-endpoints set size:undefined disposed:false
718 silly fetch manifest @smithy/eventstream-serde-config-resolver@^4.3.5
719 silly packumentCache full:https://registry.npmjs.org/@smithy%2feventstream-serde-config-resolver cache-miss
720 http fetch GET 200 https://registry.npmjs.org/@aws-sdk%2fregion-config-resolver 175ms (cache miss)
721 silly packumentCache full:https://registry.npmjs.org/@aws-sdk%2fregion-config-resolver set size:undefined disposed:false
722 silly fetch manifest @smithy/eventstream-serde-node@^4.2.5
723 silly packumentCache full:https://registry.npmjs.org/@smithy%2feventstream-serde-node cache-miss
724 http fetch GET 200 https://registry.npmjs.org/@smithy%2feventstream-serde-browser 35ms (cache miss)
725 silly packumentCache full:https://registry.npmjs.org/@smithy%2feventstream-serde-browser set size:undefined disposed:false
726 silly fetch manifest @smithy/fetch-http-handler@^5.3.6
727 silly packumentCache full:https://registry.npmjs.org/@smithy%2ffetch-http-handler cache-miss
728 http fetch GET 200 https://registry.npmjs.org/@aws-sdk%2futil-user-agent-browser 117ms (cache miss)
729 silly packumentCache full:https://registry.npmjs.org/@aws-sdk%2futil-user-agent-browser set size:undefined disposed:false
730 silly fetch manifest @smithy/hash-blob-browser@^4.2.6
731 silly packumentCache full:https://registry.npmjs.org/@smithy%2fhash-blob-browser cache-miss
732 http fetch GET 200 https://registry.npmjs.org/@smithy%2feventstream-serde-config-resolver 43ms (cache miss)
733 silly packumentCache full:https://registry.npmjs.org/@smithy%2feventstream-serde-config-resolver set size:undefined disposed:false
734 silly fetch manifest @smithy/hash-node@^4.2.5
735 silly packumentCache full:https://registry.npmjs.org/@smithy%2fhash-node cache-miss
736 http fetch GET 200 https://registry.npmjs.org/@aws-sdk%2futil-user-agent-node 137ms (cache miss)
737 silly packumentCache full:https://registry.npmjs.org/@aws-sdk%2futil-user-agent-node set size:undefined disposed:false
738 silly fetch manifest @smithy/hash-stream-node@^4.2.5
739 silly packumentCache full:https://registry.npmjs.org/@smithy%2fhash-stream-node cache-miss
740 http fetch GET 200 https://registry.npmjs.org/@smithy%2fcore 116ms (cache miss)
741 silly packumentCache full:https://registry.npmjs.org/@smithy%2fcore set size:undefined disposed:false
742 silly fetch manifest @smithy/invalid-dependency@^4.2.5
743 silly packumentCache full:https://registry.npmjs.org/@smithy%2finvalid-dependency cache-miss
744 http fetch GET 200 https://registry.npmjs.org/@smithy%2feventstream-serde-node 61ms (cache miss)
745 silly packumentCache full:https://registry.npmjs.org/@smithy%2feventstream-serde-node set size:undefined disposed:false
746 silly fetch manifest @smithy/md5-js@^4.2.5
747 silly packumentCache full:https://registry.npmjs.org/@smithy%2fmd5-js cache-miss
748 http fetch GET 200 https://registry.npmjs.org/@smithy%2fhash-blob-browser 48ms (cache miss)
749 silly packumentCache full:https://registry.npmjs.org/@smithy%2fhash-blob-browser set size:undefined disposed:false
750 silly fetch manifest @smithy/middleware-content-length@^4.2.5
751 silly packumentCache full:https://registry.npmjs.org/@smithy%2fmiddleware-content-length cache-miss
752 http fetch GET 200 https://registry.npmjs.org/@smithy%2fconfig-resolver 138ms (cache miss)
753 silly packumentCache full:https://registry.npmjs.org/@smithy%2fconfig-resolver set size:undefined disposed:false
754 silly fetch manifest @smithy/middleware-endpoint@^4.3.12
755 silly packumentCache full:https://registry.npmjs.org/@smithy%2fmiddleware-endpoint cache-miss
756 http fetch GET 200 https://registry.npmjs.org/@smithy%2fhash-stream-node 57ms (cache miss)
757 silly packumentCache full:https://registry.npmjs.org/@smithy%2fhash-stream-node set size:undefined disposed:false
758 silly fetch manifest @smithy/middleware-retry@^4.4.12
759 silly packumentCache full:https://registry.npmjs.org/@smithy%2fmiddleware-retry cache-miss
760 http fetch GET 200 https://registry.npmjs.org/@smithy%2ffetch-http-handler 104ms (cache miss)
761 silly packumentCache full:https://registry.npmjs.org/@smithy%2ffetch-http-handler set size:undefined disposed:false
762 silly fetch manifest @smithy/middleware-serde@^4.2.6
763 silly packumentCache full:https://registry.npmjs.org/@smithy%2fmiddleware-serde cache-miss
764 http fetch GET 200 https://registry.npmjs.org/@smithy%2fmd5-js 80ms (cache miss)
765 silly packumentCache full:https://registry.npmjs.org/@smithy%2fmd5-js set size:undefined disposed:false
766 silly fetch manifest @smithy/middleware-stack@^4.2.5
767 silly packumentCache full:https://registry.npmjs.org/@smithy%2fmiddleware-stack cache-miss
768 http fetch GET 200 https://registry.npmjs.org/@smithy%2fmiddleware-content-length 85ms (cache miss)
769 silly packumentCache full:https://registry.npmjs.org/@smithy%2fmiddleware-content-length set size:undefined disposed:false
770 silly fetch manifest @smithy/node-config-provider@^4.3.5
771 silly packumentCache full:https://registry.npmjs.org/@smithy%2fnode-config-provider cache-miss
772 http fetch GET 200 https://registry.npmjs.org/@smithy%2fhash-node 124ms (cache miss)
773 silly packumentCache full:https://registry.npmjs.org/@smithy%2fhash-node set size:undefined disposed:false
774 silly fetch manifest @smithy/node-http-handler@^4.4.5
775 silly packumentCache full:https://registry.npmjs.org/@smithy%2fnode-http-handler cache-miss
776 http fetch GET 200 https://registry.npmjs.org/@smithy%2fmiddleware-endpoint 116ms (cache miss)
777 silly packumentCache full:https://registry.npmjs.org/@smithy%2fmiddleware-endpoint set size:undefined disposed:false
778 silly fetch manifest @smithy/protocol-http@^5.3.5
779 silly packumentCache full:https://registry.npmjs.org/@smithy%2fprotocol-http cache-miss
780 http fetch GET 200 https://registry.npmjs.org/@smithy%2fmiddleware-serde 108ms (cache miss)
781 silly packumentCache full:https://registry.npmjs.org/@smithy%2fmiddleware-serde set size:undefined disposed:false
782 silly fetch manifest @smithy/smithy-client@^4.9.8
783 silly packumentCache full:https://registry.npmjs.org/@smithy%2fsmithy-client cache-miss
784 http fetch GET 200 https://registry.npmjs.org/@smithy%2fmiddleware-retry 165ms (cache miss)
785 silly packumentCache full:https://registry.npmjs.org/@smithy%2fmiddleware-retry set size:undefined disposed:false
786 silly fetch manifest @smithy/types@^4.9.0
787 silly packumentCache full:https://registry.npmjs.org/@smithy%2ftypes cache-miss
788 http fetch GET 200 https://registry.npmjs.org/@smithy%2fmiddleware-stack 151ms (cache miss)
789 silly packumentCache full:https://registry.npmjs.org/@smithy%2fmiddleware-stack set size:undefined disposed:false
790 silly fetch manifest @smithy/url-parser@^4.2.5
791 silly packumentCache full:https://registry.npmjs.org/@smithy%2furl-parser cache-miss
792 http fetch GET 200 https://registry.npmjs.org/@smithy%2fnode-config-provider 150ms (cache miss)
793 silly packumentCache full:https://registry.npmjs.org/@smithy%2fnode-config-provider set size:undefined disposed:false
794 silly fetch manifest @smithy/util-base64@^4.3.0
795 silly packumentCache full:https://registry.npmjs.org/@smithy%2futil-base64 cache-miss
796 http fetch GET 200 https://registry.npmjs.org/@smithy%2fnode-http-handler 152ms (cache miss)
797 silly packumentCache full:https://registry.npmjs.org/@smithy%2fnode-http-handler set size:undefined disposed:false
798 silly fetch manifest @smithy/util-body-length-browser@^4.2.0
799 silly packumentCache full:https://registry.npmjs.org/@smithy%2futil-body-length-browser cache-miss
800 http fetch GET 200 https://registry.npmjs.org/@smithy%2fprotocol-http 159ms (cache miss)
801 silly packumentCache full:https://registry.npmjs.org/@smithy%2fprotocol-http set size:undefined disposed:false
802 silly fetch manifest @smithy/util-body-length-node@^4.2.1
803 silly packumentCache full:https://registry.npmjs.org/@smithy%2futil-body-length-node cache-miss
804 http fetch GET 200 https://registry.npmjs.org/@smithy%2fsmithy-client 158ms (cache miss)
805 silly packumentCache full:https://registry.npmjs.org/@smithy%2fsmithy-client set size:undefined disposed:false
806 silly fetch manifest @smithy/util-defaults-mode-browser@^4.3.11
807 silly packumentCache full:https://registry.npmjs.org/@smithy%2futil-defaults-mode-browser cache-miss
808 http fetch GET 200 https://registry.npmjs.org/@smithy%2ftypes 140ms (cache miss)
809 silly packumentCache full:https://registry.npmjs.org/@smithy%2ftypes set size:undefined disposed:false
810 silly fetch manifest @smithy/util-defaults-mode-node@^4.2.14
811 silly packumentCache full:https://registry.npmjs.org/@smithy%2futil-defaults-mode-node cache-miss
812 http fetch GET 200 https://registry.npmjs.org/@smithy%2futil-body-length-browser 113ms (cache miss)
813 silly packumentCache full:https://registry.npmjs.org/@smithy%2futil-body-length-browser set size:undefined disposed:false
814 silly fetch manifest @smithy/util-endpoints@^3.2.5
815 silly packumentCache full:https://registry.npmjs.org/@smithy%2futil-endpoints cache-miss
816 http fetch GET 200 https://registry.npmjs.org/@smithy%2furl-parser 161ms (cache miss)
817 silly packumentCache full:https://registry.npmjs.org/@smithy%2furl-parser set size:undefined disposed:false
818 silly fetch manifest @smithy/util-middleware@^4.2.5
819 silly packumentCache full:https://registry.npmjs.org/@smithy%2futil-middleware cache-miss
820 http fetch GET 200 https://registry.npmjs.org/@smithy%2futil-base64 167ms (cache miss)
821 silly packumentCache full:https://registry.npmjs.org/@smithy%2futil-base64 set size:undefined disposed:false
822 silly fetch manifest @smithy/util-retry@^4.2.5
823 silly packumentCache full:https://registry.npmjs.org/@smithy%2futil-retry cache-miss
824 http fetch GET 200 https://registry.npmjs.org/@smithy%2futil-defaults-mode-browser 157ms (cache miss)
825 silly packumentCache full:https://registry.npmjs.org/@smithy%2futil-defaults-mode-browser set size:undefined disposed:false
826 silly fetch manifest @smithy/util-stream@^4.5.6
827 silly packumentCache full:https://registry.npmjs.org/@smithy%2futil-stream cache-miss
828 http fetch GET 200 https://registry.npmjs.org/@smithy%2futil-body-length-node 187ms (cache miss)
829 silly packumentCache full:https://registry.npmjs.org/@smithy%2futil-body-length-node set size:undefined disposed:false
830 silly fetch manifest @smithy/util-utf8@^4.2.0
831 silly packumentCache full:https://registry.npmjs.org/@smithy%2futil-utf8 cache-miss
832 http fetch GET 200 https://registry.npmjs.org/@smithy%2futil-endpoints 125ms (cache miss)
833 silly packumentCache full:https://registry.npmjs.org/@smithy%2futil-endpoints set size:undefined disposed:false
834 silly fetch manifest @smithy/util-waiter@^4.2.5
835 silly packumentCache full:https://registry.npmjs.org/@smithy%2futil-waiter cache-miss
836 http fetch GET 200 https://registry.npmjs.org/@smithy%2futil-middleware 118ms (cache miss)
837 silly packumentCache full:https://registry.npmjs.org/@smithy%2futil-middleware set size:undefined disposed:false
838 silly fetch manifest @aztec/noir-types@3.0.0-devnet.2
839 silly packumentCache full:https://registry.npmjs.org/@aztec%2fnoir-types cache-miss
840 http fetch GET 200 https://registry.npmjs.org/@smithy%2futil-waiter 85ms (cache miss)
841 silly packumentCache full:https://registry.npmjs.org/@smithy%2futil-waiter set size:undefined disposed:false
842 silly fetch manifest @google-cloud/paginator@^5.0.0
843 silly packumentCache full:https://registry.npmjs.org/@google-cloud%2fpaginator cache-miss
844 http fetch GET 200 https://registry.npmjs.org/@smithy%2futil-retry 168ms (cache miss)
845 silly packumentCache full:https://registry.npmjs.org/@smithy%2futil-retry set size:undefined disposed:false
846 silly fetch manifest @google-cloud/projectify@^4.0.0
847 silly packumentCache full:https://registry.npmjs.org/@google-cloud%2fprojectify cache-miss
848 http fetch GET 200 https://registry.npmjs.org/@smithy%2futil-utf8 112ms (cache miss)
849 silly packumentCache full:https://registry.npmjs.org/@smithy%2futil-utf8 set size:undefined disposed:false
850 silly fetch manifest @google-cloud/promisify@<4.1.0
851 silly packumentCache full:https://registry.npmjs.org/@google-cloud%2fpromisify cache-miss
852 http fetch GET 200 https://registry.npmjs.org/@smithy%2futil-stream 126ms (cache miss)
853 silly packumentCache full:https://registry.npmjs.org/@smithy%2futil-stream set size:undefined disposed:false
854 silly fetch manifest abort-controller@^3.0.0
855 silly packumentCache full:https://registry.npmjs.org/abort-controller cache-miss
856 http fetch GET 200 https://registry.npmjs.org/@smithy%2finvalid-dependency 672ms (cache miss)
857 silly packumentCache full:https://registry.npmjs.org/@smithy%2finvalid-dependency set size:undefined disposed:false
858 silly fetch manifest async-retry@^1.3.3
859 silly packumentCache full:https://registry.npmjs.org/async-retry cache-miss
860 http fetch GET 200 https://registry.npmjs.org/abort-controller 69ms (cache miss)
861 silly packumentCache full:https://registry.npmjs.org/abort-controller set size:undefined disposed:false
862 silly fetch manifest duplexify@^4.1.3
863 silly packumentCache full:https://registry.npmjs.org/duplexify cache-miss
864 http fetch GET 200 https://registry.npmjs.org/async-retry 28ms (cache miss)
865 silly packumentCache full:https://registry.npmjs.org/async-retry set size:undefined disposed:false
866 silly fetch manifest fast-xml-parser@^4.4.1
867 silly packumentCache full:https://registry.npmjs.org/fast-xml-parser cache-miss
868 http fetch GET 200 https://registry.npmjs.org/@google-cloud%2fpaginator 142ms (cache miss)
869 silly packumentCache full:https://registry.npmjs.org/@google-cloud%2fpaginator set size:undefined disposed:false
870 silly fetch manifest gaxios@^6.0.2
871 silly packumentCache full:https://registry.npmjs.org/gaxios cache-miss
872 http fetch GET 200 https://registry.npmjs.org/@google-cloud%2fprojectify 145ms (cache miss)
873 silly packumentCache full:https://registry.npmjs.org/@google-cloud%2fprojectify set size:undefined disposed:false
874 silly fetch manifest google-auth-library@^9.6.3
875 silly packumentCache full:https://registry.npmjs.org/google-auth-library cache-miss
876 http fetch GET 200 https://registry.npmjs.org/duplexify 62ms (cache miss)
877 silly packumentCache full:https://registry.npmjs.org/duplexify set size:undefined disposed:false
878 silly fetch manifest html-entities@^2.5.2
879 silly packumentCache full:https://registry.npmjs.org/html-entities cache-miss
880 http fetch GET 200 https://registry.npmjs.org/@google-cloud%2fpromisify 162ms (cache miss)
881 silly packumentCache full:https://registry.npmjs.org/@google-cloud%2fpromisify set size:undefined disposed:false
882 silly fetch manifest mime@^3.0.0
883 silly packumentCache full:https://registry.npmjs.org/mime cache-miss
884 http fetch GET 200 https://registry.npmjs.org/fast-xml-parser 80ms (cache miss)
885 silly packumentCache full:https://registry.npmjs.org/fast-xml-parser set size:undefined disposed:false
886 silly fetch manifest retry-request@^7.0.0
887 silly packumentCache full:https://registry.npmjs.org/retry-request cache-miss
888 http fetch GET 200 https://registry.npmjs.org/gaxios 73ms (cache miss)
889 silly packumentCache full:https://registry.npmjs.org/gaxios set size:undefined disposed:false
890 silly fetch manifest teeny-request@^9.0.0
891 silly packumentCache full:https://registry.npmjs.org/teeny-request cache-miss
892 http fetch GET 200 https://registry.npmjs.org/google-auth-library 81ms (cache miss)
893 silly packumentCache full:https://registry.npmjs.org/google-auth-library set size:undefined disposed:false
894 silly fetch manifest uuid@^8.0.0
895 silly packumentCache full:https://registry.npmjs.org/uuid cache-miss
896 http fetch GET 200 https://registry.npmjs.org/html-entities 73ms (cache miss)
897 silly packumentCache full:https://registry.npmjs.org/html-entities set size:undefined disposed:false
898 http fetch GET 200 https://registry.npmjs.org/mime 71ms (cache miss)
899 silly packumentCache full:https://registry.npmjs.org/mime set size:undefined disposed:false
900 http fetch GET 200 https://registry.npmjs.org/uuid 35ms (cache miss)
901 silly packumentCache full:https://registry.npmjs.org/uuid set size:undefined disposed:false
902 http fetch GET 200 https://registry.npmjs.org/retry-request 78ms (cache miss)
903 silly packumentCache full:https://registry.npmjs.org/retry-request set size:undefined disposed:false
904 http fetch GET 200 https://registry.npmjs.org/teeny-request 78ms (cache miss)
905 silly packumentCache full:https://registry.npmjs.org/teeny-request set size:undefined disposed:false
906 http fetch GET 200 https://registry.npmjs.org/@smithy%2futil-defaults-mode-node 691ms (cache miss)
907 silly packumentCache full:https://registry.npmjs.org/@smithy%2futil-defaults-mode-node set size:undefined disposed:false
908 http fetch GET 200 https://registry.npmjs.org/@aztec%2fnoir-types 1299ms (cache miss)
909 silly packumentCache full:https://registry.npmjs.org/@aztec%2fnoir-types set size:undefined disposed:false
910 silly fetch manifest aws-crt@>=1.0.0
911 silly packumentCache full:https://registry.npmjs.org/aws-crt cache-miss
912 http fetch GET 200 https://registry.npmjs.org/aws-crt 67ms (cache miss)
913 silly packumentCache full:https://registry.npmjs.org/aws-crt set size:undefined disposed:false
914 silly placeDep ROOT @aws-crypto/sha1-browser@5.2.0 OK for: @aws-sdk/client-s3@3.936.0 want: 5.2.0
915 silly placeDep ROOT @aws-crypto/sha256-browser@5.2.0 OK for: @aws-sdk/client-s3@3.936.0 want: 5.2.0
916 silly placeDep ROOT @aws-crypto/sha256-js@5.2.0 OK for: @aws-sdk/client-s3@3.936.0 want: 5.2.0
917 silly placeDep ROOT @aws-sdk/core@3.936.0 OK for: @aws-sdk/client-s3@3.936.0 want: 3.936.0
918 silly placeDep ROOT @aws-sdk/credential-provider-node@3.936.0 OK for: @aws-sdk/client-s3@3.936.0 want: 3.936.0
919 silly placeDep ROOT @aws-sdk/middleware-bucket-endpoint@3.936.0 OK for: @aws-sdk/client-s3@3.936.0 want: 3.936.0
920 silly placeDep ROOT @aws-sdk/middleware-expect-continue@3.936.0 OK for: @aws-sdk/client-s3@3.936.0 want: 3.936.0
921 silly placeDep ROOT @aws-sdk/middleware-flexible-checksums@3.936.0 OK for: @aws-sdk/client-s3@3.936.0 want: 3.936.0
922 silly placeDep ROOT @aws-sdk/middleware-host-header@3.936.0 OK for: @aws-sdk/client-s3@3.936.0 want: 3.936.0
923 silly placeDep ROOT @aws-sdk/middleware-location-constraint@3.936.0 OK for: @aws-sdk/client-s3@3.936.0 want: 3.936.0
924 silly placeDep ROOT @aws-sdk/middleware-logger@3.936.0 OK for: @aws-sdk/client-s3@3.936.0 want: 3.936.0
925 silly placeDep ROOT @aws-sdk/middleware-recursion-detection@3.936.0 OK for: @aws-sdk/client-s3@3.936.0 want: 3.936.0
926 silly placeDep ROOT @aws-sdk/middleware-sdk-s3@3.936.0 OK for: @aws-sdk/client-s3@3.936.0 want: 3.936.0
927 silly placeDep ROOT @aws-sdk/middleware-ssec@3.936.0 OK for: @aws-sdk/client-s3@3.936.0 want: 3.936.0
928 silly placeDep ROOT @aws-sdk/middleware-user-agent@3.936.0 OK for: @aws-sdk/client-s3@3.936.0 want: 3.936.0
929 silly placeDep ROOT @aws-sdk/region-config-resolver@3.936.0 OK for: @aws-sdk/client-s3@3.936.0 want: 3.936.0
930 silly placeDep ROOT @aws-sdk/signature-v4-multi-region@3.936.0 OK for: @aws-sdk/client-s3@3.936.0 want: 3.936.0
931 silly placeDep ROOT @aws-sdk/types@3.936.0 OK for: @aws-sdk/client-s3@3.936.0 want: 3.936.0
932 silly placeDep ROOT @aws-sdk/util-endpoints@3.936.0 OK for: @aws-sdk/client-s3@3.936.0 want: 3.936.0
933 silly placeDep ROOT @aws-sdk/util-user-agent-browser@3.936.0 OK for: @aws-sdk/client-s3@3.936.0 want: 3.936.0
934 silly placeDep ROOT @aws-sdk/util-user-agent-node@3.936.0 OK for: @aws-sdk/client-s3@3.936.0 want: 3.936.0
935 silly placeDep ROOT @smithy/config-resolver@4.4.3 OK for: @aws-sdk/client-s3@3.936.0 want: ^4.4.3
936 silly placeDep ROOT @smithy/core@3.18.5 OK for: @aws-sdk/client-s3@3.936.0 want: ^3.18.5
937 silly placeDep ROOT @smithy/eventstream-serde-browser@4.2.5 OK for: @aws-sdk/client-s3@3.936.0 want: ^4.2.5
938 silly placeDep ROOT @smithy/eventstream-serde-config-resolver@4.3.5 OK for: @aws-sdk/client-s3@3.936.0 want: ^4.3.5
939 silly placeDep ROOT @smithy/eventstream-serde-node@4.2.5 OK for: @aws-sdk/client-s3@3.936.0 want: ^4.2.5
940 silly placeDep ROOT @smithy/fetch-http-handler@5.3.6 OK for: @aws-sdk/client-s3@3.936.0 want: ^5.3.6
941 silly placeDep ROOT @smithy/hash-blob-browser@4.2.6 OK for: @aws-sdk/client-s3@3.936.0 want: ^4.2.6
942 silly placeDep ROOT @smithy/hash-node@4.2.5 OK for: @aws-sdk/client-s3@3.936.0 want: ^4.2.5
943 silly placeDep ROOT @smithy/hash-stream-node@4.2.5 OK for: @aws-sdk/client-s3@3.936.0 want: ^4.2.5
944 silly placeDep ROOT @smithy/invalid-dependency@4.2.5 OK for: @aws-sdk/client-s3@3.936.0 want: ^4.2.5
945 silly placeDep ROOT @smithy/md5-js@4.2.5 OK for: @aws-sdk/client-s3@3.936.0 want: ^4.2.5
946 silly placeDep ROOT @smithy/middleware-content-length@4.2.5 OK for: @aws-sdk/client-s3@3.936.0 want: ^4.2.5
947 silly placeDep ROOT @smithy/middleware-endpoint@4.3.12 OK for: @aws-sdk/client-s3@3.936.0 want: ^4.3.12
948 silly placeDep ROOT @smithy/middleware-retry@4.4.12 OK for: @aws-sdk/client-s3@3.936.0 want: ^4.4.12
949 silly placeDep ROOT @smithy/middleware-serde@4.2.6 OK for: @aws-sdk/client-s3@3.936.0 want: ^4.2.6
950 silly placeDep ROOT @smithy/middleware-stack@4.2.5 OK for: @aws-sdk/client-s3@3.936.0 want: ^4.2.5
951 silly placeDep ROOT @smithy/node-config-provider@4.3.5 OK for: @aws-sdk/client-s3@3.936.0 want: ^4.3.5
952 silly placeDep ROOT @smithy/node-http-handler@4.4.5 OK for: @aws-sdk/client-s3@3.936.0 want: ^4.4.5
953 silly placeDep ROOT @smithy/protocol-http@5.3.5 OK for: @aws-sdk/client-s3@3.936.0 want: ^5.3.5
954 silly placeDep ROOT @smithy/smithy-client@4.9.8 OK for: @aws-sdk/client-s3@3.936.0 want: ^4.9.8
955 silly placeDep ROOT @smithy/types@4.9.0 OK for: @aws-sdk/client-s3@3.936.0 want: ^4.9.0
956 silly placeDep ROOT @smithy/url-parser@4.2.5 OK for: @aws-sdk/client-s3@3.936.0 want: ^4.2.5
957 silly placeDep ROOT @smithy/util-base64@4.3.0 OK for: @aws-sdk/client-s3@3.936.0 want: ^4.3.0
958 silly placeDep ROOT @smithy/util-body-length-browser@4.2.0 OK for: @aws-sdk/client-s3@3.936.0 want: ^4.2.0
959 silly placeDep ROOT @smithy/util-body-length-node@4.2.1 OK for: @aws-sdk/client-s3@3.936.0 want: ^4.2.1
960 silly placeDep ROOT @smithy/util-defaults-mode-browser@4.3.11 OK for: @aws-sdk/client-s3@3.936.0 want: ^4.3.11
961 silly placeDep ROOT @smithy/util-defaults-mode-node@4.2.14 OK for: @aws-sdk/client-s3@3.936.0 want: ^4.2.14
962 silly placeDep ROOT @smithy/util-endpoints@3.2.5 OK for: @aws-sdk/client-s3@3.936.0 want: ^3.2.5
963 silly placeDep ROOT @smithy/util-middleware@4.2.5 OK for: @aws-sdk/client-s3@3.936.0 want: ^4.2.5
964 silly placeDep ROOT @smithy/util-retry@4.2.5 OK for: @aws-sdk/client-s3@3.936.0 want: ^4.2.5
965 silly placeDep ROOT @smithy/util-stream@4.5.6 OK for: @aws-sdk/client-s3@3.936.0 want: ^4.5.6
966 silly placeDep ROOT @smithy/util-utf8@4.2.0 OK for: @aws-sdk/client-s3@3.936.0 want: ^4.2.0
967 silly placeDep ROOT @smithy/util-waiter@4.2.5 OK for: @aws-sdk/client-s3@3.936.0 want: ^4.2.5
968 silly fetch manifest @aws-sdk/types@^3.222.0
969 silly packumentCache full:https://registry.npmjs.org/@aws-sdk%2ftypes cache-miss
970 silly fetch manifest @aws-crypto/util@^5.2.0
971 silly packumentCache full:https://registry.npmjs.org/@aws-crypto%2futil cache-miss
972 silly fetch manifest @smithy/util-utf8@^2.0.0
973 silly packumentCache full:https://registry.npmjs.org/@smithy%2futil-utf8 cache-miss
974 silly fetch manifest @aws-sdk/util-locate-window@^3.0.0
975 silly packumentCache full:https://registry.npmjs.org/@aws-sdk%2futil-locate-window cache-miss
976 silly fetch manifest @aws-crypto/supports-web-crypto@^5.2.0
977 silly packumentCache full:https://registry.npmjs.org/@aws-crypto%2fsupports-web-crypto cache-miss
978 silly fetch manifest @aws-sdk/types@^3.222.0
979 silly packumentCache full:https://registry.npmjs.org/@aws-sdk%2ftypes cache-miss
980 silly fetch manifest @aws-crypto/util@^5.2.0
981 silly packumentCache full:https://registry.npmjs.org/@aws-crypto%2futil cache-miss
982 http cache https://registry.npmjs.org/@aws-sdk%2ftypes 5ms (cache hit)
983 silly packumentCache full:https://registry.npmjs.org/@aws-sdk%2ftypes set size:481308 disposed:false
984 silly fetch manifest @smithy/util-utf8@^2.0.0
985 silly packumentCache full:https://registry.npmjs.org/@smithy%2futil-utf8 cache-miss
986 http cache https://registry.npmjs.org/@smithy%2futil-utf8 7ms (cache hit)
987 silly packumentCache full:https://registry.npmjs.org/@smithy%2futil-utf8 set size:44673 disposed:false
988 silly fetch manifest @aws-crypto/sha256-js@^5.2.0
989 silly packumentCache full:https://registry.npmjs.org/@aws-crypto%2fsha256-js cache-miss
990 http cache https://registry.npmjs.org/@aws-sdk%2ftypes 8ms (cache hit)
991 silly packumentCache full:https://registry.npmjs.org/@aws-sdk%2ftypes set size:481308 disposed:false
992 silly packumentCache full:https://registry.npmjs.org/@aws-sdk%2ftypes dispose
993 silly fetch manifest @aws-sdk/util-locate-window@^3.0.0
994 silly packumentCache full:https://registry.npmjs.org/@aws-sdk%2futil-locate-window cache-miss
995 http cache https://registry.npmjs.org/@smithy%2futil-utf8 4ms (cache hit)
996 silly packumentCache full:https://registry.npmjs.org/@smithy%2futil-utf8 set size:44673 disposed:false
997 silly packumentCache full:https://registry.npmjs.org/@smithy%2futil-utf8 dispose
998 silly fetch manifest @aws-crypto/supports-web-crypto@^5.2.0
999 silly packumentCache full:https://registry.npmjs.org/@aws-crypto%2fsupports-web-crypto cache-miss
1000 http cache https://registry.npmjs.org/@aws-crypto%2fsha256-js 4ms (cache hit)
1001 silly packumentCache full:https://registry.npmjs.org/@aws-crypto%2fsha256-js set size:54628 disposed:false
1002 silly fetch manifest @aws-crypto/util@^5.2.0
1003 silly packumentCache full:https://registry.npmjs.org/@aws-crypto%2futil cache-miss
1004 http fetch GET 200 https://registry.npmjs.org/@aws-crypto%2futil 79ms (cache miss)
1005 silly packumentCache full:https://registry.npmjs.org/@aws-crypto%2futil set size:undefined disposed:false
1006 silly fetch manifest @aws-sdk/xml-builder@3.930.0
1007 silly packumentCache full:https://registry.npmjs.org/@aws-sdk%2fxml-builder cache-miss
1008 http fetch GET 200 https://registry.npmjs.org/@aws-crypto%2futil 79ms (cache miss)
1009 silly packumentCache full:https://registry.npmjs.org/@aws-crypto%2futil set size:undefined disposed:false
1010 silly fetch manifest @smithy/property-provider@^4.2.5
1011 silly packumentCache full:https://registry.npmjs.org/@smithy%2fproperty-provider cache-miss
1012 http fetch GET 200 https://registry.npmjs.org/@aws-crypto%2futil 77ms (cache miss)
1013 silly packumentCache full:https://registry.npmjs.org/@aws-crypto%2futil set size:undefined disposed:false
1014 silly fetch manifest @smithy/signature-v4@^5.3.5
1015 silly packumentCache full:https://registry.npmjs.org/@smithy%2fsignature-v4 cache-miss
1016 http fetch GET 200 https://registry.npmjs.org/@aws-sdk%2futil-locate-window 106ms (cache miss)
1017 silly packumentCache full:https://registry.npmjs.org/@aws-sdk%2futil-locate-window set size:undefined disposed:false
1018 silly fetch manifest @aws-sdk/credential-provider-env@3.936.0
1019 silly packumentCache full:https://registry.npmjs.org/@aws-sdk%2fcredential-provider-env cache-miss
1020 http fetch GET 200 https://registry.npmjs.org/@aws-sdk%2futil-locate-window 117ms (cache miss)
1021 silly packumentCache full:https://registry.npmjs.org/@aws-sdk%2futil-locate-window set size:undefined disposed:false
1022 silly fetch manifest @aws-sdk/credential-provider-http@3.936.0
1023 silly packumentCache full:https://registry.npmjs.org/@aws-sdk%2fcredential-provider-http cache-miss
1024 http fetch GET 200 https://registry.npmjs.org/@aws-crypto%2fsupports-web-crypto 133ms (cache miss)
1025 silly packumentCache full:https://registry.npmjs.org/@aws-crypto%2fsupports-web-crypto set size:undefined disposed:false
1026 silly fetch manifest @aws-sdk/credential-provider-ini@3.936.0
1027 silly packumentCache full:https://registry.npmjs.org/@aws-sdk%2fcredential-provider-ini cache-miss
1028 http fetch GET 200 https://registry.npmjs.org/@aws-crypto%2fsupports-web-crypto 125ms (cache miss)
1029 silly packumentCache full:https://registry.npmjs.org/@aws-crypto%2fsupports-web-crypto set size:undefined disposed:false
1030 silly fetch manifest @aws-sdk/credential-provider-process@3.936.0
1031 silly packumentCache full:https://registry.npmjs.org/@aws-sdk%2fcredential-provider-process cache-miss
1032 http fetch GET 200 https://registry.npmjs.org/@smithy%2fproperty-provider 100ms (cache miss)
1033 silly packumentCache full:https://registry.npmjs.org/@smithy%2fproperty-provider set size:undefined disposed:false
1034 silly fetch manifest @aws-sdk/credential-provider-sso@3.936.0
1035 silly packumentCache full:https://registry.npmjs.org/@aws-sdk%2fcredential-provider-sso cache-miss
1036 http fetch GET 200 https://registry.npmjs.org/@aws-sdk%2fxml-builder 117ms (cache miss)
1037 silly packumentCache full:https://registry.npmjs.org/@aws-sdk%2fxml-builder set size:undefined disposed:false
1038 silly fetch manifest @aws-sdk/credential-provider-web-identity@3.936.0
1039 silly packumentCache full:https://registry.npmjs.org/@aws-sdk%2fcredential-provider-web-identity cache-miss
1040 http fetch GET 200 https://registry.npmjs.org/@smithy%2fsignature-v4 173ms (cache miss)
1041 silly packumentCache full:https://registry.npmjs.org/@smithy%2fsignature-v4 set size:undefined disposed:false
1042 silly fetch manifest @smithy/credential-provider-imds@^4.2.5
1043 silly packumentCache full:https://registry.npmjs.org/@smithy%2fcredential-provider-imds cache-miss
1044 http fetch GET 200 https://registry.npmjs.org/@aws-sdk%2fcredential-provider-http 167ms (cache miss)
1045 silly packumentCache full:https://registry.npmjs.org/@aws-sdk%2fcredential-provider-http set size:undefined disposed:false
1046 silly fetch manifest @smithy/shared-ini-file-loader@^4.4.0
1047 silly packumentCache full:https://registry.npmjs.org/@smithy%2fshared-ini-file-loader cache-miss
1048 http fetch GET 200 https://registry.npmjs.org/@aws-sdk%2fcredential-provider-ini 156ms (cache miss)
1049 silly packumentCache full:https://registry.npmjs.org/@aws-sdk%2fcredential-provider-ini set size:undefined disposed:false
1050 silly fetch manifest @aws-sdk/util-arn-parser@3.893.0
1051 silly packumentCache full:https://registry.npmjs.org/@aws-sdk%2futil-arn-parser cache-miss
1052 http fetch GET 200 https://registry.npmjs.org/@aws-sdk%2fcredential-provider-env 178ms (cache miss)
1053 silly packumentCache full:https://registry.npmjs.org/@aws-sdk%2fcredential-provider-env set size:undefined disposed:false
1054 silly fetch manifest @smithy/util-config-provider@^4.2.0
1055 silly packumentCache full:https://registry.npmjs.org/@smithy%2futil-config-provider cache-miss
1056 http fetch GET 200 https://registry.npmjs.org/@aws-sdk%2fcredential-provider-sso 118ms (cache miss)
1057 silly packumentCache full:https://registry.npmjs.org/@aws-sdk%2fcredential-provider-sso set size:undefined disposed:false
1058 silly fetch manifest @aws-crypto/crc32@5.2.0
1059 silly packumentCache full:https://registry.npmjs.org/@aws-crypto%2fcrc32 cache-miss
1060 http fetch GET 200 https://registry.npmjs.org/@aws-sdk%2fcredential-provider-web-identity 139ms (cache miss)
1061 silly packumentCache full:https://registry.npmjs.org/@aws-sdk%2fcredential-provider-web-identity set size:undefined disposed:false
1062 silly fetch manifest @aws-crypto/crc32c@5.2.0
1063 silly packumentCache full:https://registry.npmjs.org/@aws-crypto%2fcrc32c cache-miss
1064 http fetch GET 200 https://registry.npmjs.org/@aws-sdk%2futil-arn-parser 48ms (cache miss)
1065 silly packumentCache full:https://registry.npmjs.org/@aws-sdk%2futil-arn-parser set size:undefined disposed:false
1066 silly fetch manifest @aws-crypto/util@5.2.0
1067 silly packumentCache full:https://registry.npmjs.org/@aws-crypto%2futil cache-miss
1068 http cache https://registry.npmjs.org/@aws-crypto%2futil 2ms (cache hit)
1069 silly packumentCache full:https://registry.npmjs.org/@aws-crypto%2futil set size:30876 disposed:false
1070 silly fetch manifest @smithy/is-array-buffer@^4.2.0
1071 silly packumentCache full:https://registry.npmjs.org/@smithy%2fis-array-buffer cache-miss
1072 http fetch GET 200 https://registry.npmjs.org/@aws-crypto%2fcrc32c 40ms (cache miss)
1073 silly packumentCache full:https://registry.npmjs.org/@aws-crypto%2fcrc32c set size:undefined disposed:false
1074 silly fetch manifest @aws/lambda-invoke-store@^0.2.0
1075 silly packumentCache full:https://registry.npmjs.org/@aws%2flambda-invoke-store cache-miss
1076 http fetch GET 200 https://registry.npmjs.org/@aws-sdk%2fcredential-provider-process 247ms (cache miss)
1077 silly packumentCache full:https://registry.npmjs.org/@aws-sdk%2fcredential-provider-process set size:undefined disposed:false
1078 silly fetch manifest @smithy/util-config-provider@^4.2.0
1079 silly packumentCache full:https://registry.npmjs.org/@smithy%2futil-config-provider cache-miss
1080 http fetch GET 200 https://registry.npmjs.org/@smithy%2fshared-ini-file-loader 108ms (cache miss)
1081 silly packumentCache full:https://registry.npmjs.org/@smithy%2fshared-ini-file-loader set size:undefined disposed:false
1082 silly fetch manifest bowser@^2.11.0
1083 silly packumentCache full:https://registry.npmjs.org/bowser cache-miss
1084 http fetch GET 200 https://registry.npmjs.org/@smithy%2fcredential-provider-imds 150ms (cache miss)
1085 silly packumentCache full:https://registry.npmjs.org/@smithy%2fcredential-provider-imds set size:undefined disposed:false
1086 silly fetch manifest @smithy/util-config-provider@^4.2.0
1087 silly packumentCache full:https://registry.npmjs.org/@smithy%2futil-config-provider cache-miss
1088 http fetch GET 200 https://registry.npmjs.org/@aws-crypto%2fcrc32 129ms (cache miss)
1089 silly packumentCache full:https://registry.npmjs.org/@aws-crypto%2fcrc32 set size:undefined disposed:false
1090 silly fetch manifest @smithy/uuid@^1.1.0
1091 silly packumentCache full:https://registry.npmjs.org/@smithy%2fuuid cache-miss
1092 http fetch GET 200 https://registry.npmjs.org/@smithy%2futil-config-provider 155ms (cache miss)
1093 silly packumentCache full:https://registry.npmjs.org/@smithy%2futil-config-provider set size:undefined disposed:false
1094 silly fetch manifest @smithy/eventstream-serde-universal@^4.2.5
1095 silly packumentCache full:https://registry.npmjs.org/@smithy%2feventstream-serde-universal cache-miss
1096 http fetch GET 200 https://registry.npmjs.org/@smithy%2futil-config-provider 67ms (cache miss)
1097 silly packumentCache full:https://registry.npmjs.org/@smithy%2futil-config-provider set size:undefined disposed:false
1098 silly fetch manifest @smithy/eventstream-serde-universal@^4.2.5
1099 silly packumentCache full:https://registry.npmjs.org/@smithy%2feventstream-serde-universal cache-miss
1100 http fetch GET 200 https://registry.npmjs.org/@smithy%2futil-config-provider 40ms (cache miss)
1101 silly packumentCache full:https://registry.npmjs.org/@smithy%2futil-config-provider set size:undefined disposed:false
1102 silly fetch manifest @smithy/querystring-builder@^4.2.5
1103 silly packumentCache full:https://registry.npmjs.org/@smithy%2fquerystring-builder cache-miss
1104 http fetch GET 200 https://registry.npmjs.org/bowser 74ms (cache miss)
1105 silly packumentCache full:https://registry.npmjs.org/bowser set size:undefined disposed:false
1106 silly fetch manifest @smithy/chunked-blob-reader@^5.2.0
1107 silly packumentCache full:https://registry.npmjs.org/@smithy%2fchunked-blob-reader cache-miss
1108 http fetch GET 200 https://registry.npmjs.org/@smithy%2fis-array-buffer 144ms (cache miss)
1109 silly packumentCache full:https://registry.npmjs.org/@smithy%2fis-array-buffer set size:undefined disposed:false
1110 silly fetch manifest @smithy/chunked-blob-reader-native@^4.2.1
1111 silly packumentCache full:https://registry.npmjs.org/@smithy%2fchunked-blob-reader-native cache-miss
1112 http fetch GET 200 https://registry.npmjs.org/@smithy%2fchunked-blob-reader 50ms (cache miss)
1113 silly packumentCache full:https://registry.npmjs.org/@smithy%2fchunked-blob-reader set size:undefined disposed:false
1114 silly fetch manifest @smithy/util-buffer-from@^4.2.0
1115 silly packumentCache full:https://registry.npmjs.org/@smithy%2futil-buffer-from cache-miss
1116 http fetch GET 200 https://registry.npmjs.org/@smithy%2fchunked-blob-reader-native 43ms (cache miss)
1117 silly packumentCache full:https://registry.npmjs.org/@smithy%2fchunked-blob-reader-native set size:undefined disposed:false
1118 silly fetch manifest @smithy/service-error-classification@^4.2.5
1119 silly packumentCache full:https://registry.npmjs.org/@smithy%2fservice-error-classification cache-miss
1120 http fetch GET 200 https://registry.npmjs.org/@smithy%2feventstream-serde-universal 83ms (cache miss)
1121 silly packumentCache full:https://registry.npmjs.org/@smithy%2feventstream-serde-universal set size:undefined disposed:false
1122 silly fetch manifest @smithy/uuid@^1.1.0
1123 silly packumentCache full:https://registry.npmjs.org/@smithy%2fuuid cache-miss
1124 http fetch GET 200 https://registry.npmjs.org/@aws%2flambda-invoke-store 158ms (cache miss)
1125 silly packumentCache full:https://registry.npmjs.org/@aws%2flambda-invoke-store set size:undefined disposed:false
1126 silly fetch manifest @smithy/abort-controller@^4.2.5
1127 silly packumentCache full:https://registry.npmjs.org/@smithy%2fabort-controller cache-miss
1128 http fetch GET 200 https://registry.npmjs.org/@smithy%2feventstream-serde-universal 88ms (cache miss)
1129 silly packumentCache full:https://registry.npmjs.org/@smithy%2feventstream-serde-universal set size:undefined disposed:false
1130 silly fetch manifest @smithy/querystring-builder@^4.2.5
1131 silly packumentCache full:https://registry.npmjs.org/@smithy%2fquerystring-builder cache-miss
1132 http fetch GET 200 https://registry.npmjs.org/@smithy%2fuuid 142ms (cache miss)
1133 silly packumentCache full:https://registry.npmjs.org/@smithy%2fuuid set size:undefined disposed:false
1134 silly fetch manifest @smithy/querystring-parser@^4.2.5
1135 silly packumentCache full:https://registry.npmjs.org/@smithy%2fquerystring-parser cache-miss
1136 http fetch GET 200 https://registry.npmjs.org/@smithy%2fuuid 38ms (cache miss)
1137 silly packumentCache full:https://registry.npmjs.org/@smithy%2fuuid set size:undefined disposed:false
1138 silly fetch manifest @smithy/util-buffer-from@^4.2.0
1139 silly packumentCache full:https://registry.npmjs.org/@smithy%2futil-buffer-from cache-miss
1140 http fetch GET 200 https://registry.npmjs.org/@smithy%2fquerystring-builder 167ms (cache miss)
1141 silly packumentCache full:https://registry.npmjs.org/@smithy%2fquerystring-builder set size:undefined disposed:false
1142 silly fetch manifest @smithy/service-error-classification@^4.2.5
1143 silly packumentCache full:https://registry.npmjs.org/@smithy%2fservice-error-classification cache-miss
1144 http fetch GET 200 https://registry.npmjs.org/@smithy%2fquerystring-builder 84ms (cache miss)
1145 silly packumentCache full:https://registry.npmjs.org/@smithy%2fquerystring-builder set size:undefined disposed:false
1146 silly fetch manifest @smithy/util-buffer-from@^4.2.0
1147 silly packumentCache full:https://registry.npmjs.org/@smithy%2futil-buffer-from cache-miss
1148 http fetch GET 200 https://registry.npmjs.org/@smithy%2futil-buffer-from 119ms (cache miss)
1149 silly packumentCache full:https://registry.npmjs.org/@smithy%2futil-buffer-from set size:undefined disposed:false
1150 silly fetch manifest @smithy/util-hex-encoding@^4.2.0
1151 silly packumentCache full:https://registry.npmjs.org/@smithy%2futil-hex-encoding cache-miss
1152 http fetch GET 200 https://registry.npmjs.org/@smithy%2fabort-controller 119ms (cache miss)
1153 silly packumentCache full:https://registry.npmjs.org/@smithy%2fabort-controller set size:undefined disposed:false
1154 http fetch GET 200 https://registry.npmjs.org/@smithy%2futil-buffer-from 87ms (cache miss)
1155 silly packumentCache full:https://registry.npmjs.org/@smithy%2futil-buffer-from set size:undefined disposed:false
1156 http fetch GET 200 https://registry.npmjs.org/@smithy%2fservice-error-classification 46ms (cache miss)
1157 silly packumentCache full:https://registry.npmjs.org/@smithy%2fservice-error-classification set size:undefined disposed:false
1158 http fetch GET 200 https://registry.npmjs.org/@smithy%2fservice-error-classification 137ms (cache miss)
1159 silly packumentCache full:https://registry.npmjs.org/@smithy%2fservice-error-classification set size:undefined disposed:false
1160 http fetch GET 200 https://registry.npmjs.org/@smithy%2futil-buffer-from 56ms (cache miss)
1161 silly packumentCache full:https://registry.npmjs.org/@smithy%2futil-buffer-from set size:undefined disposed:false
1162 http fetch GET 200 https://registry.npmjs.org/@smithy%2fquerystring-parser 111ms (cache miss)
1163 silly packumentCache full:https://registry.npmjs.org/@smithy%2fquerystring-parser set size:undefined disposed:false
1164 http fetch GET 200 https://registry.npmjs.org/@smithy%2futil-hex-encoding 118ms (cache miss)
1165 silly packumentCache full:https://registry.npmjs.org/@smithy%2futil-hex-encoding set size:undefined disposed:false
1166 silly placeDep ROOT @aws-crypto/supports-web-crypto@5.2.0 OK for: @aws-crypto/sha1-browser@5.2.0 want: ^5.2.0
1167 silly placeDep ROOT @aws-crypto/util@5.2.0 OK for: @aws-crypto/sha1-browser@5.2.0 want: ^5.2.0
1168 silly placeDep ROOT @aws-sdk/util-locate-window@3.893.0 OK for: @aws-crypto/sha1-browser@5.2.0 want: ^3.0.0
1169 silly placeDep node_modules/@aws-crypto/sha1-browser @smithy/util-utf8@2.3.0 OK for: @aws-crypto/sha1-browser@5.2.0 want: ^2.0.0
1170 silly fetch manifest @smithy/util-buffer-from@^2.2.0
1171 silly packumentCache full:https://registry.npmjs.org/@smithy%2futil-buffer-from cache-miss
1172 http cache https://registry.npmjs.org/@smithy%2futil-buffer-from 2ms (cache hit)
1173 silly packumentCache full:https://registry.npmjs.org/@smithy%2futil-buffer-from set size:37874 disposed:false
1174 silly placeDep node_modules/@aws-crypto/sha256-browser @smithy/util-utf8@2.3.0 OK for: @aws-crypto/sha256-browser@5.2.0 want: ^2.0.0
1175 silly placeDep node_modules/@aws-crypto/util @smithy/util-utf8@2.3.0 OK for: @aws-crypto/util@5.2.0 want: ^2.0.0
1176 silly placeDep ROOT @aws-sdk/xml-builder@3.930.0 OK for: @aws-sdk/core@3.936.0 want: 3.930.0
1177 silly placeDep ROOT @smithy/property-provider@4.2.5 OK for: @aws-sdk/core@3.936.0 want: ^4.2.5
1178 silly placeDep ROOT @smithy/signature-v4@5.3.5 OK for: @aws-sdk/core@3.936.0 want: ^5.3.5
1179 silly fetch manifest fast-xml-parser@5.2.5
1180 silly packumentCache full:https://registry.npmjs.org/fast-xml-parser cache-miss
1181 silly fetch manifest @smithy/util-uri-escape@^4.2.0
1182 silly packumentCache full:https://registry.npmjs.org/@smithy%2futil-uri-escape cache-miss
1183 http cache https://registry.npmjs.org/fast-xml-parser 3ms (cache hit)
1184 silly packumentCache full:https://registry.npmjs.org/fast-xml-parser set size:503815 disposed:false
1185 http fetch GET 200 https://registry.npmjs.org/@smithy%2futil-uri-escape 191ms (cache miss)
1186 silly packumentCache full:https://registry.npmjs.org/@smithy%2futil-uri-escape set size:undefined disposed:false
1187 silly placeDep ROOT @aws-sdk/credential-provider-env@3.936.0 OK for: @aws-sdk/credential-provider-node@3.936.0 want: 3.936.0
1188 silly placeDep ROOT @aws-sdk/credential-provider-http@3.936.0 OK for: @aws-sdk/credential-provider-node@3.936.0 want: 3.936.0
1189 silly placeDep ROOT @aws-sdk/credential-provider-ini@3.936.0 OK for: @aws-sdk/credential-provider-node@3.936.0 want: 3.936.0
1190 silly placeDep ROOT @aws-sdk/credential-provider-process@3.936.0 OK for: @aws-sdk/credential-provider-node@3.936.0 want: 3.936.0
1191 silly placeDep ROOT @aws-sdk/credential-provider-sso@3.936.0 OK for: @aws-sdk/credential-provider-node@3.936.0 want: 3.936.0
1192 silly placeDep ROOT @aws-sdk/credential-provider-web-identity@3.936.0 OK for: @aws-sdk/credential-provider-node@3.936.0 want: 3.936.0
1193 silly placeDep ROOT @smithy/credential-provider-imds@4.2.5 OK for: @aws-sdk/credential-provider-node@3.936.0 want: ^4.2.5
1194 silly placeDep ROOT @smithy/shared-ini-file-loader@4.4.0 OK for: @aws-sdk/credential-provider-node@3.936.0 want: ^4.4.0
1195 silly fetch manifest @aws-sdk/credential-provider-login@3.936.0
1196 silly packumentCache full:https://registry.npmjs.org/@aws-sdk%2fcredential-provider-login cache-miss
1197 silly fetch manifest @aws-sdk/nested-clients@3.936.0
1198 silly packumentCache full:https://registry.npmjs.org/@aws-sdk%2fnested-clients cache-miss
1199 silly fetch manifest @aws-sdk/client-sso@3.936.0
1200 silly packumentCache full:https://registry.npmjs.org/@aws-sdk%2fclient-sso cache-miss
1201 silly fetch manifest @aws-sdk/token-providers@3.936.0
1202 silly packumentCache full:https://registry.npmjs.org/@aws-sdk%2ftoken-providers cache-miss
1203 silly fetch manifest @aws-sdk/nested-clients@3.936.0
1204 silly packumentCache full:https://registry.npmjs.org/@aws-sdk%2fnested-clients cache-miss
1205 http fetch GET 200 https://registry.npmjs.org/@aws-sdk%2fcredential-provider-login 109ms (cache miss)
1206 silly packumentCache full:https://registry.npmjs.org/@aws-sdk%2fcredential-provider-login set size:undefined disposed:false
1207 http fetch GET 200 https://registry.npmjs.org/@aws-sdk%2fnested-clients 124ms (cache miss)
1208 silly packumentCache full:https://registry.npmjs.org/@aws-sdk%2fnested-clients set size:undefined disposed:false
1209 http fetch GET 200 https://registry.npmjs.org/@aws-sdk%2fclient-sso 130ms (cache miss)
1210 silly packumentCache full:https://registry.npmjs.org/@aws-sdk%2fclient-sso set size:undefined disposed:false
1211 http fetch GET 200 https://registry.npmjs.org/@aws-sdk%2fnested-clients 139ms (cache miss)
1212 silly packumentCache full:https://registry.npmjs.org/@aws-sdk%2fnested-clients set size:undefined disposed:false
1213 http fetch GET 200 https://registry.npmjs.org/@aws-sdk%2ftoken-providers 173ms (cache miss)
1214 silly packumentCache full:https://registry.npmjs.org/@aws-sdk%2ftoken-providers set size:undefined disposed:false
1215 silly placeDep ROOT @aws-sdk/credential-provider-login@3.936.0 OK for: @aws-sdk/credential-provider-ini@3.936.0 want: 3.936.0
1216 silly placeDep ROOT @aws-sdk/nested-clients@3.936.0 OK for: @aws-sdk/credential-provider-ini@3.936.0 want: 3.936.0
1217 silly placeDep ROOT @aws-sdk/client-sso@3.936.0 OK for: @aws-sdk/credential-provider-sso@3.936.0 want: 3.936.0
1218 silly placeDep ROOT @aws-sdk/token-providers@3.936.0 OK for: @aws-sdk/credential-provider-sso@3.936.0 want: 3.936.0
1219 silly placeDep ROOT @aws-sdk/util-arn-parser@3.893.0 OK for: @aws-sdk/middleware-bucket-endpoint@3.936.0 want: 3.893.0
1220 silly placeDep ROOT @smithy/util-config-provider@4.2.0 OK for: @aws-sdk/middleware-bucket-endpoint@3.936.0 want: ^4.2.0
1221 silly placeDep ROOT @aws-crypto/crc32@5.2.0 OK for: @aws-sdk/middleware-flexible-checksums@3.936.0 want: 5.2.0
1222 silly placeDep ROOT @aws-crypto/crc32c@5.2.0 OK for: @aws-sdk/middleware-flexible-checksums@3.936.0 want: 5.2.0
1223 silly placeDep ROOT @smithy/is-array-buffer@4.2.0 OK for: @aws-sdk/middleware-flexible-checksums@3.936.0 want: ^4.2.0
1224 silly placeDep ROOT @aws/lambda-invoke-store@0.2.0 OK for: @aws-sdk/middleware-recursion-detection@3.936.0 want: ^0.2.0
1225 silly placeDep ROOT bowser@2.12.1 OK for: @aws-sdk/util-user-agent-browser@3.936.0 want: ^2.11.0
1226 silly placeDep ROOT fast-xml-parser@5.2.5 OK for: @aws-sdk/xml-builder@3.930.0 want: 5.2.5
1227 silly fetch manifest strnum@^2.1.0
1228 silly packumentCache full:https://registry.npmjs.org/strnum cache-miss
1229 http fetch GET 200 https://registry.npmjs.org/strnum 68ms (cache miss)
1230 silly packumentCache full:https://registry.npmjs.org/strnum set size:undefined disposed:false
1231 silly placeDep ROOT @aztec/noir-types@3.0.0-devnet.2 OK for: @aztec/noir-noirc_abi@3.0.0-devnet.2 want: 3.0.0-devnet.2
1232 silly placeDep ROOT @crate-crypto/node-eth-kzg-darwin-arm64@0.10.0 OK for: @crate-crypto/node-eth-kzg@0.10.0 want: 0.10.0
1233 silly placeDep ROOT @crate-crypto/node-eth-kzg-darwin-x64@0.10.0 OK for: @crate-crypto/node-eth-kzg@0.10.0 want: 0.10.0
1234 silly placeDep ROOT @crate-crypto/node-eth-kzg-linux-arm64-gnu@0.10.0 OK for: @crate-crypto/node-eth-kzg@0.10.0 want: 0.10.0
1235 silly placeDep ROOT @crate-crypto/node-eth-kzg-linux-x64-gnu@0.10.0 OK for: @crate-crypto/node-eth-kzg@0.10.0 want: 0.10.0
1236 silly placeDep ROOT @crate-crypto/node-eth-kzg-win32-arm64-msvc@0.10.0 OK for: @crate-crypto/node-eth-kzg@0.10.0 want: 0.10.0
1237 silly placeDep ROOT @crate-crypto/node-eth-kzg-win32-x64-msvc@0.10.0 OK for: @crate-crypto/node-eth-kzg@0.10.0 want: 0.10.0
1238 silly placeDep ROOT @google-cloud/paginator@5.0.2 OK for: @google-cloud/storage@7.17.3 want: ^5.0.0
1239 silly placeDep ROOT @google-cloud/projectify@4.0.0 OK for: @google-cloud/storage@7.17.3 want: ^4.0.0
1240 silly placeDep ROOT @google-cloud/promisify@4.0.0 OK for: @google-cloud/storage@7.17.3 want: <4.1.0
1241 silly placeDep ROOT abort-controller@3.0.0 OK for: @google-cloud/storage@7.17.3 want: ^3.0.0
1242 silly placeDep ROOT async-retry@1.3.3 OK for: @google-cloud/storage@7.17.3 want: ^1.3.3
1243 silly placeDep ROOT duplexify@4.1.3 OK for: @google-cloud/storage@7.17.3 want: ^4.1.3
1244 silly placeDep node_modules/@google-cloud/storage fast-xml-parser@4.5.3 OK for: @google-cloud/storage@7.17.3 want: ^4.4.1
1245 silly placeDep ROOT gaxios@6.7.1 OK for: @google-cloud/storage@7.17.3 want: ^6.0.2
1246 silly placeDep ROOT google-auth-library@9.15.1 OK for: @google-cloud/storage@7.17.3 want: ^9.6.3
1247 silly placeDep ROOT html-entities@2.6.0 OK for: @google-cloud/storage@7.17.3 want: ^2.5.2
1248 silly placeDep ROOT mime@3.0.0 OK for: @google-cloud/storage@7.17.3 want: ^3.0.0
1249 silly placeDep ROOT retry-request@7.0.2 OK for: @google-cloud/storage@7.17.3 want: ^7.0.0
1250 silly placeDep ROOT teeny-request@9.0.0 OK for: @google-cloud/storage@7.17.3 want: ^9.0.0
1251 silly placeDep ROOT uuid@8.3.2 OK for: @google-cloud/storage@7.17.3 want: ^8.0.0
1252 silly fetch manifest arrify@^2.0.0
1253 silly packumentCache full:https://registry.npmjs.org/arrify cache-miss
1254 silly fetch manifest extend@^3.0.2
1255 silly packumentCache full:https://registry.npmjs.org/extend cache-miss
1256 silly fetch manifest event-target-shim@^5.0.0
1257 silly packumentCache full:https://registry.npmjs.org/event-target-shim cache-miss
1258 silly fetch manifest retry@0.13.1
1259 silly packumentCache full:https://registry.npmjs.org/retry cache-miss
1260 silly fetch manifest end-of-stream@^1.4.1
1261 silly packumentCache full:https://registry.npmjs.org/end-of-stream cache-miss
1262 silly fetch manifest readable-stream@^3.1.1
1263 silly packumentCache full:https://registry.npmjs.org/readable-stream cache-miss
1264 silly fetch manifest stream-shift@^1.0.2
1265 silly packumentCache full:https://registry.npmjs.org/stream-shift cache-miss
1266 http fetch GET 200 https://registry.npmjs.org/retry 25ms (cache miss)
1267 silly packumentCache full:https://registry.npmjs.org/retry set size:undefined disposed:false
1268 silly fetch manifest strnum@^1.1.1
1269 silly packumentCache full:https://registry.npmjs.org/strnum cache-miss
1270 http cache https://registry.npmjs.org/strnum 3ms (cache hit)
1271 silly packumentCache full:https://registry.npmjs.org/strnum set size:32949 disposed:false
1272 silly fetch manifest uuid@^9.0.1
1273 silly packumentCache full:https://registry.npmjs.org/uuid cache-miss
1274 http fetch GET 200 https://registry.npmjs.org/end-of-stream 31ms (cache miss)
1275 silly packumentCache full:https://registry.npmjs.org/end-of-stream set size:undefined disposed:false
1276 silly fetch manifest extend@^3.0.2
1277 silly packumentCache full:https://registry.npmjs.org/extend cache-miss
1278 http cache https://registry.npmjs.org/uuid 4ms (cache hit)
1279 silly packumentCache full:https://registry.npmjs.org/uuid set size:224608 disposed:false
1280 silly fetch manifest is-stream@^2.0.0
1281 silly packumentCache full:https://registry.npmjs.org/is-stream cache-miss
1282 http fetch GET 200 https://registry.npmjs.org/readable-stream 37ms (cache miss)
1283 silly packumentCache full:https://registry.npmjs.org/readable-stream set size:undefined disposed:false
1284 silly fetch manifest node-fetch@^2.6.9
1285 silly packumentCache full:https://registry.npmjs.org/node-fetch cache-miss
1286 http fetch GET 200 https://registry.npmjs.org/event-target-shim 39ms (cache miss)
1287 silly packumentCache full:https://registry.npmjs.org/event-target-shim set size:undefined disposed:false
1288 silly fetch manifest https-proxy-agent@^7.0.1
1289 silly packumentCache full:https://registry.npmjs.org/https-proxy-agent cache-miss
1290 http fetch GET 200 https://registry.npmjs.org/extend 42ms (cache miss)
1291 silly packumentCache full:https://registry.npmjs.org/extend set size:undefined disposed:false
1292 silly fetch manifest jws@^4.0.0
1293 silly packumentCache full:https://registry.npmjs.org/jws cache-miss
1294 http fetch GET 200 https://registry.npmjs.org/extend 26ms (cache miss)
1295 silly packumentCache full:https://registry.npmjs.org/extend set size:undefined disposed:false
1296 silly fetch manifest gtoken@^7.0.0
1297 silly packumentCache full:https://registry.npmjs.org/gtoken cache-miss
1298 http fetch GET 200 https://registry.npmjs.org/jws 25ms (cache miss)
1299 silly packumentCache full:https://registry.npmjs.org/jws set size:undefined disposed:false
1300 silly fetch manifest base64-js@^1.3.0
1301 silly packumentCache full:https://registry.npmjs.org/base64-js cache-miss
1302 http fetch GET 200 https://registry.npmjs.org/stream-shift 70ms (cache miss)
1303 silly packumentCache full:https://registry.npmjs.org/stream-shift set size:undefined disposed:false
1304 silly fetch manifest gcp-metadata@^6.1.0
1305 silly packumentCache full:https://registry.npmjs.org/gcp-metadata cache-miss
1306 http fetch GET 200 https://registry.npmjs.org/https-proxy-agent 35ms (cache miss)
1307 silly packumentCache full:https://registry.npmjs.org/https-proxy-agent set size:undefined disposed:false
1308 silly fetch manifest ecdsa-sig-formatter@^1.0.11
1309 silly packumentCache full:https://registry.npmjs.org/ecdsa-sig-formatter cache-miss
1310 http fetch GET 200 https://registry.npmjs.org/node-fetch 41ms (cache miss)
1311 silly packumentCache full:https://registry.npmjs.org/node-fetch set size:undefined disposed:false
1312 silly fetch manifest @types/request@^2.48.8
1313 silly packumentCache full:https://registry.npmjs.org/@types%2frequest cache-miss
1314 http fetch GET 200 https://registry.npmjs.org/arrify 85ms (cache miss)
1315 silly packumentCache full:https://registry.npmjs.org/arrify set size:undefined disposed:false
1316 silly fetch manifest uuid@^9.0.0
1317 silly packumentCache full:https://registry.npmjs.org/uuid cache-hit
1318 silly fetch manifest stream-events@^1.0.5
1319 silly packumentCache full:https://registry.npmjs.org/stream-events cache-miss
1320 http fetch GET 200 https://registry.npmjs.org/base64-js 29ms (cache miss)
1321 silly packumentCache full:https://registry.npmjs.org/base64-js set size:undefined disposed:false
1322 silly fetch manifest http-proxy-agent@^5.0.0
1323 silly packumentCache full:https://registry.npmjs.org/http-proxy-agent cache-miss
1324 http fetch GET 200 https://registry.npmjs.org/is-stream 68ms (cache miss)
1325 silly packumentCache full:https://registry.npmjs.org/is-stream set size:undefined disposed:false
1326 silly fetch manifest https-proxy-agent@^5.0.0
1327 silly packumentCache full:https://registry.npmjs.org/https-proxy-agent cache-miss
1328 http cache https://registry.npmjs.org/https-proxy-agent 1ms (cache hit)
1329 silly packumentCache full:https://registry.npmjs.org/https-proxy-agent set size:76241 disposed:false
1330 http fetch GET 200 https://registry.npmjs.org/gtoken 65ms (cache miss)
1331 silly packumentCache full:https://registry.npmjs.org/gtoken set size:undefined disposed:false
1332 http fetch GET 200 https://registry.npmjs.org/http-proxy-agent 33ms (cache miss)
1333 silly packumentCache full:https://registry.npmjs.org/http-proxy-agent set size:undefined disposed:false
1334 http fetch GET 200 https://registry.npmjs.org/gcp-metadata 63ms (cache miss)
1335 silly packumentCache full:https://registry.npmjs.org/gcp-metadata set size:undefined disposed:false
1336 http fetch GET 200 https://registry.npmjs.org/ecdsa-sig-formatter 64ms (cache miss)
1337 silly packumentCache full:https://registry.npmjs.org/ecdsa-sig-formatter set size:undefined disposed:false
1338 http fetch GET 200 https://registry.npmjs.org/stream-events 72ms (cache miss)
1339 silly packumentCache full:https://registry.npmjs.org/stream-events set size:undefined disposed:false
1340 http fetch GET 200 https://registry.npmjs.org/@types%2frequest 101ms (cache miss)
1341 silly packumentCache full:https://registry.npmjs.org/@types%2frequest set size:undefined disposed:false
1342 silly placeDep ROOT arrify@2.0.1 OK for: @google-cloud/paginator@5.0.2 want: ^2.0.0
1343 silly placeDep ROOT extend@3.0.2 OK for: @google-cloud/paginator@5.0.2 want: ^3.0.2
1344 silly placeDep ROOT vary@1.1.2 OK for: @koa/cors@5.0.0 want: ^1.1.2
1345 silly placeDep ROOT @noble/hashes@1.6.0 OK for: @noble/curves@1.7.0 want: 1.6.0
1346 silly placeDep ROOT @smithy/uuid@1.1.0 OK for: @smithy/core@3.18.5 want: ^1.1.0
1347 silly placeDep ROOT @smithy/eventstream-serde-universal@4.2.5 OK for: @smithy/eventstream-serde-browser@4.2.5 want: ^4.2.5
1348 silly fetch manifest @smithy/eventstream-codec@^4.2.5
1349 silly packumentCache full:https://registry.npmjs.org/@smithy%2feventstream-codec cache-miss
1350 http fetch GET 200 https://registry.npmjs.org/@smithy%2feventstream-codec 102ms (cache miss)
1351 silly packumentCache full:https://registry.npmjs.org/@smithy%2feventstream-codec set size:undefined disposed:false
1352 silly placeDep ROOT @smithy/eventstream-codec@4.2.5 OK for: @smithy/eventstream-serde-universal@4.2.5 want: ^4.2.5
1353 silly placeDep ROOT @smithy/util-hex-encoding@4.2.0 OK for: @smithy/eventstream-codec@4.2.5 want: ^4.2.0
1354 silly placeDep ROOT @smithy/querystring-builder@4.2.5 OK for: @smithy/fetch-http-handler@5.3.6 want: ^4.2.5
1355 silly placeDep ROOT @smithy/chunked-blob-reader@5.2.0 OK for: @smithy/hash-blob-browser@4.2.6 want: ^5.2.0
1356 silly placeDep ROOT @smithy/chunked-blob-reader-native@4.2.1 OK for: @smithy/hash-blob-browser@4.2.6 want: ^4.2.1
1357 silly placeDep ROOT @smithy/util-buffer-from@4.2.0 OK for: @smithy/hash-node@4.2.5 want: ^4.2.0
1358 silly placeDep ROOT @smithy/service-error-classification@4.2.5 OK for: @smithy/middleware-retry@4.4.12 want: ^4.2.5
1359 silly placeDep ROOT @smithy/abort-controller@4.2.5 OK for: @smithy/node-http-handler@4.4.5 want: ^4.2.5
1360 silly placeDep ROOT @smithy/util-uri-escape@4.2.0 OK for: @smithy/querystring-builder@4.2.5 want: ^4.2.0
1361 silly placeDep ROOT @smithy/querystring-parser@4.2.5 OK for: @smithy/url-parser@4.2.5 want: ^4.2.5
1362 silly placeDep ROOT @tanstack/query-core@5.90.10 OK for: @tanstack/react-query@5.90.10 want: 5.90.10
1363 silly fetch manifest bufferutil@^4.0.1
1364 silly packumentCache full:https://registry.npmjs.org/bufferutil cache-miss
1365 http fetch GET 200 https://registry.npmjs.org/bufferutil 55ms (cache miss)
1366 silly packumentCache full:https://registry.npmjs.org/bufferutil set size:undefined disposed:false
1367 silly fetch manifest utf-8-validate@>=5.0.2
1368 silly packumentCache full:https://registry.npmjs.org/utf-8-validate cache-miss
1369 http fetch GET 200 https://registry.npmjs.org/utf-8-validate 44ms (cache miss)
1370 silly packumentCache full:https://registry.npmjs.org/utf-8-validate set size:undefined disposed:false
1371 silly placeDep ROOT execa@7.2.0 OK for: @viem/anvil@0.0.10 want: ^7.1.1
1372 silly placeDep ROOT get-port@6.1.2 OK for: @viem/anvil@0.0.10 want: ^6.1.2
1373 silly placeDep ROOT http-proxy@1.18.1 OK for: @viem/anvil@0.0.10 want: ^1.18.1
1374 silly placeDep ROOT ws@8.18.3 OK for: @viem/anvil@0.0.10 want: ^8.13.0
1375 silly fetch manifest onetime@^6.0.0
1376 silly packumentCache full:https://registry.npmjs.org/onetime cache-miss
1377 silly fetch manifest is-stream@^3.0.0
1378 silly packumentCache full:https://registry.npmjs.org/is-stream cache-miss
1379 silly fetch manifest get-stream@^6.0.1
1380 silly packumentCache full:https://registry.npmjs.org/get-stream cache-miss
1381 silly fetch manifest signal-exit@^3.0.7
1382 silly packumentCache full:https://registry.npmjs.org/signal-exit cache-miss
1383 silly fetch manifest merge-stream@^2.0.0
1384 silly packumentCache full:https://registry.npmjs.org/merge-stream cache-miss
1385 silly fetch manifest npm-run-path@^5.1.0
1386 silly packumentCache full:https://registry.npmjs.org/npm-run-path cache-miss
1387 silly fetch manifest human-signals@^4.3.0
1388 silly packumentCache full:https://registry.npmjs.org/human-signals cache-miss
1389 http cache https://registry.npmjs.org/is-stream 7ms (cache hit)
1390 silly packumentCache full:https://registry.npmjs.org/is-stream set size:18582 disposed:false
1391 silly fetch manifest strip-final-newline@^3.0.0
1392 silly packumentCache full:https://registry.npmjs.org/strip-final-newline cache-miss
1393 http fetch GET 200 https://registry.npmjs.org/onetime 36ms (cache miss)
1394 silly packumentCache full:https://registry.npmjs.org/onetime set size:undefined disposed:false
1395 silly fetch manifest eventemitter3@^4.0.0
1396 silly packumentCache full:https://registry.npmjs.org/eventemitter3 cache-miss
1397 http fetch GET 200 https://registry.npmjs.org/npm-run-path 35ms (cache miss)
1398 silly packumentCache full:https://registry.npmjs.org/npm-run-path set size:undefined disposed:false
1399 silly fetch manifest requires-port@^1.0.0
1400 silly packumentCache full:https://registry.npmjs.org/requires-port cache-miss
1401 http fetch GET 200 https://registry.npmjs.org/strip-final-newline 31ms (cache miss)
1402 silly packumentCache full:https://registry.npmjs.org/strip-final-newline set size:undefined disposed:false
1403 silly fetch manifest follow-redirects@^1.0.0
1404 silly packumentCache full:https://registry.npmjs.org/follow-redirects cache-miss
1405 http fetch GET 200 https://registry.npmjs.org/merge-stream 37ms (cache miss)
1406 silly packumentCache full:https://registry.npmjs.org/merge-stream set size:undefined disposed:false
1407 http fetch GET 200 https://registry.npmjs.org/human-signals 36ms (cache miss)
1408 silly packumentCache full:https://registry.npmjs.org/human-signals set size:undefined disposed:false
1409 http fetch GET 200 https://registry.npmjs.org/get-stream 39ms (cache miss)
1410 silly packumentCache full:https://registry.npmjs.org/get-stream set size:undefined disposed:false
1411 http fetch GET 200 https://registry.npmjs.org/signal-exit 39ms (cache miss)
1412 silly packumentCache full:https://registry.npmjs.org/signal-exit set size:undefined disposed:false
1413 http cache https://registry.npmjs.org/follow-redirects 4ms (cache hit)
1414 silly packumentCache full:https://registry.npmjs.org/follow-redirects set size:186700 disposed:false
1415 http fetch GET 200 https://registry.npmjs.org/requires-port 31ms (cache miss)
1416 silly packumentCache full:https://registry.npmjs.org/requires-port set size:undefined disposed:false
1417 http fetch GET 200 https://registry.npmjs.org/eventemitter3 35ms (cache miss)
1418 silly packumentCache full:https://registry.npmjs.org/eventemitter3 set size:undefined disposed:false
1419 silly placeDep ROOT event-target-shim@5.0.1 OK for: abort-controller@3.0.0 want: ^5.0.0
1420 silly placeDep ROOT retry@0.13.1 OK for: async-retry@1.3.3 want: 0.13.1
1421 silly placeDep ROOT follow-redirects@1.15.11 OK for: axios@1.13.2 want: ^1.15.6
1422 silly placeDep ROOT form-data@4.0.5 OK for: axios@1.13.2 want: ^4.0.4
1423 silly placeDep ROOT proxy-from-env@1.1.0 OK for: axios@1.13.2 want: ^1.1.0
1424 silly fetch manifest asynckit@^0.4.0
1425 silly packumentCache full:https://registry.npmjs.org/asynckit cache-miss
1426 silly fetch manifest combined-stream@^1.0.8
1427 silly packumentCache full:https://registry.npmjs.org/combined-stream cache-miss
1428 silly fetch manifest mime-types@^2.1.12
1429 silly packumentCache full:https://registry.npmjs.org/mime-types cache-miss
1430 http fetch GET 200 https://registry.npmjs.org/mime-types 35ms (cache miss)
1431 silly packumentCache full:https://registry.npmjs.org/mime-types set size:undefined disposed:false
1432 http fetch GET 200 https://registry.npmjs.org/combined-stream 64ms (cache miss)
1433 silly packumentCache full:https://registry.npmjs.org/combined-stream set size:undefined disposed:false
1434 http fetch GET 200 https://registry.npmjs.org/asynckit 65ms (cache miss)
1435 silly packumentCache full:https://registry.npmjs.org/asynckit set size:undefined disposed:false
1436 silly placeDep ROOT end-of-stream@1.4.5 OK for: duplexify@4.1.3 want: ^1.4.1
1437 silly placeDep ROOT inherits@2.0.4 OK for: duplexify@4.1.3 want: ^2.0.3
1438 silly placeDep ROOT readable-stream@3.6.2 OK for: duplexify@4.1.3 want: ^3.1.1
1439 silly placeDep ROOT stream-shift@1.0.3 OK for: duplexify@4.1.3 want: ^1.0.2
1440 silly fetch manifest once@^1.4.0
1441 silly packumentCache full:https://registry.npmjs.org/once cache-miss
1442 silly fetch manifest string_decoder@^1.1.1
1443 silly packumentCache full:https://registry.npmjs.org/string_decoder cache-miss
1444 silly fetch manifest util-deprecate@^1.0.1
1445 silly packumentCache full:https://registry.npmjs.org/util-deprecate cache-miss
1446 http fetch GET 200 https://registry.npmjs.org/once 29ms (cache miss)
1447 silly packumentCache full:https://registry.npmjs.org/once set size:undefined disposed:false
1448 http fetch GET 200 https://registry.npmjs.org/string_decoder 45ms (cache miss)
1449 silly packumentCache full:https://registry.npmjs.org/string_decoder set size:undefined disposed:false
1450 http fetch GET 200 https://registry.npmjs.org/util-deprecate 52ms (cache miss)
1451 silly packumentCache full:https://registry.npmjs.org/util-deprecate set size:undefined disposed:false
1452 silly placeDep ROOT once@1.4.0 OK for: end-of-stream@1.4.5 want: ^1.4.0
1453 silly fetch manifest wrappy@1
1454 silly packumentCache full:https://registry.npmjs.org/wrappy cache-miss
1455 http fetch GET 200 https://registry.npmjs.org/wrappy 34ms (cache miss)
1456 silly packumentCache full:https://registry.npmjs.org/wrappy set size:undefined disposed:false
1457 silly placeDep ROOT get-stream@6.0.1 OK for: execa@7.2.0 want: ^6.0.1
1458 silly placeDep ROOT human-signals@4.3.1 OK for: execa@7.2.0 want: ^4.3.0
1459 silly placeDep ROOT is-stream@3.0.0 OK for: execa@7.2.0 want: ^3.0.0
1460 silly placeDep ROOT merge-stream@2.0.0 OK for: execa@7.2.0 want: ^2.0.0
1461 silly placeDep ROOT npm-run-path@5.3.0 OK for: execa@7.2.0 want: ^5.1.0
1462 silly placeDep ROOT onetime@6.0.0 OK for: execa@7.2.0 want: ^6.0.0
1463 silly placeDep ROOT signal-exit@3.0.7 OK for: execa@7.2.0 want: ^3.0.7
1464 silly placeDep ROOT strip-final-newline@3.0.0 OK for: execa@7.2.0 want: ^3.0.0
1465 silly fetch manifest path-key@^4.0.0
1466 silly packumentCache full:https://registry.npmjs.org/path-key cache-miss
1467 silly fetch manifest mimic-fn@^4.0.0
1468 silly packumentCache full:https://registry.npmjs.org/mimic-fn cache-miss
1469 http fetch GET 200 https://registry.npmjs.org/path-key 23ms (cache miss)
1470 silly packumentCache full:https://registry.npmjs.org/path-key set size:undefined disposed:false
1471 http fetch GET 200 https://registry.npmjs.org/mimic-fn 28ms (cache miss)
1472 silly packumentCache full:https://registry.npmjs.org/mimic-fn set size:undefined disposed:false
1473 silly placeDep ROOT strnum@2.1.1 OK for: fast-xml-parser@5.2.5 want: ^2.1.0
1474 silly placeDep ROOT asynckit@0.4.0 OK for: form-data@4.0.5 want: ^0.4.0
1475 silly placeDep ROOT combined-stream@1.0.8 OK for: form-data@4.0.5 want: ^1.0.8
1476 silly placeDep ROOT mime-types@2.1.35 OK for: form-data@4.0.5 want: ^2.1.12
1477 silly fetch manifest delayed-stream@~1.0.0
1478 silly packumentCache full:https://registry.npmjs.org/delayed-stream cache-miss
1479 silly fetch manifest mime-db@1.52.0
1480 silly packumentCache full:https://registry.npmjs.org/mime-db cache-miss
1481 http fetch GET 200 https://registry.npmjs.org/mime-db 33ms (cache miss)
1482 silly packumentCache full:https://registry.npmjs.org/mime-db set size:undefined disposed:false
1483 http fetch GET 200 https://registry.npmjs.org/delayed-stream 63ms (cache miss)
1484 silly packumentCache full:https://registry.npmjs.org/delayed-stream set size:undefined disposed:false
1485 silly placeDep ROOT delayed-stream@1.0.0 OK for: combined-stream@1.0.8 want: ~1.0.0
1486 silly fetch manifest encoding@^0.1.0
1487 silly packumentCache full:https://registry.npmjs.org/encoding cache-miss
1488 http fetch GET 200 https://registry.npmjs.org/encoding 25ms (cache miss)
1489 silly packumentCache full:https://registry.npmjs.org/encoding set size:undefined disposed:false
1490 silly placeDep ROOT https-proxy-agent@7.0.6 OK for: gaxios@6.7.1 want: ^7.0.1
1491 silly placeDep node_modules/gaxios is-stream@2.0.1 OK for: gaxios@6.7.1 want: ^2.0.0
1492 silly placeDep ROOT node-fetch@2.7.0 OK for: gaxios@6.7.1 want: ^2.6.9
1493 silly placeDep node_modules/gaxios uuid@9.0.1 OK for: gaxios@6.7.1 want: ^9.0.1
1494 silly fetch manifest agent-base@^7.1.2
1495 silly packumentCache full:https://registry.npmjs.org/agent-base cache-miss
1496 silly fetch manifest whatwg-url@^5.0.0
1497 silly packumentCache full:https://registry.npmjs.org/whatwg-url cache-miss
1498 http fetch GET 200 https://registry.npmjs.org/agent-base 33ms (cache miss)
1499 silly packumentCache full:https://registry.npmjs.org/agent-base set size:undefined disposed:false
1500 http fetch GET 200 https://registry.npmjs.org/whatwg-url 34ms (cache miss)
1501 silly packumentCache full:https://registry.npmjs.org/whatwg-url set size:undefined disposed:false
1502 silly placeDep ROOT base64-js@1.5.1 OK for: google-auth-library@9.15.1 want: ^1.3.0
1503 silly placeDep ROOT ecdsa-sig-formatter@1.0.11 OK for: google-auth-library@9.15.1 want: ^1.0.11
1504 silly placeDep ROOT gcp-metadata@6.1.1 OK for: google-auth-library@9.15.1 want: ^6.1.0
1505 silly placeDep ROOT gtoken@7.1.0 OK for: google-auth-library@9.15.1 want: ^7.0.0
1506 silly placeDep ROOT jws@4.0.0 OK for: google-auth-library@9.15.1 want: ^4.0.0
1507 silly fetch manifest safe-buffer@^5.0.1
1508 silly packumentCache full:https://registry.npmjs.org/safe-buffer cache-miss
1509 silly fetch manifest json-bigint@^1.0.0
1510 silly packumentCache full:https://registry.npmjs.org/json-bigint cache-miss
1511 silly fetch manifest google-logging-utils@^0.0.2
1512 silly packumentCache full:https://registry.npmjs.org/google-logging-utils cache-miss
1513 silly fetch manifest jwa@^2.0.0
1514 silly packumentCache full:https://registry.npmjs.org/jwa cache-miss
1515 silly fetch manifest safe-buffer@^5.0.1
1516 silly packumentCache full:https://registry.npmjs.org/safe-buffer cache-miss
1517 http fetch GET 200 https://registry.npmjs.org/safe-buffer 35ms (cache miss)
1518 silly packumentCache full:https://registry.npmjs.org/safe-buffer set size:undefined disposed:false
1519 http fetch GET 200 https://registry.npmjs.org/safe-buffer 41ms (cache miss)
1520 silly packumentCache full:https://registry.npmjs.org/safe-buffer set size:undefined disposed:false
1521 http fetch GET 200 https://registry.npmjs.org/google-logging-utils 58ms (cache miss)
1522 silly packumentCache full:https://registry.npmjs.org/google-logging-utils set size:undefined disposed:false
1523 http fetch GET 200 https://registry.npmjs.org/jwa 63ms (cache miss)
1524 silly packumentCache full:https://registry.npmjs.org/jwa set size:undefined disposed:false
1525 http fetch GET 200 https://registry.npmjs.org/json-bigint 79ms (cache miss)
1526 silly packumentCache full:https://registry.npmjs.org/json-bigint set size:undefined disposed:false
1527 silly placeDep ROOT safe-buffer@5.2.1 OK for: ecdsa-sig-formatter@1.0.11 want: ^5.0.1
1528 silly placeDep ROOT google-logging-utils@0.0.2 OK for: gcp-metadata@6.1.1 want: ^0.0.2
1529 silly placeDep ROOT json-bigint@1.0.0 OK for: gcp-metadata@6.1.1 want: ^1.0.0
1530 silly fetch manifest bignumber.js@^9.0.0
1531 silly packumentCache full:https://registry.npmjs.org/bignumber.js cache-miss
1532 http fetch GET 200 https://registry.npmjs.org/bignumber.js 28ms (cache miss)
1533 silly packumentCache full:https://registry.npmjs.org/bignumber.js set size:undefined disposed:false
1534 silly placeDep ROOT minimalistic-assert@1.0.1 OK for: hash.js@1.1.7 want: ^1.0.1
1535 silly placeDep ROOT eventemitter3@4.0.7 OK for: http-proxy@1.18.1 want: ^4.0.0
1536 silly placeDep ROOT requires-port@1.0.0 OK for: http-proxy@1.18.1 want: ^1.0.0
1537 silly placeDep ROOT agent-base@7.1.4 OK for: https-proxy-agent@7.0.6 want: ^7.1.2
1538 silly placeDep ROOT bignumber.js@9.3.1 OK for: json-bigint@1.0.0 want: ^9.0.0
1539 silly placeDep ROOT jwa@2.0.1 OK for: jws@4.0.0 want: ^2.0.0
1540 silly fetch manifest buffer-equal-constant-time@^1.0.1
1541 silly packumentCache full:https://registry.npmjs.org/buffer-equal-constant-time cache-miss
1542 http fetch GET 200 https://registry.npmjs.org/buffer-equal-constant-time 27ms (cache miss)
1543 silly packumentCache full:https://registry.npmjs.org/buffer-equal-constant-time set size:undefined disposed:false
1544 silly placeDep ROOT buffer-equal-constant-time@1.0.1 OK for: jwa@2.0.1 want: ^1.0.1
1545 silly placeDep ROOT accepts@1.3.8 OK for: koa@2.16.3 want: ^1.3.5
1546 silly placeDep ROOT cache-content-type@1.0.1 OK for: koa@2.16.3 want: ^1.0.0
1547 silly placeDep ROOT content-disposition@0.5.4 OK for: koa@2.16.3 want: ~0.5.2
1548 silly placeDep ROOT content-type@1.0.5 OK for: koa@2.16.3 want: ^1.0.4
1549 silly placeDep ROOT cookies@0.9.1 OK for: koa@2.16.3 want: ~0.9.0
1550 silly placeDep ROOT delegates@1.0.0 OK for: koa@2.16.3 want: ^1.0.0
1551 silly placeDep ROOT depd@2.0.0 OK for: koa@2.16.3 want: ^2.0.0
1552 silly placeDep ROOT destroy@1.2.0 OK for: koa@2.16.3 want: ^1.0.4
1553 silly placeDep ROOT encodeurl@1.0.2 OK for: koa@2.16.3 want: ^1.0.2
1554 silly placeDep ROOT escape-html@1.0.3 OK for: koa@2.16.3 want: ^1.0.3
1555 silly placeDep ROOT fresh@0.5.2 OK for: koa@2.16.3 want: ~0.5.2
1556 silly placeDep ROOT http-assert@1.5.0 OK for: koa@2.16.3 want: ^1.3.0
1557 silly placeDep ROOT http-errors@1.8.1 OK for: koa@2.16.3 want: ^1.6.3
1558 silly placeDep ROOT koa-compose@4.1.0 OK for: koa@2.16.3 want: ^4.1.0
1559 silly placeDep ROOT koa-convert@2.0.0 OK for: koa@2.16.3 want: ^2.0.0
1560 silly placeDep ROOT on-finished@2.4.1 OK for: koa@2.16.3 want: ^2.3.0
1561 silly placeDep ROOT only@0.0.2 OK for: koa@2.16.3 want: ~0.0.2
1562 silly placeDep ROOT parseurl@1.3.3 OK for: koa@2.16.3 want: ^1.3.2
1563 silly placeDep ROOT statuses@1.5.0 OK for: koa@2.16.3 want: ^1.5.0
1564 silly placeDep ROOT type-is@1.6.18 OK for: koa@2.16.3 want: ^1.6.16
1565 silly fetch manifest negotiator@0.6.3
1566 silly packumentCache full:https://registry.npmjs.org/negotiator cache-miss
1567 silly fetch manifest ylru@^1.2.0
1568 silly packumentCache full:https://registry.npmjs.org/ylru cache-miss
1569 silly fetch manifest depd@~2.0.0
1570 silly packumentCache full:https://registry.npmjs.org/depd cache-miss
1571 silly fetch manifest keygrip@~1.1.0
1572 silly packumentCache full:https://registry.npmjs.org/keygrip cache-miss
1573 silly fetch manifest deep-equal@~1.0.1
1574 silly packumentCache full:https://registry.npmjs.org/deep-equal cache-miss
1575 silly fetch manifest http-errors@~1.8.0
1576 silly packumentCache full:https://registry.npmjs.org/http-errors cache-hit
1577 silly fetch manifest depd@~1.1.2
1578 silly packumentCache full:https://registry.npmjs.org/depd cache-miss
1579 silly fetch manifest statuses@>= 1.5.0 < 2
1580 silly packumentCache full:https://registry.npmjs.org/statuses cache-miss
1581 http cache https://registry.npmjs.org/depd 6ms (cache hit)
1582 silly packumentCache full:https://registry.npmjs.org/depd set size:40182 disposed:false
1583 silly fetch manifest toidentifier@1.0.1
1584 silly packumentCache full:https://registry.npmjs.org/toidentifier cache-miss
1585 http cache https://registry.npmjs.org/statuses 6ms (cache hit)
1586 silly packumentCache full:https://registry.npmjs.org/statuses set size:37117 disposed:false
1587 silly fetch manifest setprototypeof@1.2.0
1588 silly packumentCache full:https://registry.npmjs.org/setprototypeof cache-miss
1589 http cache https://registry.npmjs.org/depd 9ms (cache hit)
1590 silly packumentCache full:https://registry.npmjs.org/depd set size:40182 disposed:false
1591 silly packumentCache full:https://registry.npmjs.org/depd dispose
1592 silly fetch manifest co@^4.6.0
1593 silly packumentCache full:https://registry.npmjs.org/co cache-miss
1594 http fetch GET 200 https://registry.npmjs.org/deep-equal 30ms (cache miss)
1595 silly packumentCache full:https://registry.npmjs.org/deep-equal set size:undefined disposed:false
1596 silly fetch manifest ee-first@1.1.1
1597 silly packumentCache full:https://registry.npmjs.org/ee-first cache-miss
1598 http fetch GET 200 https://registry.npmjs.org/keygrip 32ms (cache miss)
1599 silly packumentCache full:https://registry.npmjs.org/keygrip set size:undefined disposed:false
1600 silly fetch manifest media-typer@0.3.0
1601 silly packumentCache full:https://registry.npmjs.org/media-typer cache-miss
1602 http fetch GET 200 https://registry.npmjs.org/toidentifier 27ms (cache miss)
1603 silly packumentCache full:https://registry.npmjs.org/toidentifier set size:undefined disposed:false
1604 http fetch GET 200 https://registry.npmjs.org/negotiator 35ms (cache miss)
1605 silly packumentCache full:https://registry.npmjs.org/negotiator set size:undefined disposed:false
1606 http fetch GET 200 https://registry.npmjs.org/setprototypeof 28ms (cache miss)
1607 silly packumentCache full:https://registry.npmjs.org/setprototypeof set size:undefined disposed:false
1608 http fetch GET 200 https://registry.npmjs.org/co 31ms (cache miss)
1609 silly packumentCache full:https://registry.npmjs.org/co set size:undefined disposed:false
1610 http fetch GET 200 https://registry.npmjs.org/media-typer 26ms (cache miss)
1611 silly packumentCache full:https://registry.npmjs.org/media-typer set size:undefined disposed:false
1612 http fetch GET 200 https://registry.npmjs.org/ee-first 31ms (cache miss)
1613 silly packumentCache full:https://registry.npmjs.org/ee-first set size:undefined disposed:false
1614 http fetch GET 200 https://registry.npmjs.org/ylru 72ms (cache miss)
1615 silly packumentCache full:https://registry.npmjs.org/ylru set size:undefined disposed:false
1616 silly placeDep ROOT negotiator@0.6.3 OK for: accepts@1.3.8 want: 0.6.3
1617 silly placeDep ROOT ylru@1.4.0 OK for: cache-content-type@1.0.1 want: ^1.2.0
1618 silly placeDep ROOT keygrip@1.1.0 OK for: cookies@0.9.1 want: ~1.1.0
1619 silly fetch manifest tsscmp@1.0.6
1620 silly packumentCache full:https://registry.npmjs.org/tsscmp cache-miss
1621 http fetch GET 200 https://registry.npmjs.org/tsscmp 79ms (cache miss)
1622 silly packumentCache full:https://registry.npmjs.org/tsscmp set size:undefined disposed:false
1623 silly placeDep ROOT deep-equal@1.0.1 OK for: http-assert@1.5.0 want: ~1.0.1
1624 silly placeDep node_modules/http-errors depd@1.1.2 OK for: http-errors@1.8.1 want: ~1.1.2
1625 silly placeDep ROOT setprototypeof@1.2.0 OK for: http-errors@1.8.1 want: 1.2.0
1626 silly placeDep ROOT toidentifier@1.0.1 OK for: http-errors@1.8.1 want: 1.0.1
1627 silly placeDep ROOT tsscmp@1.0.6 OK for: keygrip@1.1.0 want: 1.0.6
1628 silly placeDep ROOT co-body@6.2.0 OK for: koa-bodyparser@4.4.1 want: ^6.0.0
1629 silly placeDep ROOT copy-to@2.0.1 OK for: koa-bodyparser@4.4.1 want: ^2.0.1
1630 silly fetch manifest @hapi/bourne@^3.0.0
1631 silly packumentCache full:https://registry.npmjs.org/@hapi%2fbourne cache-miss
1632 silly fetch manifest inflation@^2.0.0
1633 silly packumentCache full:https://registry.npmjs.org/inflation cache-miss
1634 silly fetch manifest qs@^6.5.2
1635 silly packumentCache full:https://registry.npmjs.org/qs cache-miss
1636 silly fetch manifest raw-body@^2.3.3
1637 silly packumentCache full:https://registry.npmjs.org/raw-body cache-miss
1638 http fetch GET 200 https://registry.npmjs.org/inflation 25ms (cache miss)
1639 silly packumentCache full:https://registry.npmjs.org/inflation set size:undefined disposed:false
1640 http fetch GET 200 https://registry.npmjs.org/raw-body 28ms (cache miss)
1641 silly packumentCache full:https://registry.npmjs.org/raw-body set size:undefined disposed:false
1642 http fetch GET 200 https://registry.npmjs.org/qs 35ms (cache miss)
1643 silly packumentCache full:https://registry.npmjs.org/qs set size:undefined disposed:false
1644 http fetch GET 200 https://registry.npmjs.org/@hapi%2fbourne 129ms (cache miss)
1645 silly packumentCache full:https://registry.npmjs.org/@hapi%2fbourne set size:undefined disposed:false
1646 silly placeDep ROOT @hapi/bourne@3.0.0 OK for: co-body@6.2.0 want: ^3.0.0
1647 silly placeDep ROOT inflation@2.1.0 OK for: co-body@6.2.0 want: ^2.0.0
1648 silly placeDep ROOT qs@6.14.0 OK for: co-body@6.2.0 want: ^6.5.2
1649 silly placeDep ROOT raw-body@2.5.2 OK for: co-body@6.2.0 want: ^2.3.3
1650 silly fetch manifest bytes@3.1.2
1651 silly packumentCache full:https://registry.npmjs.org/bytes cache-miss
1652 silly fetch manifest unpipe@1.0.0
1653 silly packumentCache full:https://registry.npmjs.org/unpipe cache-miss
1654 silly fetch manifest iconv-lite@0.4.24
1655 silly packumentCache full:https://registry.npmjs.org/iconv-lite cache-miss
1656 silly fetch manifest http-errors@2.0.0
1657 silly packumentCache full:https://registry.npmjs.org/http-errors cache-hit
1658 http cache https://registry.npmjs.org/bytes 3ms (cache hit)
1659 silly packumentCache full:https://registry.npmjs.org/bytes set size:37018 disposed:false
1660 http fetch GET 200 https://registry.npmjs.org/unpipe 26ms (cache miss)
1661 silly packumentCache full:https://registry.npmjs.org/unpipe set size:undefined disposed:false
1662 http fetch GET 200 https://registry.npmjs.org/iconv-lite 28ms (cache miss)
1663 silly packumentCache full:https://registry.npmjs.org/iconv-lite set size:undefined disposed:false
1664 silly placeDep ROOT bytes@3.1.2 OK for: koa-compress@5.1.1 want: ^3.1.2
1665 silly placeDep ROOT compressible@2.0.18 OK for: koa-compress@5.1.1 want: ^2.0.18
1666 silly placeDep ROOT koa-is-json@1.0.0 OK for: koa-compress@5.1.1 want: ^1.0.0
1667 silly fetch manifest mime-db@>= 1.43.0 < 2
1668 silly packumentCache full:https://registry.npmjs.org/mime-db cache-miss
1669 http cache https://registry.npmjs.org/mime-db 1ms (cache hit)
1670 silly packumentCache full:https://registry.npmjs.org/mime-db set size:164953 disposed:false
1671 silly placeDep ROOT mime-db@1.54.0 OK for: compressible@2.0.18 want: >= 1.43.0 < 2
1672 silly placeDep ROOT co@4.6.0 OK for: koa-convert@2.0.0 want: ^4.6.0
1673 silly placeDep node_modules/koa-router http-errors@2.0.0 OK for: koa-router@13.1.1 want: ^2.0.0
1674 silly placeDep ROOT path-to-regexp@6.3.0 OK for: koa-router@13.1.1 want: ^6.3.0
1675 silly fetch manifest statuses@2.0.1
1676 silly packumentCache full:https://registry.npmjs.org/statuses cache-hit
1677 silly placeDep ROOT abstract-leveldown@7.2.0 OK for: leveldown@6.1.1 want: ^7.2.0
1678 silly placeDep ROOT napi-macros@2.0.0 OK for: leveldown@6.1.1 want: ~2.0.0
1679 silly placeDep ROOT node-gyp-build@4.8.4 OK for: leveldown@6.1.1 want: ^4.3.0
1680 silly fetch manifest buffer@^6.0.3
1681 silly packumentCache full:https://registry.npmjs.org/buffer cache-miss
1682 silly fetch manifest catering@^2.0.0
1683 silly packumentCache full:https://registry.npmjs.org/catering cache-miss
1684 silly fetch manifest is-buffer@^2.0.5
1685 silly packumentCache full:https://registry.npmjs.org/is-buffer cache-miss
1686 silly fetch manifest level-supports@^2.0.1
1687 silly packumentCache full:https://registry.npmjs.org/level-supports cache-miss
1688 silly fetch manifest level-concat-iterator@^3.0.0
1689 silly packumentCache full:https://registry.npmjs.org/level-concat-iterator cache-miss
1690 http cache https://registry.npmjs.org/buffer 4ms (cache hit)
1691 silly packumentCache full:https://registry.npmjs.org/buffer set size:280480 disposed:false
1692 http fetch GET 200 https://registry.npmjs.org/is-buffer 28ms (cache miss)
1693 silly packumentCache full:https://registry.npmjs.org/is-buffer set size:undefined disposed:false
1694 http fetch GET 200 https://registry.npmjs.org/level-supports 55ms (cache miss)
1695 silly packumentCache full:https://registry.npmjs.org/level-supports set size:undefined disposed:false
1696 http fetch GET 200 https://registry.npmjs.org/level-concat-iterator 59ms (cache miss)
1697 silly packumentCache full:https://registry.npmjs.org/level-concat-iterator set size:undefined disposed:false
1698 http fetch GET 200 https://registry.npmjs.org/catering 631ms (cache miss)
1699 silly packumentCache full:https://registry.npmjs.org/catering set size:undefined disposed:false
1700 silly placeDep ROOT buffer@6.0.3 OK for: abstract-leveldown@7.2.0 want: ^6.0.3
1701 silly placeDep ROOT catering@2.1.1 OK for: abstract-leveldown@7.2.0 want: ^2.0.0
1702 silly placeDep ROOT is-buffer@2.0.5 OK for: abstract-leveldown@7.2.0 want: ^2.0.5
1703 silly placeDep ROOT level-concat-iterator@3.1.0 OK for: abstract-leveldown@7.2.0 want: ^3.0.0
1704 silly placeDep ROOT level-supports@2.1.0 OK for: abstract-leveldown@7.2.0 want: ^2.0.1
1705 silly fetch manifest ieee754@^1.2.1
1706 silly packumentCache full:https://registry.npmjs.org/ieee754 cache-miss
1707 http fetch GET 200 https://registry.npmjs.org/ieee754 30ms (cache miss)
1708 silly packumentCache full:https://registry.npmjs.org/ieee754 set size:undefined disposed:false
1709 silly placeDep ROOT ieee754@1.2.1 OK for: buffer@6.0.3 want: ^1.2.1
1710 silly placeDep node_modules/mime-types mime-db@1.52.0 OK for: mime-types@2.1.35 want: 1.52.0
1711 silly placeDep ROOT msgpackr-extract@3.0.3 OK for: msgpackr@1.11.5 want: ^3.0.2
1712 silly fetch manifest node-gyp-build-optional-packages@5.2.2
1713 silly packumentCache full:https://registry.npmjs.org/node-gyp-build-optional-packages cache-miss
1714 silly fetch manifest @msgpackr-extract/msgpackr-extract-darwin-arm64@3.0.3
1715 silly packumentCache full:https://registry.npmjs.org/@msgpackr-extract%2fmsgpackr-extract-darwin-arm64 cache-miss
1716 silly fetch manifest @msgpackr-extract/msgpackr-extract-darwin-x64@3.0.3
1717 silly packumentCache full:https://registry.npmjs.org/@msgpackr-extract%2fmsgpackr-extract-darwin-x64 cache-miss
1718 silly fetch manifest @msgpackr-extract/msgpackr-extract-linux-arm@3.0.3
1719 silly packumentCache full:https://registry.npmjs.org/@msgpackr-extract%2fmsgpackr-extract-linux-arm cache-miss
1720 silly fetch manifest @msgpackr-extract/msgpackr-extract-linux-arm64@3.0.3
1721 silly packumentCache full:https://registry.npmjs.org/@msgpackr-extract%2fmsgpackr-extract-linux-arm64 cache-miss
1722 silly fetch manifest @msgpackr-extract/msgpackr-extract-linux-x64@3.0.3
1723 silly packumentCache full:https://registry.npmjs.org/@msgpackr-extract%2fmsgpackr-extract-linux-x64 cache-miss
1724 silly fetch manifest @msgpackr-extract/msgpackr-extract-win32-x64@3.0.3
1725 silly packumentCache full:https://registry.npmjs.org/@msgpackr-extract%2fmsgpackr-extract-win32-x64 cache-miss
1726 http fetch GET 200 https://registry.npmjs.org/node-gyp-build-optional-packages 32ms (cache miss)
1727 silly packumentCache full:https://registry.npmjs.org/node-gyp-build-optional-packages set size:undefined disposed:false
1728 http fetch GET 200 https://registry.npmjs.org/@msgpackr-extract%2fmsgpackr-extract-linux-arm 38ms (cache miss)
1729 silly packumentCache full:https://registry.npmjs.org/@msgpackr-extract%2fmsgpackr-extract-linux-arm set size:undefined disposed:false
1730 http fetch GET 200 https://registry.npmjs.org/@msgpackr-extract%2fmsgpackr-extract-darwin-x64 39ms (cache miss)
1731 silly packumentCache full:https://registry.npmjs.org/@msgpackr-extract%2fmsgpackr-extract-darwin-x64 set size:undefined disposed:false
1732 http fetch GET 200 https://registry.npmjs.org/@msgpackr-extract%2fmsgpackr-extract-darwin-arm64 42ms (cache miss)
1733 silly packumentCache full:https://registry.npmjs.org/@msgpackr-extract%2fmsgpackr-extract-darwin-arm64 set size:undefined disposed:false
1734 http fetch GET 200 https://registry.npmjs.org/@msgpackr-extract%2fmsgpackr-extract-linux-arm64 41ms (cache miss)
1735 silly packumentCache full:https://registry.npmjs.org/@msgpackr-extract%2fmsgpackr-extract-linux-arm64 set size:undefined disposed:false
1736 http fetch GET 200 https://registry.npmjs.org/@msgpackr-extract%2fmsgpackr-extract-linux-x64 46ms (cache miss)
1737 silly packumentCache full:https://registry.npmjs.org/@msgpackr-extract%2fmsgpackr-extract-linux-x64 set size:undefined disposed:false
1738 http fetch GET 200 https://registry.npmjs.org/@msgpackr-extract%2fmsgpackr-extract-win32-x64 78ms (cache miss)
1739 silly packumentCache full:https://registry.npmjs.org/@msgpackr-extract%2fmsgpackr-extract-win32-x64 set size:undefined disposed:false
1740 silly placeDep ROOT @msgpackr-extract/msgpackr-extract-darwin-arm64@3.0.3 OK for: msgpackr-extract@3.0.3 want: 3.0.3
1741 silly placeDep ROOT @msgpackr-extract/msgpackr-extract-darwin-x64@3.0.3 OK for: msgpackr-extract@3.0.3 want: 3.0.3
1742 silly placeDep ROOT @msgpackr-extract/msgpackr-extract-linux-arm@3.0.3 OK for: msgpackr-extract@3.0.3 want: 3.0.3
1743 silly placeDep ROOT @msgpackr-extract/msgpackr-extract-linux-arm64@3.0.3 OK for: msgpackr-extract@3.0.3 want: 3.0.3
1744 silly placeDep ROOT @msgpackr-extract/msgpackr-extract-linux-x64@3.0.3 OK for: msgpackr-extract@3.0.3 want: 3.0.3
1745 silly placeDep ROOT @msgpackr-extract/msgpackr-extract-win32-x64@3.0.3 OK for: msgpackr-extract@3.0.3 want: 3.0.3
1746 silly placeDep ROOT node-gyp-build-optional-packages@5.2.2 OK for: msgpackr-extract@3.0.3 want: 5.2.2
1747 silly placeDep ROOT whatwg-url@5.0.0 OK for: node-fetch@2.7.0 want: ^5.0.0
1748 silly fetch manifest tr46@~0.0.3
1749 silly packumentCache full:https://registry.npmjs.org/tr46 cache-miss
1750 silly fetch manifest webidl-conversions@^3.0.0
1751 silly packumentCache full:https://registry.npmjs.org/webidl-conversions cache-miss
1752 http fetch GET 200 https://registry.npmjs.org/tr46 28ms (cache miss)
1753 silly packumentCache full:https://registry.npmjs.org/tr46 set size:undefined disposed:false
1754 http fetch GET 200 https://registry.npmjs.org/webidl-conversions 38ms (cache miss)
1755 silly packumentCache full:https://registry.npmjs.org/webidl-conversions set size:undefined disposed:false
1756 silly placeDep node_modules/npm-run-path path-key@4.0.0 OK for: npm-run-path@5.3.0 want: ^4.0.0
1757 silly placeDep ROOT ee-first@1.1.1 OK for: on-finished@2.4.1 want: 1.1.1
1758 silly placeDep ROOT wrappy@1.0.2 OK for: once@1.4.0 want: 1
1759 silly placeDep ROOT mimic-fn@4.0.0 OK for: onetime@6.0.0 want: ^4.0.0
1760 silly placeDep ROOT @pinojs/redact@0.4.0 OK for: pino@9.14.0 want: ^0.4.0
1761 silly placeDep ROOT atomic-sleep@1.0.0 OK for: pino@9.14.0 want: ^1.0.0
1762 silly placeDep ROOT on-exit-leak-free@2.1.2 OK for: pino@9.14.0 want: ^2.1.0
1763 silly placeDep ROOT pino-abstract-transport@2.0.0 OK for: pino@9.14.0 want: ^2.0.0
1764 silly placeDep ROOT pino-std-serializers@7.0.0 OK for: pino@9.14.0 want: ^7.0.0
1765 silly placeDep ROOT process-warning@5.0.0 OK for: pino@9.14.0 want: ^5.0.0
1766 silly placeDep ROOT quick-format-unescaped@4.0.4 OK for: pino@9.14.0 want: ^4.0.3
1767 silly placeDep ROOT real-require@0.2.0 OK for: pino@9.14.0 want: ^0.2.0
1768 silly placeDep ROOT safe-stable-stringify@2.5.0 OK for: pino@9.14.0 want: ^2.3.1
1769 silly placeDep ROOT sonic-boom@4.2.0 OK for: pino@9.14.0 want: ^4.0.1
1770 silly placeDep ROOT thread-stream@3.1.0 OK for: pino@9.14.0 want: ^3.0.0
1771 silly fetch manifest split2@^4.0.0
1772 silly packumentCache full:https://registry.npmjs.org/split2 cache-miss
1773 http fetch GET 200 https://registry.npmjs.org/split2 26ms (cache miss)
1774 silly packumentCache full:https://registry.npmjs.org/split2 set size:undefined disposed:false
1775 silly placeDep ROOT split2@4.2.0 OK for: pino-abstract-transport@2.0.0 want: ^4.0.0
1776 silly placeDep ROOT dateformat@4.6.3 OK for: pino-pretty@13.1.2 want: ^4.6.3
1777 silly placeDep ROOT fast-copy@3.0.2 OK for: pino-pretty@13.1.2 want: ^3.0.2
1778 silly placeDep ROOT fast-safe-stringify@2.1.1 OK for: pino-pretty@13.1.2 want: ^2.1.1
1779 silly placeDep ROOT help-me@5.0.0 OK for: pino-pretty@13.1.2 want: ^5.0.0
1780 silly placeDep ROOT joycon@3.1.1 OK for: pino-pretty@13.1.2 want: ^3.1.1
1781 silly placeDep ROOT pump@3.0.3 OK for: pino-pretty@13.1.2 want: ^3.0.0
1782 silly placeDep ROOT secure-json-parse@4.1.0 OK for: pino-pretty@13.1.2 want: ^4.0.0
1783 silly placeDep node_modules/pino-pretty strip-json-comments@5.0.3 OK for: pino-pretty@13.1.2 want: ^5.0.2
1784 silly placeDep node_modules/raw-body http-errors@2.0.0 OK for: raw-body@2.5.2 want: 2.0.0
1785 silly placeDep ROOT iconv-lite@0.4.24 OK for: raw-body@2.5.2 want: 0.4.24
1786 silly placeDep ROOT unpipe@1.0.0 OK for: raw-body@2.5.2 want: 1.0.0
1787 silly fetch manifest safer-buffer@>= 2.1.2 < 3
1788 silly packumentCache full:https://registry.npmjs.org/safer-buffer cache-miss
1789 http fetch GET 200 https://registry.npmjs.org/safer-buffer 23ms (cache miss)
1790 silly packumentCache full:https://registry.npmjs.org/safer-buffer set size:undefined disposed:false
1791 silly placeDep ROOT safer-buffer@2.1.2 OK for: iconv-lite@0.4.24 want: >= 2.1.2 < 3
1792 silly placeDep node_modules/react-toastify clsx@1.2.1 OK for: react-toastify@9.1.3 want: ^1.1.1
1793 silly placeDep ROOT string_decoder@1.3.0 OK for: readable-stream@3.6.2 want: ^1.1.1
1794 silly placeDep ROOT util-deprecate@1.0.2 OK for: readable-stream@3.6.2 want: ^1.0.1
1795 silly placeDep ROOT @types/request@2.48.13 OK for: retry-request@7.0.2 want: ^2.48.8
1796 silly fetch manifest form-data@^2.5.5
1797 silly packumentCache full:https://registry.npmjs.org/form-data cache-miss
1798 silly fetch manifest @types/caseless@*
1799 silly packumentCache full:https://registry.npmjs.org/@types%2fcaseless cache-miss
1800 silly fetch manifest @types/tough-cookie@*
1801 silly packumentCache full:https://registry.npmjs.org/@types%2ftough-cookie cache-miss
1802 http cache https://registry.npmjs.org/form-data 3ms (cache hit)
1803 silly packumentCache full:https://registry.npmjs.org/form-data set size:153646 disposed:false
1804 http fetch GET 200 https://registry.npmjs.org/@types%2fcaseless 31ms (cache miss)
1805 silly packumentCache full:https://registry.npmjs.org/@types%2fcaseless set size:undefined disposed:false
1806 http fetch GET 200 https://registry.npmjs.org/@types%2ftough-cookie 106ms (cache miss)
1807 silly packumentCache full:https://registry.npmjs.org/@types%2ftough-cookie set size:undefined disposed:false
1808 silly placeDep ROOT @types/caseless@0.12.5 OK for: @types/request@2.48.13 want: *
1809 silly placeDep ROOT @types/tough-cookie@4.0.5 OK for: @types/request@2.48.13 want: *
1810 silly placeDep node_modules/@types/request form-data@2.5.5 OK for: @types/request@2.48.13 want: ^2.5.5
1811 silly placeDep ROOT http-proxy-agent@5.0.0 OK for: teeny-request@9.0.0 want: ^5.0.0
1812 silly placeDep node_modules/teeny-request https-proxy-agent@5.0.1 OK for: teeny-request@9.0.0 want: ^5.0.0
1813 silly placeDep ROOT stream-events@1.0.5 OK for: teeny-request@9.0.0 want: ^1.0.5
1814 silly placeDep node_modules/teeny-request uuid@9.0.1 OK for: teeny-request@9.0.0 want: ^9.0.0
1815 silly fetch manifest @tootallnate/once@2
1816 silly packumentCache full:https://registry.npmjs.org/@tootallnate%2fonce cache-miss
1817 silly fetch manifest agent-base@6
1818 silly packumentCache full:https://registry.npmjs.org/agent-base cache-miss
1819 silly fetch manifest agent-base@6
1820 silly packumentCache full:https://registry.npmjs.org/agent-base cache-miss
1821 silly fetch manifest stubs@^3.0.0
1822 silly packumentCache full:https://registry.npmjs.org/stubs cache-miss
1823 http cache https://registry.npmjs.org/agent-base 11ms (cache hit)
1824 silly packumentCache full:https://registry.npmjs.org/agent-base set size:67460 disposed:false
1825 http cache https://registry.npmjs.org/agent-base 13ms (cache hit)
1826 silly packumentCache full:https://registry.npmjs.org/agent-base set size:67460 disposed:false
1827 silly packumentCache full:https://registry.npmjs.org/agent-base dispose
1828 http fetch GET 200 https://registry.npmjs.org/@tootallnate%2fonce 41ms (cache miss)
1829 silly packumentCache full:https://registry.npmjs.org/@tootallnate%2fonce set size:undefined disposed:false
1830 http fetch GET 200 https://registry.npmjs.org/stubs 72ms (cache miss)
1831 silly packumentCache full:https://registry.npmjs.org/stubs set size:undefined disposed:false
1832 silly placeDep ROOT @tootallnate/once@2.0.0 OK for: http-proxy-agent@5.0.0 want: 2
1833 silly placeDep node_modules/http-proxy-agent agent-base@6.0.2 OK for: http-proxy-agent@5.0.0 want: 6
1834 silly placeDep ROOT stubs@3.0.0 OK for: stream-events@1.0.5 want: ^3.0.0
1835 silly placeDep ROOT media-typer@0.3.0 OK for: type-is@1.6.18 want: 0.3.0
1836 silly placeDep ROOT @fastify/busboy@2.1.1 OK for: undici@5.29.0 want: ^2.0.0
1837 silly fetch manifest zod@^3.22.0 || ^4.0.0
1838 silly packumentCache full:https://registry.npmjs.org/zod cache-miss
1839 http cache https://registry.npmjs.org/zod 6ms (cache hit)
1840 silly packumentCache full:https://registry.npmjs.org/zod set size:3245820 disposed:false
1841 silly placeDep node_modules/viem @noble/curves@1.9.1 OK for: @spalladino/viem@2.38.2-eip7594.0 want: 1.9.1
1842 silly placeDep node_modules/viem @noble/hashes@1.8.0 OK for: @spalladino/viem@2.38.2-eip7594.0 want: 1.8.0
1843 silly placeDep ROOT @scure/bip32@1.7.0 OK for: @spalladino/viem@2.38.2-eip7594.0 want: 1.7.0
1844 silly placeDep ROOT @scure/bip39@1.6.0 OK for: @spalladino/viem@2.38.2-eip7594.0 want: 1.6.0
1845 silly placeDep ROOT abitype@1.1.0 OK for: @spalladino/viem@2.38.2-eip7594.0 want: 1.1.0
1846 silly placeDep ROOT isows@1.0.7 OK for: @spalladino/viem@2.38.2-eip7594.0 want: 1.0.7
1847 silly placeDep ROOT ox@0.9.6 OK for: @spalladino/viem@2.38.2-eip7594.0 want: 0.9.6
1848 silly fetch manifest @scure/base@~1.2.5
1849 silly packumentCache full:https://registry.npmjs.org/@scure%2fbase cache-miss
1850 silly fetch manifest @noble/curves@~1.9.0
1851 silly packumentCache full:https://registry.npmjs.org/@noble%2fcurves cache-hit
1852 silly fetch manifest @noble/hashes@~1.8.0
1853 silly packumentCache full:https://registry.npmjs.org/@noble%2fhashes cache-hit
1854 silly fetch manifest @scure/base@~1.2.5
1855 silly packumentCache full:https://registry.npmjs.org/@scure%2fbase cache-miss
1856 silly fetch manifest @noble/hashes@~1.8.0
1857 silly packumentCache full:https://registry.npmjs.org/@noble%2fhashes cache-hit
1858 silly fetch manifest @noble/hashes@^1.8.0
1859 silly packumentCache full:https://registry.npmjs.org/@noble%2fhashes cache-hit
1860 silly fetch manifest eventemitter3@5.0.1
1861 silly packumentCache full:https://registry.npmjs.org/eventemitter3 cache-miss
1862 silly fetch manifest @noble/ciphers@^1.3.0
1863 silly packumentCache full:https://registry.npmjs.org/@noble%2fciphers cache-miss
1864 silly fetch manifest @adraffy/ens-normalize@^1.11.0
1865 silly packumentCache full:https://registry.npmjs.org/@adraffy%2fens-normalize cache-miss
1866 http cache https://registry.npmjs.org/eventemitter3 4ms (cache hit)
1867 silly packumentCache full:https://registry.npmjs.org/eventemitter3 set size:86060 disposed:false
1868 http fetch GET 200 https://registry.npmjs.org/@noble%2fciphers 84ms (cache miss)
1869 silly packumentCache full:https://registry.npmjs.org/@noble%2fciphers set size:undefined disposed:false
1870 http fetch GET 200 https://registry.npmjs.org/@scure%2fbase 91ms (cache miss)
1871 silly packumentCache full:https://registry.npmjs.org/@scure%2fbase set size:undefined disposed:false
1872 http fetch GET 200 https://registry.npmjs.org/@scure%2fbase 94ms (cache miss)
1873 silly packumentCache full:https://registry.npmjs.org/@scure%2fbase set size:undefined disposed:false
1874 http fetch GET 200 https://registry.npmjs.org/@adraffy%2fens-normalize 167ms (cache miss)
1875 silly packumentCache full:https://registry.npmjs.org/@adraffy%2fens-normalize set size:undefined disposed:false
1876 silly placeDep node_modules/@scure/bip32 @noble/curves@1.9.7 OK for: @scure/bip32@1.7.0 want: ~1.9.0
1877 silly placeDep node_modules/@scure/bip32 @noble/hashes@1.8.0 OK for: @scure/bip32@1.7.0 want: ~1.8.0
1878 silly placeDep ROOT @scure/base@1.2.6 OK for: @scure/bip32@1.7.0 want: ~1.2.5
1879 silly placeDep node_modules/@scure/bip39 @noble/hashes@1.8.0 OK for: @scure/bip39@1.6.0 want: ~1.8.0
1880 silly placeDep ROOT @adraffy/ens-normalize@1.11.1 OK for: ox@0.9.6 want: ^1.11.0
1881 silly placeDep ROOT @noble/ciphers@1.3.0 OK for: ox@0.9.6 want: ^1.3.0
1882 silly placeDep node_modules/ox @noble/curves@1.9.1 OK for: ox@0.9.6 want: 1.9.1
1883 silly placeDep node_modules/ox @noble/hashes@1.8.0 OK for: ox@0.9.6 want: ^1.8.0
1884 silly placeDep node_modules/ox eventemitter3@5.0.1 OK for: ox@0.9.6 want: 5.0.1
1885 silly placeDep ROOT tr46@0.0.3 OK for: whatwg-url@5.0.0 want: ~0.0.3
1886 silly placeDep ROOT webidl-conversions@3.0.1 OK for: whatwg-url@5.0.0 want: ^3.0.0
1887 silly placeDep node_modules/@aws-crypto/sha1-browser @smithy/util-buffer-from@2.2.0 OK for: @smithy/util-utf8@2.3.0 want: ^2.2.0
1888 silly fetch manifest @smithy/is-array-buffer@^2.2.0
1889 silly packumentCache full:https://registry.npmjs.org/@smithy%2fis-array-buffer cache-miss
1890 http cache https://registry.npmjs.org/@smithy%2fis-array-buffer 6ms (cache hit)
1891 silly packumentCache full:https://registry.npmjs.org/@smithy%2fis-array-buffer set size:34586 disposed:false
1892 silly placeDep node_modules/@aws-crypto/sha1-browser @smithy/is-array-buffer@2.2.0 OK for: @smithy/util-buffer-from@2.2.0 want: ^2.2.0
1893 silly placeDep node_modules/@aws-crypto/sha256-browser @smithy/util-buffer-from@2.2.0 OK for: @smithy/util-utf8@2.3.0 want: ^2.2.0
1894 silly placeDep node_modules/@aws-crypto/sha256-browser @smithy/is-array-buffer@2.2.0 OK for: @smithy/util-buffer-from@2.2.0 want: ^2.2.0
1895 silly placeDep node_modules/@aws-crypto/util @smithy/util-buffer-from@2.2.0 OK for: @smithy/util-utf8@2.3.0 want: ^2.2.0
1896 silly placeDep node_modules/@aws-crypto/util @smithy/is-array-buffer@2.2.0 OK for: @smithy/util-buffer-from@2.2.0 want: ^2.2.0
1897 silly placeDep node_modules/@google-cloud/storage strnum@1.1.2 OK for: fast-xml-parser@4.5.3 want: ^1.1.1
1898 silly placeDep node_modules/koa-router statuses@2.0.1 OK for: http-errors@2.0.0 want: 2.0.1
1899 silly placeDep node_modules/raw-body statuses@2.0.1 OK for: http-errors@2.0.0 want: 2.0.1
1900 silly placeDep node_modules/teeny-request agent-base@6.0.2 OK for: https-proxy-agent@5.0.1 want: 6
1901 silly reify moves {}
1902 silly audit bulk request {
1902 silly audit   '@alloc/quick-lru': [ '5.2.0' ],
1902 silly audit   '@babel/code-frame': [ '7.27.1' ],
1902 silly audit   '@babel/compat-data': [ '7.28.5' ],
1902 silly audit   '@babel/core': [ '7.28.5' ],
1902 silly audit   '@babel/generator': [ '7.28.5' ],
1902 silly audit   '@babel/helper-compilation-targets': [ '7.27.2' ],
1902 silly audit   '@babel/helper-globals': [ '7.28.0' ],
1902 silly audit   '@babel/helper-module-imports': [ '7.27.1' ],
1902 silly audit   '@babel/helper-module-transforms': [ '7.28.3' ],
1902 silly audit   '@babel/helper-string-parser': [ '7.27.1' ],
1902 silly audit   '@babel/helper-validator-identifier': [ '7.28.5' ],
1902 silly audit   '@babel/helper-validator-option': [ '7.27.1' ],
1902 silly audit   '@babel/helpers': [ '7.28.4' ],
1902 silly audit   '@babel/parser': [ '7.28.5' ],
1902 silly audit   '@babel/template': [ '7.27.2' ],
1902 silly audit   '@babel/traverse': [ '7.28.5' ],
1902 silly audit   '@babel/types': [ '7.28.5' ],
1902 silly audit   '@emnapi/core': [ '1.7.1' ],
1902 silly audit   '@emnapi/runtime': [ '1.7.1' ],
1902 silly audit   '@emnapi/wasi-threads': [ '1.1.0' ],
1902 silly audit   '@eslint-community/eslint-utils': [ '4.9.0' ],
1902 silly audit   'eslint-visitor-keys': [ '3.4.3', '4.2.1' ],
1902 silly audit   '@eslint-community/regexpp': [ '4.12.2' ],
1902 silly audit   '@eslint/config-array': [ '0.21.1' ],
1902 silly audit   '@eslint/config-helpers': [ '0.4.2' ],
1902 silly audit   '@eslint/core': [ '0.17.0' ],
1902 silly audit   '@eslint/eslintrc': [ '3.3.1' ],
1902 silly audit   '@eslint/js': [ '9.39.1' ],
1902 silly audit   '@eslint/object-schema': [ '2.1.7' ],
1902 silly audit   '@eslint/plugin-kit': [ '0.4.1' ],
1902 silly audit   '@humanfs/core': [ '0.19.1' ],
1902 silly audit   '@humanfs/node': [ '0.16.7' ],
1902 silly audit   '@humanwhocodes/module-importer': [ '1.0.1' ],
1902 silly audit   '@humanwhocodes/retry': [ '0.4.3' ],
1902 silly audit   '@img/colour': [ '1.0.0' ],
1902 silly audit   '@img/sharp-darwin-arm64': [ '0.34.5' ],
1902 silly audit   '@img/sharp-darwin-x64': [ '0.34.5' ],
1902 silly audit   '@img/sharp-libvips-darwin-arm64': [ '1.2.4' ],
1902 silly audit   '@img/sharp-libvips-darwin-x64': [ '1.2.4' ],
1902 silly audit   '@img/sharp-libvips-linux-arm': [ '1.2.4' ],
1902 silly audit   '@img/sharp-libvips-linux-arm64': [ '1.2.4' ],
1902 silly audit   '@img/sharp-libvips-linux-ppc64': [ '1.2.4' ],
1902 silly audit   '@img/sharp-libvips-linux-riscv64': [ '1.2.4' ],
1902 silly audit   '@img/sharp-libvips-linux-s390x': [ '1.2.4' ],
1902 silly audit   '@img/sharp-libvips-linux-x64': [ '1.2.4' ],
1902 silly audit   '@img/sharp-libvips-linuxmusl-arm64': [ '1.2.4' ],
1902 silly audit   '@img/sharp-libvips-linuxmusl-x64': [ '1.2.4' ],
1902 silly audit   '@img/sharp-linux-arm': [ '0.34.5' ],
1902 silly audit   '@img/sharp-linux-arm64': [ '0.34.5' ],
1902 silly audit   '@img/sharp-linux-ppc64': [ '0.34.5' ],
1902 silly audit   '@img/sharp-linux-riscv64': [ '0.34.5' ],
1902 silly audit   '@img/sharp-linux-s390x': [ '0.34.5' ],
1902 silly audit   '@img/sharp-linux-x64': [ '0.34.5' ],
1902 silly audit   '@img/sharp-linuxmusl-arm64': [ '0.34.5' ],
1902 silly audit   '@img/sharp-linuxmusl-x64': [ '0.34.5' ],
1902 silly audit   '@img/sharp-wasm32': [ '0.34.5' ],
1902 silly audit   '@img/sharp-win32-arm64': [ '0.34.5' ],
1902 silly audit   '@img/sharp-win32-ia32': [ '0.34.5' ],
1902 silly audit   '@img/sharp-win32-x64': [ '0.34.5' ],
1902 silly audit   '@jridgewell/gen-mapping': [ '0.3.13' ],
1902 silly audit   '@jridgewell/remapping': [ '2.3.5' ],
1902 silly audit   '@jridgewell/resolve-uri': [ '3.1.2' ],
1902 silly audit   '@jridgewell/sourcemap-codec': [ '1.5.5' ],
1902 silly audit   '@jridgewell/trace-mapping': [ '0.3.31' ],
1902 silly audit   '@napi-rs/wasm-runtime': [ '0.2.12' ],
1902 silly audit   '@next/env': [ '16.0.3' ],
1902 silly audit   '@next/eslint-plugin-next': [ '16.0.3' ],
1902 silly audit   '@next/swc-darwin-arm64': [ '16.0.3' ],
1902 silly audit   '@next/swc-darwin-x64': [ '16.0.3' ],
1902 silly audit   '@next/swc-linux-arm64-gnu': [ '16.0.3' ],
1902 silly audit   '@next/swc-linux-arm64-musl': [ '16.0.3' ],
1902 silly audit   '@next/swc-linux-x64-gnu': [ '16.0.3' ],
1902 silly audit   '@next/swc-linux-x64-musl': [ '16.0.3' ],
1902 silly audit   '@next/swc-win32-arm64-msvc': [ '16.0.3' ],
1902 silly audit   '@next/swc-win32-x64-msvc': [ '16.0.3' ],
1902 silly audit   '@nodelib/fs.scandir': [ '2.1.5' ],
1902 silly audit   '@nodelib/fs.stat': [ '2.0.5' ],
1902 silly audit   '@nodelib/fs.walk': [ '1.2.8' ],
1902 silly audit   '@nolyfill/is-core-module': [ '1.0.39' ],
1902 silly audit   '@rtsao/scc': [ '1.1.0' ],
1902 silly audit   '@swc/helpers': [ '0.5.15' ],
1902 silly audit   '@tailwindcss/node': [ '4.1.17' ],
1902 silly audit   '@tailwindcss/oxide': [ '4.1.17' ],
1902 silly audit   '@tailwindcss/oxide-android-arm64': [ '4.1.17' ],
1902 silly audit   '@tailwindcss/oxide-darwin-arm64': [ '4.1.17' ],
1902 silly audit   '@tailwindcss/oxide-darwin-x64': [ '4.1.17' ],
1902 silly audit   '@tailwindcss/oxide-freebsd-x64': [ '4.1.17' ],
1902 silly audit   '@tailwindcss/oxide-linux-arm-gnueabihf': [ '4.1.17' ],
1902 silly audit   '@tailwindcss/oxide-linux-arm64-gnu': [ '4.1.17' ],
1902 silly audit   '@tailwindcss/oxide-linux-arm64-musl': [ '4.1.17' ],
1902 silly audit   '@tailwindcss/oxide-linux-x64-gnu': [ '4.1.17' ],
1902 silly audit   '@tailwindcss/oxide-linux-x64-musl': [ '4.1.17' ],
1902 silly audit   '@tailwindcss/oxide-wasm32-wasi': [ '4.1.17' ],
1902 silly audit   '@tailwindcss/oxide-win32-arm64-msvc': [ '4.1.17' ],
1902 silly audit   '@tailwindcss/oxide-win32-x64-msvc': [ '4.1.17' ],
1902 silly audit   '@tailwindcss/postcss': [ '4.1.17' ],
1902 silly audit   '@tybys/wasm-util': [ '0.10.1' ],
1902 silly audit   '@types/estree': [ '1.0.8' ],
1902 silly audit   '@types/json-schema': [ '7.0.15' ],
1902 silly audit   '@types/json5': [ '0.0.29' ],
1902 silly audit   '@types/node': [ '20.19.25' ],
1902 silly audit   '@types/react': [ '19.2.6' ],
1902 silly audit   '@types/react-dom': [ '19.2.3' ],
1902 silly audit   '@typescript-eslint/eslint-plugin': [ '8.47.0' ],
1902 silly audit   ignore: [ '7.0.5', '5.3.2' ],
1902 silly audit   '@typescript-eslint/parser': [ '8.47.0' ],
1902 silly audit   '@typescript-eslint/project-service': [ '8.47.0' ],
1902 silly audit   '@typescript-eslint/scope-manager': [ '8.47.0' ],
1902 silly audit   '@typescript-eslint/tsconfig-utils': [ '8.47.0' ],
1902 silly audit   '@typescript-eslint/type-utils': [ '8.47.0' ],
1902 silly audit   '@typescript-eslint/types': [ '8.47.0' ],
1902 silly audit   '@typescript-eslint/typescript-estree': [ '8.47.0' ],
1902 silly audit   'brace-expansion': [ '2.0.2', '1.1.12' ],
1902 silly audit   'fast-glob': [ '3.3.3', '3.3.1' ],
1902 silly audit   'glob-parent': [ '5.1.2', '6.0.2' ],
1902 silly audit   minimatch: [ '9.0.5', '3.1.2' ],
1902 silly audit   semver: [ '7.7.3', '6.3.1' ],
1902 silly audit   '@typescript-eslint/utils': [ '8.47.0' ],
1902 silly audit   '@typescript-eslint/visitor-keys': [ '8.47.0' ],
1902 silly audit   '@unrs/resolver-binding-android-arm-eabi': [ '1.11.1' ],
1902 silly audit   '@unrs/resolver-binding-android-arm64': [ '1.11.1' ],
1902 silly audit   '@unrs/resolver-binding-darwin-arm64': [ '1.11.1' ],
1902 silly audit   '@unrs/resolver-binding-darwin-x64': [ '1.11.1' ],
1902 silly audit   '@unrs/resolver-binding-freebsd-x64': [ '1.11.1' ],
1902 silly audit   '@unrs/resolver-binding-linux-arm-gnueabihf': [ '1.11.1' ],
1902 silly audit   '@unrs/resolver-binding-linux-arm-musleabihf': [ '1.11.1' ],
1902 silly audit   '@unrs/resolver-binding-linux-arm64-gnu': [ '1.11.1' ],
1902 silly audit   '@unrs/resolver-binding-linux-arm64-musl': [ '1.11.1' ],
1902 silly audit   '@unrs/resolver-binding-linux-ppc64-gnu': [ '1.11.1' ],
1902 silly audit   '@unrs/resolver-binding-linux-riscv64-gnu': [ '1.11.1' ],
1902 silly audit   '@unrs/resolver-binding-linux-riscv64-musl': [ '1.11.1' ],
1902 silly audit   '@unrs/resolver-binding-linux-s390x-gnu': [ '1.11.1' ],
1902 silly audit   '@unrs/resolver-binding-linux-x64-gnu': [ '1.11.1' ],
1902 silly audit   '@unrs/resolver-binding-linux-x64-musl': [ '1.11.1' ],
1902 silly audit   '@unrs/resolver-binding-wasm32-wasi': [ '1.11.1' ],
1902 silly audit   '@unrs/resolver-binding-win32-arm64-msvc': [ '1.11.1' ],
1902 silly audit   '@unrs/resolver-binding-win32-ia32-msvc': [ '1.11.1' ],
1902 silly audit   '@unrs/resolver-binding-win32-x64-msvc': [ '1.11.1' ],
1902 silly audit   acorn: [ '8.15.0' ],
1902 silly audit   'acorn-jsx': [ '5.3.2' ],
1902 silly audit   ajv: [ '6.12.6' ],
1902 silly audit   'ansi-styles': [ '4.3.0' ],
1902 silly audit   argparse: [ '2.0.1' ],
1902 silly audit   'aria-query': [ '5.3.2' ],
1902 silly audit   'array-buffer-byte-length': [ '1.0.2' ],
1902 silly audit   'array-includes': [ '3.1.9' ],
1902 silly audit   'array.prototype.findlast': [ '1.2.5' ],
1902 silly audit   'array.prototype.findlastindex': [ '1.2.6' ],
1902 silly audit   'array.prototype.flat': [ '1.3.3' ],
1902 silly audit   'array.prototype.flatmap': [ '1.3.3' ],
1902 silly audit   'array.prototype.tosorted': [ '1.1.4' ],
1902 silly audit   'arraybuffer.prototype.slice': [ '1.0.4' ],
1902 silly audit   'ast-types-flow': [ '0.0.8' ],
1902 silly audit   'async-function': [ '1.0.0' ],
1902 silly audit   'available-typed-arrays': [ '1.0.7' ],
1902 silly audit   'axe-core': [ '4.11.0' ],
1902 silly audit   'axobject-query': [ '4.1.0' ],
1902 silly audit   'balanced-match': [ '1.0.2' ],
1902 silly audit   'baseline-browser-mapping': [ '2.8.29' ],
1902 silly audit   braces: [ '3.0.3' ],
1902 silly audit   browserslist: [ '4.28.0' ],
1902 silly audit   'call-bind': [ '1.0.8' ],
1902 silly audit   'call-bind-apply-helpers': [ '1.0.2' ],
1902 silly audit   'call-bound': [ '1.0.4' ],
1902 silly audit   callsites: [ '3.1.0' ],
1902 silly audit   'caniuse-lite': [ '1.0.30001756' ],
1902 silly audit   chalk: [ '4.1.2' ],
1902 silly audit   'client-only': [ '0.0.1' ],
1902 silly audit   'color-convert': [ '2.0.1' ],
1902 silly audit   'color-name': [ '1.1.4' ],
1902 silly audit   'concat-map': [ '0.0.1' ],
1902 silly audit   'convert-source-map': [ '2.0.0' ],
1902 silly audit   'cross-spawn': [ '7.0.6' ],
1902 silly audit   csstype: [ '3.2.3' ],
1902 silly audit   'damerau-levenshtein': [ '1.0.8' ],
1902 silly audit   'data-view-buffer': [ '1.0.2' ],
1902 silly audit   'data-view-byte-length': [ '1.0.2' ],
1902 silly audit   'data-view-byte-offset': [ '1.0.1' ],
1902 silly audit   debug: [ '4.4.3', '3.2.7' ],
1902 silly audit   'deep-is': [ '0.1.4' ],
1902 silly audit   'define-data-property': [ '1.1.4' ],
1902 silly audit   'define-properties': [ '1.2.1' ],
1902 silly audit   'detect-libc': [ '2.1.2' ],
1902 silly audit   doctrine: [ '2.1.0' ],
1902 silly audit   'dunder-proto': [ '1.0.1' ],
1902 silly audit   'electron-to-chromium': [ '1.5.258' ],
1902 silly audit   'emoji-regex': [ '9.2.2' ],
1902 silly audit   'enhanced-resolve': [ '5.18.3' ],
1902 silly audit   'es-abstract': [ '1.24.0' ],
1902 silly audit   'es-define-property': [ '1.0.1' ],
1902 silly audit   'es-errors': [ '1.3.0' ],
1902 silly audit   'es-iterator-helpers': [ '1.2.1' ],
1902 silly audit   'es-object-atoms': [ '1.1.1' ],
1902 silly audit   'es-set-tostringtag': [ '2.1.0' ],
1902 silly audit   'es-shim-unscopables': [ '1.1.0' ],
1902 silly audit   'es-to-primitive': [ '1.3.0' ],
1902 silly audit   escalade: [ '3.2.0' ],
1902 silly audit   'escape-string-regexp': [ '4.0.0' ],
1902 silly audit   eslint: [ '9.39.1' ],
1902 silly audit   'eslint-config-next': [ '16.0.3' ],
1902 silly audit   globals: [ '16.4.0', '14.0.0' ],
1902 silly audit   'eslint-import-resolver-node': [ '0.3.9' ],
1902 silly audit   'eslint-import-resolver-typescript': [ '3.10.1' ],
1902 silly audit   'eslint-module-utils': [ '2.12.1' ],
1902 silly audit   'eslint-plugin-import': [ '2.32.0' ],
1902 silly audit   'eslint-plugin-jsx-a11y': [ '6.10.2' ],
1902 silly audit   'eslint-plugin-react': [ '7.37.5' ],
1902 silly audit   'eslint-plugin-react-hooks': [ '7.0.1' ],
1902 silly audit   resolve: [ '2.0.0-next.5', '1.22.11' ],
1902 silly audit   'eslint-scope': [ '8.4.0' ],
1902 silly audit   espree: [ '10.4.0' ],
1902 silly audit   esquery: [ '1.6.0' ],
1902 silly audit   esrecurse: [ '4.3.0' ],
1902 silly audit   estraverse: [ '5.3.0' ],
1902 silly audit   esutils: [ '2.0.3' ],
1902 silly audit   'fast-deep-equal': [ '3.1.3' ],
1902 silly audit   'fast-json-stable-stringify': [ '2.1.0' ],
1902 silly audit   'fast-levenshtein': [ '2.0.6' ],
1902 silly audit   fastq: [ '1.19.1' ],
1902 silly audit   'file-entry-cache': [ '8.0.0' ],
1902 silly audit   'fill-range': [ '7.1.1' ],
1902 silly audit   'find-up': [ '5.0.0' ],
1902 silly audit   'flat-cache': [ '4.0.1' ],
1902 silly audit   flatted: [ '3.3.3' ],
1902 silly audit   'for-each': [ '0.3.5' ],
1902 silly audit   'function-bind': [ '1.1.2' ],
1902 silly audit   'function.prototype.name': [ '1.1.8' ],
1902 silly audit   'functions-have-names': [ '1.2.3' ],
1902 silly audit   'generator-function': [ '2.0.1' ],
1902 silly audit   gensync: [ '1.0.0-beta.2' ],
1902 silly audit   'get-intrinsic': [ '1.3.0' ],
1902 silly audit   'get-proto': [ '1.0.1' ],
1902 silly audit   'get-symbol-description': [ '1.1.0' ],
1902 silly audit   'get-tsconfig': [ '4.13.0' ],
1902 silly audit   globalthis: [ '1.0.4' ],
1902 silly audit   gopd: [ '1.2.0' ],
1902 silly audit   'graceful-fs': [ '4.2.11' ],
1902 silly audit   graphemer: [ '1.4.0' ],
1902 silly audit   'has-bigints': [ '1.1.0' ],
1902 silly audit   'has-flag': [ '4.0.0' ],
1902 silly audit   'has-property-descriptors': [ '1.0.2' ],
1902 silly audit   'has-proto': [ '1.2.0' ],
1902 silly audit   'has-symbols': [ '1.1.0' ],
1902 silly audit   'has-tostringtag': [ '1.0.2' ],
1902 silly audit   hasown: [ '2.0.2' ],
1902 silly audit   'hermes-estree': [ '0.25.1' ],
1902 silly audit   'hermes-parser': [ '0.25.1' ],
1902 silly audit   'import-fresh': [ '3.3.1' ],
1902 silly audit   imurmurhash: [ '0.1.4' ],
1902 silly audit   'internal-slot': [ '1.1.0' ],
1902 silly audit   'is-array-buffer': [ '3.0.5' ],
1902 silly audit   'is-async-function': [ '2.1.1' ],
1902 silly audit   'is-bigint': [ '1.1.0' ],
1902 silly audit   'is-boolean-object': [ '1.2.2' ],
1902 silly audit   'is-bun-module': [ '2.0.0' ],
1902 silly audit   'is-callable': [ '1.2.7' ],
1902 silly audit   'is-core-module': [ '2.16.1' ],
1902 silly audit   'is-data-view': [ '1.0.2' ],
1902 silly audit   'is-date-object': [ '1.1.0' ],
1902 silly audit   'is-extglob': [ '2.1.1' ],
1902 silly audit   'is-finalizationregistry': [ '1.1.1' ],
1902 silly audit   'is-generator-function': [ '1.1.2' ],
1902 silly audit   'is-glob': [ '4.0.3' ],
1902 silly audit   'is-map': [ '2.0.3' ],
1902 silly audit   'is-negative-zero': [ '2.0.3' ],
1902 silly audit   'is-number': [ '7.0.0' ],
1902 silly audit   'is-number-object': [ '1.1.1' ],
1902 silly audit   'is-regex': [ '1.2.1' ],
1902 silly audit   'is-set': [ '2.0.3' ],
1902 silly audit   'is-shared-array-buffer': [ '1.0.4' ],
1902 silly audit   'is-string': [ '1.1.1' ],
1902 silly audit   'is-symbol': [ '1.1.1' ],
1902 silly audit   'is-typed-array': [ '1.1.15' ],
1902 silly audit   'is-weakmap': [ '2.0.2' ],
1902 silly audit   'is-weakref': [ '1.1.1' ],
1902 silly audit   'is-weakset': [ '2.0.4' ],
1902 silly audit   isarray: [ '2.0.5' ],
1902 silly audit   isexe: [ '2.0.0' ],
1902 silly audit   'iterator.prototype': [ '1.1.5' ],
1902 silly audit   jiti: [ '2.6.1' ],
1902 silly audit   'js-tokens': [ '4.0.0' ],
1902 silly audit   'js-yaml': [ '4.1.1' ],
1902 silly audit   jsesc: [ '3.1.0' ],
1902 silly audit   'json-buffer': [ '3.0.1' ],
1902 silly audit   'json-schema-traverse': [ '0.4.1' ],
1902 silly audit   'json-stable-stringify-without-jsonify': [ '1.0.1' ],
1902 silly audit   json5: [ '2.2.3', '1.0.2' ],
1902 silly audit   'jsx-ast-utils': [ '3.3.5' ],
1902 silly audit   keyv: [ '4.5.4' ],
1902 silly audit   'language-subtag-registry': [ '0.3.23' ],
1902 silly audit   'language-tags': [ '1.0.9' ],
1902 silly audit   levn: [ '0.4.1' ],
1902 silly audit   lightningcss: [ '1.30.2' ],
1902 silly audit   'lightningcss-android-arm64': [ '1.30.2' ],
1902 silly audit   'lightningcss-darwin-arm64': [ '1.30.2' ],
1902 silly audit   'lightningcss-darwin-x64': [ '1.30.2' ],
1902 silly audit   'lightningcss-freebsd-x64': [ '1.30.2' ],
1902 silly audit   'lightningcss-linux-arm-gnueabihf': [ '1.30.2' ],
1902 silly audit   'lightningcss-linux-arm64-gnu': [ '1.30.2' ],
1902 silly audit   'lightningcss-linux-arm64-musl': [ '1.30.2' ],
1902 silly audit   'lightningcss-linux-x64-gnu': [ '1.30.2' ],
1902 silly audit   'lightningcss-linux-x64-musl': [ '1.30.2' ],
1902 silly audit   'lightningcss-win32-arm64-msvc': [ '1.30.2' ],
1902 silly audit   'lightningcss-win32-x64-msvc': [ '1.30.2' ],
1902 silly audit   'locate-path': [ '6.0.0' ],
1902 silly audit   'lodash.merge': [ '4.6.2' ],
1902 silly audit   'loose-envify': [ '1.4.0' ],
1902 silly audit   'lru-cache': [ '5.1.1' ],
1902 silly audit   'magic-string': [ '0.30.21' ],
1902 silly audit   'math-intrinsics': [ '1.1.0' ],
1902 silly audit   merge2: [ '1.4.1' ],
1902 silly audit   micromatch: [ '4.0.8' ],
1902 silly audit   minimist: [ '1.2.8' ],
1902 silly audit   ms: [ '2.1.3' ],
1902 silly audit   nanoid: [ '3.3.11' ],
1902 silly audit   'napi-postinstall': [ '0.3.4' ],
1902 silly audit   'natural-compare': [ '1.4.0' ],
1902 silly audit   next: [ '16.0.3' ],
1902 silly audit   postcss: [ '8.4.31', '8.5.6' ],
1902 silly audit   'node-releases': [ '2.0.27' ],
1902 silly audit   'object-assign': [ '4.1.1' ],
1902 silly audit   'object-inspect': [ '1.13.4' ],
1902 silly audit   'object-keys': [ '1.1.1' ],
1902 silly audit   'object.assign': [ '4.1.7' ],
1902 silly audit   'object.entries': [ '1.1.9' ],
1902 silly audit   'object.fromentries': [ '2.0.8' ],
1902 silly audit   'object.groupby': [ '1.0.3' ],
1902 silly audit   'object.values': [ '1.2.1' ],
1902 silly audit   optionator: [ '0.9.4' ],
1902 silly audit   'own-keys': [ '1.0.1' ],
1902 silly audit   'p-limit': [ '3.1.0' ],
1902 silly audit   'p-locate': [ '5.0.0' ],
1902 silly audit   'parent-module': [ '1.0.1' ],
1902 silly audit   'path-exists': [ '4.0.0' ],
1902 silly audit   'path-key': [ '3.1.1', '4.0.0' ],
1902 silly audit   'path-parse': [ '1.0.7' ],
1902 silly audit   picocolors: [ '1.1.1' ],
1902 silly audit   picomatch: [ '2.3.1', '4.0.3' ],
1902 silly audit   'possible-typed-array-names': [ '1.1.0' ],
1902 silly audit   'prelude-ls': [ '1.2.1' ],
1902 silly audit   'prop-types': [ '15.8.1' ],
1902 silly audit   punycode: [ '2.3.1' ],
1902 silly audit   'queue-microtask': [ '1.2.3' ],
1902 silly audit   react: [ '19.2.0' ],
1902 silly audit   'react-dom': [ '19.2.0' ],
1902 silly audit   'react-is': [ '16.13.1' ],
1902 silly audit   'reflect.getprototypeof': [ '1.0.10' ],
1902 silly audit   'regexp.prototype.flags': [ '1.5.4' ],
1902 silly audit   'resolve-from': [ '4.0.0' ],
1902 silly audit   'resolve-pkg-maps': [ '1.0.0' ],
1902 silly audit   reusify: [ '1.1.0' ],
1902 silly audit   'run-parallel': [ '1.2.0' ],
1902 silly audit   'safe-array-concat': [ '1.1.3' ],
1902 silly audit   'safe-push-apply': [ '1.0.0' ],
1902 silly audit   'safe-regex-test': [ '1.1.0' ],
1902 silly audit   scheduler: [ '0.27.0' ],
1902 silly audit   'set-function-length': [ '1.2.2' ],
1902 silly audit   'set-function-name': [ '2.0.2' ],
1902 silly audit   'set-proto': [ '1.0.0' ],
1902 silly audit   sharp: [ '0.34.5' ],
1902 silly audit   'shebang-command': [ '2.0.0' ],
1902 silly audit   'shebang-regex': [ '3.0.0' ],
1902 silly audit   'side-channel': [ '1.1.0' ],
1902 silly audit   'side-channel-list': [ '1.0.0' ],
1902 silly audit   'side-channel-map': [ '1.0.1' ],
1902 silly audit   'side-channel-weakmap': [ '1.0.2' ],
1902 silly audit   'source-map-js': [ '1.2.1' ],
1902 silly audit   'stable-hash': [ '0.0.5' ],
1902 silly audit   'stop-iteration-iterator': [ '1.1.0' ],
1902 silly audit   'string.prototype.includes': [ '2.0.1' ],
1902 silly audit   'string.prototype.matchall': [ '4.0.12' ],
1902 silly audit   'string.prototype.repeat': [ '1.0.0' ],
1902 silly audit   'string.prototype.trim': [ '1.2.10' ],
1902 silly audit   'string.prototype.trimend': [ '1.0.9' ],
1902 silly audit   'string.prototype.trimstart': [ '1.0.8' ],
1902 silly audit   'strip-bom': [ '3.0.0' ],
1902 silly audit   'strip-json-comments': [ '3.1.1', '5.0.3' ],
1902 silly audit   'styled-jsx': [ '5.1.6' ],
1902 silly audit   'supports-color': [ '7.2.0' ],
1902 silly audit   'supports-preserve-symlinks-flag': [ '1.0.0' ],
1902 silly audit   tailwindcss: [ '4.1.17' ],
1902 silly audit   tapable: [ '2.3.0' ],
1902 silly audit   tinyglobby: [ '0.2.15' ],
1902 silly audit   fdir: [ '6.5.0' ],
1902 silly audit   'to-regex-range': [ '5.0.1' ],
1902 silly audit   'ts-api-utils': [ '2.1.0' ],
1902 silly audit   'tsconfig-paths': [ '3.15.0' ],
1902 silly audit   tslib: [ '2.8.1' ],
1902 silly audit   'type-check': [ '0.4.0' ],
1902 silly audit   'typed-array-buffer': [ '1.0.3' ],
1902 silly audit   'typed-array-byte-length': [ '1.0.3' ],
1902 silly audit   'typed-array-byte-offset': [ '1.0.4' ],
1902 silly audit   'typed-array-length': [ '1.0.7' ],
1902 silly audit   typescript: [ '5.9.3' ],
1902 silly audit   'typescript-eslint': [ '8.47.0' ],
1902 silly audit   'unbox-primitive': [ '1.1.0' ],
1902 silly audit   'undici-types': [ '6.21.0' ],
1902 silly audit   'unrs-resolver': [ '1.11.1' ],
1902 silly audit   'update-browserslist-db': [ '1.1.4' ],
1902 silly audit   'uri-js': [ '4.4.1' ],
1902 silly audit   which: [ '2.0.2' ],
1902 silly audit   'which-boxed-primitive': [ '1.1.1' ],
1902 silly audit   'which-builtin-type': [ '1.2.1' ],
1902 silly audit   'which-collection': [ '1.0.2' ],
1902 silly audit   'which-typed-array': [ '1.1.19' ],
1902 silly audit   'word-wrap': [ '1.2.5' ],
1902 silly audit   yallist: [ '3.1.1' ],
1902 silly audit   'yocto-queue': [ '0.1.0' ],
1902 silly audit   zod: [ '4.1.12', '3.25.76' ],
1902 silly audit   'zod-validation-error': [ '4.0.2' ],
1902 silly audit   '@aztec/accounts': [ '3.0.0-devnet.2' ],
1902 silly audit   '@aztec/aztec.js': [ '3.0.0-devnet.2' ],
1902 silly audit   '@tanstack/react-query': [ '5.90.10' ],
1902 silly audit   clsx: [ '2.1.1', '1.2.1' ],
1902 silly audit   'lucide-react': [ '0.462.0' ],
1902 silly audit   'react-toastify': [ '9.1.3' ],
1902 silly audit   '@aztec/entrypoints': [ '3.0.0-devnet.2' ],
1902 silly audit   '@aztec/ethereum': [ '3.0.0-devnet.2' ],
1902 silly audit   '@aztec/foundation': [ '3.0.0-devnet.2' ],
1902 silly audit   '@aztec/stdlib': [ '3.0.0-devnet.2' ],
1902 silly audit   '@aztec/constants': [ '3.0.0-devnet.2' ],
1902 silly audit   '@aztec/l1-artifacts': [ '3.0.0-devnet.2' ],
1902 silly audit   '@aztec/protocol-contracts': [ '3.0.0-devnet.2' ],
1902 silly audit   axios: [ '1.13.2' ],
1902 silly audit   '@spalladino/viem': [ '2.38.2-eip7594.0' ],
1902 silly audit   '@aztec/blob-lib': [ '3.0.0-devnet.2' ],
1902 silly audit   '@viem/anvil': [ '0.0.10' ],
1902 silly audit   dotenv: [ '16.6.1' ],
1902 silly audit   'lodash.chunk': [ '4.2.0' ],
1902 silly audit   'lodash.pickby': [ '4.6.0' ],
1902 silly audit   '@crate-crypto/node-eth-kzg': [ '0.10.0' ],
1902 silly audit   '@aztec/bb.js': [ '3.0.0-devnet.2' ],
1902 silly audit   '@koa/cors': [ '5.0.0' ],
1902 silly audit   '@noble/curves': [ '1.7.0', '1.9.1', '1.9.7' ],
1902 silly audit   'bn.js': [ '5.2.2' ],
1902 silly audit   colorette: [ '2.0.20' ],
1902 silly audit   'detect-node': [ '2.1.0' ],
1902 silly audit   'hash.js': [ '1.1.7' ],
1902 silly audit   koa: [ '2.16.3' ],
1902 silly audit   'koa-bodyparser': [ '4.4.1' ],
1902 silly audit   'koa-compress': [ '5.1.1' ],
1902 silly audit   'koa-router': [ '13.1.1' ],
1902 silly audit   leveldown: [ '6.1.1' ],
1902 silly audit   'lodash.clonedeepwith': [ '4.5.0' ],
1902 silly audit   pako: [ '2.1.0' ],
1902 silly audit   pino: [ '9.14.0' ],
1902 silly audit   'pino-pretty': [ '13.1.2' ],
1902 silly audit   sha3: [ '2.1.4' ],
1902 silly audit   undici: [ '5.29.0' ],
1902 silly audit   comlink: [ '4.4.2' ],
1902 silly audit   commander: [ '12.1.0' ],
1902 silly audit   'idb-keyval': [ '6.2.2' ],
1902 silly audit   msgpackr: [ '1.11.5' ],
1902 silly audit   'lodash.omit': [ '4.5.0' ],
1902 silly audit   '@aws-sdk/client-s3': [ '3.936.0' ],
1902 silly audit   '@aztec/noir-noirc_abi': [ '3.0.0-devnet.2' ],
1902 silly audit   '@google-cloud/storage': [ '7.17.3' ],
1902 silly audit   'json-stringify-deterministic': [ '1.0.12' ],
1902 silly audit   'lodash.isequal': [ '4.5.0' ],
1902 silly audit   'lodash.times': [ '4.3.2' ],
1902 silly audit   '@aws-crypto/sha1-browser': [ '5.2.0' ],
1902 silly audit   '@aws-crypto/sha256-browser': [ '5.2.0' ],
1902 silly audit   '@aws-crypto/sha256-js': [ '5.2.0' ],
1902 silly audit   '@aws-sdk/core': [ '3.936.0' ],
1902 silly audit   '@aws-sdk/credential-provider-node': [ '3.936.0' ],
1902 silly audit   '@aws-sdk/middleware-bucket-endpoint': [ '3.936.0' ],
1902 silly audit   '@aws-sdk/middleware-expect-continue': [ '3.936.0' ],
1902 silly audit   '@aws-sdk/middleware-flexible-checksums': [ '3.936.0' ],
1902 silly audit   '@aws-sdk/middleware-host-header': [ '3.936.0' ],
1902 silly audit   '@aws-sdk/middleware-location-constraint': [ '3.936.0' ],
1902 silly audit   '@aws-sdk/middleware-logger': [ '3.936.0' ],
1902 silly audit   '@aws-sdk/middleware-recursion-detection': [ '3.936.0' ],
1902 silly audit   '@aws-sdk/middleware-sdk-s3': [ '3.936.0' ],
1902 silly audit   '@aws-sdk/middleware-ssec': [ '3.936.0' ],
1902 silly audit   '@aws-sdk/middleware-user-agent': [ '3.936.0' ],
1902 silly audit   '@aws-sdk/region-config-resolver': [ '3.936.0' ],
1902 silly audit   '@aws-sdk/signature-v4-multi-region': [ '3.936.0' ],
1902 silly audit   '@aws-sdk/types': [ '3.936.0' ],
1902 silly audit   '@aws-sdk/util-endpoints': [ '3.936.0' ],
1902 silly audit   '@aws-sdk/util-user-agent-browser': [ '3.936.0' ],
1902 silly audit   '@aws-sdk/util-user-agent-node': [ '3.936.0' ],
1902 silly audit   '@smithy/config-resolver': [ '4.4.3' ],
1902 silly audit   '@smithy/core': [ '3.18.5' ],
1902 silly audit   '@smithy/eventstream-serde-browser': [ '4.2.5' ],
1902 silly audit   '@smithy/eventstream-serde-config-resolver': [ '4.3.5' ],
1902 silly audit   '@smithy/eventstream-serde-node': [ '4.2.5' ],
1902 silly audit   '@smithy/fetch-http-handler': [ '5.3.6' ],
1902 silly audit   '@smithy/hash-blob-browser': [ '4.2.6' ],
1902 silly audit   '@smithy/hash-node': [ '4.2.5' ],
1902 silly audit   '@smithy/hash-stream-node': [ '4.2.5' ],
1902 silly audit   '@smithy/invalid-dependency': [ '4.2.5' ],
1902 silly audit   '@smithy/md5-js': [ '4.2.5' ],
1902 silly audit   '@smithy/middleware-content-length': [ '4.2.5' ],
1902 silly audit   '@smithy/middleware-endpoint': [ '4.3.12' ],
1902 silly audit   '@smithy/middleware-retry': [ '4.4.12' ],
1902 silly audit   '@smithy/middleware-serde': [ '4.2.6' ],
1902 silly audit   '@smithy/middleware-stack': [ '4.2.5' ],
1902 silly audit   '@smithy/node-config-provider': [ '4.3.5' ],
1902 silly audit   '@smithy/node-http-handler': [ '4.4.5' ],
1902 silly audit   '@smithy/protocol-http': [ '5.3.5' ],
1902 silly audit   '@smithy/smithy-client': [ '4.9.8' ],
1902 silly audit   '@smithy/types': [ '4.9.0' ],
1902 silly audit   '@smithy/url-parser': [ '4.2.5' ],
1902 silly audit   '@smithy/util-base64': [ '4.3.0' ],
1902 silly audit   '@smithy/util-body-length-browser': [ '4.2.0' ],
1902 silly audit   '@smithy/util-body-length-node': [ '4.2.1' ],
1902 silly audit   '@smithy/util-defaults-mode-browser': [ '4.3.11' ],
1902 silly audit   '@smithy/util-defaults-mode-node': [ '4.2.14' ],
1902 silly audit   '@smithy/util-endpoints': [ '3.2.5' ],
1902 silly audit   '@smithy/util-middleware': [ '4.2.5' ],
1902 silly audit   '@smithy/util-retry': [ '4.2.5' ],
1902 silly audit   '@smithy/util-stream': [ '4.5.6' ],
1902 silly audit   '@smithy/util-utf8': [ '4.2.0', '2.3.0' ],
1902 silly audit   '@smithy/util-waiter': [ '4.2.5' ],
1902 silly audit   '@aws-crypto/supports-web-crypto': [ '5.2.0' ],
1902 silly audit   '@aws-crypto/util': [ '5.2.0' ],
1902 silly audit   '@aws-sdk/util-locate-window': [ '3.893.0' ],
1902 silly audit   '@aws-sdk/xml-builder': [ '3.930.0' ],
1902 silly audit   '@smithy/property-provider': [ '4.2.5' ],
1902 silly audit   '@smithy/signature-v4': [ '5.3.5' ],
1902 silly audit   '@aws-sdk/credential-provider-env': [ '3.936.0' ],
1902 silly audit   '@aws-sdk/credential-provider-http': [ '3.936.0' ],
1902 silly audit   '@aws-sdk/credential-provider-ini': [ '3.936.0' ],
1902 silly audit   '@aws-sdk/credential-provider-process': [ '3.936.0' ],
1902 silly audit   '@aws-sdk/credential-provider-sso': [ '3.936.0' ],
1902 silly audit   '@aws-sdk/credential-provider-web-identity': [ '3.936.0' ],
1902 silly audit   '@smithy/credential-provider-imds': [ '4.2.5' ],
1902 silly audit   '@smithy/shared-ini-file-loader': [ '4.4.0' ],
1902 silly audit   '@aws-sdk/credential-provider-login': [ '3.936.0' ],
1902 silly audit   '@aws-sdk/nested-clients': [ '3.936.0' ],
1902 silly audit   '@aws-sdk/client-sso': [ '3.936.0' ],
1902 silly audit   '@aws-sdk/token-providers': [ '3.936.0' ],
1902 silly audit   '@aws-sdk/util-arn-parser': [ '3.893.0' ],
1902 silly audit   '@smithy/util-config-provider': [ '4.2.0' ],
1902 silly audit   '@aws-crypto/crc32': [ '5.2.0' ],
1902 silly audit   '@aws-crypto/crc32c': [ '5.2.0' ],
1902 silly audit   '@smithy/is-array-buffer': [ '4.2.0', '2.2.0' ],
1902 silly audit   '@aws/lambda-invoke-store': [ '0.2.0' ],
1902 silly audit   bowser: [ '2.12.1' ],
1902 silly audit   'fast-xml-parser': [ '5.2.5', '4.5.3' ],
1902 silly audit   '@aztec/noir-types': [ '3.0.0-devnet.2' ],
1902 silly audit   '@crate-crypto/node-eth-kzg-darwin-arm64': [ '0.10.0' ],
1902 silly audit   '@crate-crypto/node-eth-kzg-darwin-x64': [ '0.10.0' ],
1902 silly audit   '@crate-crypto/node-eth-kzg-linux-arm64-gnu': [ '0.10.0' ],
1902 silly audit   '@crate-crypto/node-eth-kzg-linux-x64-gnu': [ '0.10.0' ],
1902 silly audit   '@crate-crypto/node-eth-kzg-win32-arm64-msvc': [ '0.10.0' ],
1902 silly audit   '@crate-crypto/node-eth-kzg-win32-x64-msvc': [ '0.10.0' ],
1902 silly audit   '@google-cloud/paginator': [ '5.0.2' ],
1902 silly audit   '@google-cloud/projectify': [ '4.0.0' ],
1902 silly audit   '@google-cloud/promisify': [ '4.0.0' ],
1902 silly audit   'abort-controller': [ '3.0.0' ],
1902 silly audit   'async-retry': [ '1.3.3' ],
1902 silly audit   duplexify: [ '4.1.3' ],
1902 silly audit   gaxios: [ '6.7.1' ],
1902 silly audit   'google-auth-library': [ '9.15.1' ],
1902 silly audit   'html-entities': [ '2.6.0' ],
1902 silly audit   mime: [ '3.0.0' ],
1902 silly audit   'retry-request': [ '7.0.2' ],
1902 silly audit   'teeny-request': [ '9.0.0' ],
1902 silly audit   uuid: [ '8.3.2', '9.0.1' ],
1902 silly audit   arrify: [ '2.0.1' ],
1902 silly audit   extend: [ '3.0.2' ],
1902 silly audit   vary: [ '1.1.2' ],
1902 silly audit   '@noble/hashes': [ '1.6.0', '1.8.0' ],
1902 silly audit   '@smithy/uuid': [ '1.1.0' ],
1902 silly audit   '@smithy/eventstream-serde-universal': [ '4.2.5' ],
1902 silly audit   '@smithy/eventstream-codec': [ '4.2.5' ],
1902 silly audit   '@smithy/util-hex-encoding': [ '4.2.0' ],
1902 silly audit   '@smithy/querystring-builder': [ '4.2.5' ],
1902 silly audit   '@smithy/chunked-blob-reader': [ '5.2.0' ],
1902 silly audit   '@smithy/chunked-blob-reader-native': [ '4.2.1' ],
1902 silly audit   '@smithy/util-buffer-from': [ '4.2.0', '2.2.0' ],
1902 silly audit   '@smithy/service-error-classification': [ '4.2.5' ],
1902 silly audit   '@smithy/abort-controller': [ '4.2.5' ],
1902 silly audit   '@smithy/util-uri-escape': [ '4.2.0' ],
1902 silly audit   '@smithy/querystring-parser': [ '4.2.5' ],
1902 silly audit   '@tanstack/query-core': [ '5.90.10' ],
1902 silly audit   execa: [ '7.2.0' ],
1902 silly audit   'get-port': [ '6.1.2' ],
1902 silly audit   'http-proxy': [ '1.18.1' ],
1902 silly audit   ws: [ '8.18.3' ],
1902 silly audit   'event-target-shim': [ '5.0.1' ],
1902 silly audit   retry: [ '0.13.1' ],
1902 silly audit   'follow-redirects': [ '1.15.11' ],
1902 silly audit   'form-data': [ '4.0.5', '2.5.5' ],
1902 silly audit   'proxy-from-env': [ '1.1.0' ],
1902 silly audit   'end-of-stream': [ '1.4.5' ],
1902 silly audit   inherits: [ '2.0.4' ],
1902 silly audit   'readable-stream': [ '3.6.2' ],
1902 silly audit   'stream-shift': [ '1.0.3' ],
1902 silly audit   once: [ '1.4.0' ],
1902 silly audit   'get-stream': [ '6.0.1' ],
1902 silly audit   'human-signals': [ '4.3.1' ],
1902 silly audit   'is-stream': [ '3.0.0', '2.0.1' ],
1902 silly audit   'merge-stream': [ '2.0.0' ],
1902 silly audit   'npm-run-path': [ '5.3.0' ],
1902 silly audit   onetime: [ '6.0.0' ],
1902 silly audit   'signal-exit': [ '3.0.7' ],
1902 silly audit   'strip-final-newline': [ '3.0.0' ],
1902 silly audit   strnum: [ '2.1.1', '1.1.2' ],
1902 silly audit   asynckit: [ '0.4.0' ],
1902 silly audit   'combined-stream': [ '1.0.8' ],
1902 silly audit   'mime-types': [ '2.1.35' ],
1902 silly audit   'delayed-stream': [ '1.0.0' ],
1902 silly audit   'https-proxy-agent': [ '7.0.6', '5.0.1' ],
1902 silly audit   'node-fetch': [ '2.7.0' ],
1902 silly audit   'base64-js': [ '1.5.1' ],
1902 silly audit   'ecdsa-sig-formatter': [ '1.0.11' ],
1902 silly audit   'gcp-metadata': [ '6.1.1' ],
1902 silly audit   gtoken: [ '7.1.0' ],
1902 silly audit   jws: [ '4.0.0' ],
1902 silly audit   'safe-buffer': [ '5.2.1' ],
1902 silly audit   'google-logging-utils': [ '0.0.2' ],
1902 silly audit   'json-bigint': [ '1.0.0' ],
1902 silly audit   'minimalistic-assert': [ '1.0.1' ],
1902 silly audit   eventemitter3: [ '4.0.7', '5.0.1' ],
1902 silly audit   'requires-port': [ '1.0.0' ],
1902 silly audit   'agent-base': [ '7.1.4', '6.0.2' ],
1902 silly audit   'bignumber.js': [ '9.3.1' ],
1902 silly audit   jwa: [ '2.0.1' ],
1902 silly audit   'buffer-equal-constant-time': [ '1.0.1' ],
1902 silly audit   accepts: [ '1.3.8' ],
1902 silly audit   'cache-content-type': [ '1.0.1' ],
1902 silly audit   'content-disposition': [ '0.5.4' ],
1902 silly audit   'content-type': [ '1.0.5' ],
1902 silly audit   cookies: [ '0.9.1' ],
1902 silly audit   delegates: [ '1.0.0' ],
1902 silly audit   depd: [ '2.0.0', '1.1.2' ],
1902 silly audit   destroy: [ '1.2.0' ],
1902 silly audit   encodeurl: [ '1.0.2' ],
1902 silly audit   'escape-html': [ '1.0.3' ],
1902 silly audit   fresh: [ '0.5.2' ],
1902 silly audit   'http-assert': [ '1.5.0' ],
1902 silly audit   'http-errors': [ '1.8.1', '2.0.0' ],
1902 silly audit   'koa-compose': [ '4.1.0' ],
1902 silly audit   'koa-convert': [ '2.0.0' ],
1902 silly audit   'on-finished': [ '2.4.1' ],
1902 silly audit   only: [ '0.0.2' ],
1902 silly audit   parseurl: [ '1.3.3' ],
1902 silly audit   statuses: [ '1.5.0', '2.0.1' ],
1902 silly audit   'type-is': [ '1.6.18' ],
1902 silly audit   negotiator: [ '0.6.3' ],
1902 silly audit   ylru: [ '1.4.0' ],
1902 silly audit   keygrip: [ '1.1.0' ],
1902 silly audit   'deep-equal': [ '1.0.1' ],
1902 silly audit   setprototypeof: [ '1.2.0' ],
1902 silly audit   toidentifier: [ '1.0.1' ],
1902 silly audit   tsscmp: [ '1.0.6' ],
1902 silly audit   'co-body': [ '6.2.0' ],
1902 silly audit   'copy-to': [ '2.0.1' ],
1902 silly audit   '@hapi/bourne': [ '3.0.0' ],
1902 silly audit   inflation: [ '2.1.0' ],
1902 silly audit   qs: [ '6.14.0' ],
1902 silly audit   'raw-body': [ '2.5.2' ],
1902 silly audit   bytes: [ '3.1.2' ],
1902 silly audit   compressible: [ '2.0.18' ],
1902 silly audit   'koa-is-json': [ '1.0.0' ],
1902 silly audit   'mime-db': [ '1.54.0', '1.52.0' ],
1902 silly audit   co: [ '4.6.0' ],
1902 silly audit   'path-to-regexp': [ '6.3.0' ],
1902 silly audit   'abstract-leveldown': [ '7.2.0' ],
1902 silly audit   'napi-macros': [ '2.0.0' ],
1902 silly audit   'node-gyp-build': [ '4.8.4' ],
1902 silly audit   buffer: [ '6.0.3' ],
1902 silly audit   catering: [ '2.1.1' ],
1902 silly audit   'is-buffer': [ '2.0.5' ],
1902 silly audit   'level-concat-iterator': [ '3.1.0' ],
1902 silly audit   'level-supports': [ '2.1.0' ],
1902 silly audit   ieee754: [ '1.2.1' ],
1902 silly audit   'msgpackr-extract': [ '3.0.3' ],
1902 silly audit   '@msgpackr-extract/msgpackr-extract-darwin-arm64': [ '3.0.3' ],
1902 silly audit   '@msgpackr-extract/msgpackr-extract-darwin-x64': [ '3.0.3' ],
1902 silly audit   '@msgpackr-extract/msgpackr-extract-linux-arm': [ '3.0.3' ],
1902 silly audit   '@msgpackr-extract/msgpackr-extract-linux-arm64': [ '3.0.3' ],
1902 silly audit   '@msgpackr-extract/msgpackr-extract-linux-x64': [ '3.0.3' ],
1902 silly audit   '@msgpackr-extract/msgpackr-extract-win32-x64': [ '3.0.3' ],
1902 silly audit   'node-gyp-build-optional-packages': [ '5.2.2' ],
1902 silly audit   'whatwg-url': [ '5.0.0' ],
1902 silly audit   'ee-first': [ '1.1.1' ],
1902 silly audit   wrappy: [ '1.0.2' ],
1902 silly audit   'mimic-fn': [ '4.0.0' ],
1902 silly audit   '@pinojs/redact': [ '0.4.0' ],
1902 silly audit   'atomic-sleep': [ '1.0.0' ],
1902 silly audit   'on-exit-leak-free': [ '2.1.2' ],
1902 silly audit   'pino-abstract-transport': [ '2.0.0' ],
1902 silly audit   'pino-std-serializers': [ '7.0.0' ],
1902 silly audit   'process-warning': [ '5.0.0' ],
1902 silly audit   'quick-format-unescaped': [ '4.0.4' ],
1902 silly audit   'real-require': [ '0.2.0' ],
1902 silly audit   'safe-stable-stringify': [ '2.5.0' ],
1902 silly audit   'sonic-boom': [ '4.2.0' ],
1902 silly audit   'thread-stream': [ '3.1.0' ],
1902 silly audit   split2: [ '4.2.0' ],
1902 silly audit   dateformat: [ '4.6.3' ],
1902 silly audit   'fast-copy': [ '3.0.2' ],
1902 silly audit   'fast-safe-stringify': [ '2.1.1' ],
1902 silly audit   'help-me': [ '5.0.0' ],
1902 silly audit   joycon: [ '3.1.1' ],
1902 silly audit   pump: [ '3.0.3' ],
1902 silly audit   'secure-json-parse': [ '4.1.0' ],
1902 silly audit   'iconv-lite': [ '0.4.24' ],
1902 silly audit   unpipe: [ '1.0.0' ],
1902 silly audit   'safer-buffer': [ '2.1.2' ],
1902 silly audit   string_decoder: [ '1.3.0' ],
1902 silly audit   'util-deprecate': [ '1.0.2' ],
1902 silly audit   '@types/request': [ '2.48.13' ],
1902 silly audit   '@types/caseless': [ '0.12.5' ],
1902 silly audit   '@types/tough-cookie': [ '4.0.5' ],
1902 silly audit   'http-proxy-agent': [ '5.0.0' ],
1902 silly audit   'stream-events': [ '1.0.5' ],
1902 silly audit   '@tootallnate/once': [ '2.0.0' ],
1902 silly audit   stubs: [ '3.0.0' ],
1902 silly audit   'media-typer': [ '0.3.0' ],
1902 silly audit   '@fastify/busboy': [ '2.1.1' ],
1902 silly audit   '@scure/bip32': [ '1.7.0' ],
1902 silly audit   '@scure/bip39': [ '1.6.0' ],
1902 silly audit   abitype: [ '1.1.0' ],
1902 silly audit   isows: [ '1.0.7' ],
1902 silly audit   ox: [ '0.9.6' ],
1902 silly audit   '@scure/base': [ '1.2.6' ],
1902 silly audit   '@adraffy/ens-normalize': [ '1.11.1' ],
1902 silly audit   '@noble/ciphers': [ '1.3.0' ],
1902 silly audit   tr46: [ '0.0.3' ],
1902 silly audit   'webidl-conversions': [ '3.0.1' ]
1902 silly audit }
1903 http cache tr46@https://registry.npmjs.org/tr46/-/tr46-0.0.3.tgz 0ms (cache hit)
1904 http cache webidl-conversions@https://registry.npmjs.org/webidl-conversions/-/webidl-conversions-3.0.1.tgz 0ms (cache hit)
1905 http cache @adraffy/ens-normalize@https://registry.npmjs.org/@adraffy/ens-normalize/-/ens-normalize-1.11.1.tgz 0ms (cache hit)
1906 http cache @scure/base@https://registry.npmjs.org/@scure/base/-/base-1.2.6.tgz 0ms (cache hit)
1907 http cache ox@https://registry.npmjs.org/ox/-/ox-0.9.6.tgz 0ms (cache hit)
1908 http cache @noble/ciphers@https://registry.npmjs.org/@noble/ciphers/-/ciphers-1.3.0.tgz 0ms (cache hit)
1909 http cache abitype@https://registry.npmjs.org/abitype/-/abitype-1.1.0.tgz 0ms (cache hit)
1910 http cache isows@https://registry.npmjs.org/isows/-/isows-1.0.7.tgz 0ms (cache hit)
1911 http cache @scure/bip39@https://registry.npmjs.org/@scure/bip39/-/bip39-1.6.0.tgz 0ms (cache hit)
1912 http cache @scure/bip32@https://registry.npmjs.org/@scure/bip32/-/bip32-1.7.0.tgz 0ms (cache hit)
1913 http cache @fastify/busboy@https://registry.npmjs.org/@fastify/busboy/-/busboy-2.1.1.tgz 0ms (cache hit)
1914 http cache stubs@https://registry.npmjs.org/stubs/-/stubs-3.0.0.tgz 0ms (cache hit)
1915 http cache @tootallnate/once@https://registry.npmjs.org/@tootallnate/once/-/once-2.0.0.tgz 0ms (cache hit)
1916 http cache stream-events@https://registry.npmjs.org/stream-events/-/stream-events-1.0.5.tgz 0ms (cache hit)
1917 http cache http-proxy-agent@https://registry.npmjs.org/http-proxy-agent/-/http-proxy-agent-5.0.0.tgz 0ms (cache hit)
1918 http cache media-typer@https://registry.npmjs.org/media-typer/-/media-typer-0.3.0.tgz 0ms (cache hit)
1919 http cache @types/tough-cookie@https://registry.npmjs.org/@types/tough-cookie/-/tough-cookie-4.0.5.tgz 0ms (cache hit)
1920 http cache @types/caseless@https://registry.npmjs.org/@types/caseless/-/caseless-0.12.5.tgz 0ms (cache hit)
1921 http cache @types/request@https://registry.npmjs.org/@types/request/-/request-2.48.13.tgz 0ms (cache hit)
1922 http cache util-deprecate@https://registry.npmjs.org/util-deprecate/-/util-deprecate-1.0.2.tgz 0ms (cache hit)
1923 http cache string_decoder@https://registry.npmjs.org/string_decoder/-/string_decoder-1.3.0.tgz 0ms (cache hit)
1924 http cache safer-buffer@https://registry.npmjs.org/safer-buffer/-/safer-buffer-2.1.2.tgz 0ms (cache hit)
1925 http cache unpipe@https://registry.npmjs.org/unpipe/-/unpipe-1.0.0.tgz 0ms (cache hit)
1926 http cache iconv-lite@https://registry.npmjs.org/iconv-lite/-/iconv-lite-0.4.24.tgz 0ms (cache hit)
1927 http cache pump@https://registry.npmjs.org/pump/-/pump-3.0.3.tgz 0ms (cache hit)
1928 http cache secure-json-parse@https://registry.npmjs.org/secure-json-parse/-/secure-json-parse-4.1.0.tgz 0ms (cache hit)
1929 http cache joycon@https://registry.npmjs.org/joycon/-/joycon-3.1.1.tgz 0ms (cache hit)
1930 http cache help-me@https://registry.npmjs.org/help-me/-/help-me-5.0.0.tgz 0ms (cache hit)
1931 http cache fast-safe-stringify@https://registry.npmjs.org/fast-safe-stringify/-/fast-safe-stringify-2.1.1.tgz 0ms (cache hit)
1932 http cache dateformat@https://registry.npmjs.org/dateformat/-/dateformat-4.6.3.tgz 0ms (cache hit)
1933 http cache split2@https://registry.npmjs.org/split2/-/split2-4.2.0.tgz 0ms (cache hit)
1934 http cache fast-copy@https://registry.npmjs.org/fast-copy/-/fast-copy-3.0.2.tgz 0ms (cache hit)
1935 http cache thread-stream@https://registry.npmjs.org/thread-stream/-/thread-stream-3.1.0.tgz 0ms (cache hit)
1936 http cache sonic-boom@https://registry.npmjs.org/sonic-boom/-/sonic-boom-4.2.0.tgz 0ms (cache hit)
1937 http cache real-require@https://registry.npmjs.org/real-require/-/real-require-0.2.0.tgz 0ms (cache hit)
1938 http cache safe-stable-stringify@https://registry.npmjs.org/safe-stable-stringify/-/safe-stable-stringify-2.5.0.tgz 0ms (cache hit)
1939 http cache quick-format-unescaped@https://registry.npmjs.org/quick-format-unescaped/-/quick-format-unescaped-4.0.4.tgz 0ms (cache hit)
1940 http cache process-warning@https://registry.npmjs.org/process-warning/-/process-warning-5.0.0.tgz 0ms (cache hit)
1941 http cache pino-std-serializers@https://registry.npmjs.org/pino-std-serializers/-/pino-std-serializers-7.0.0.tgz 0ms (cache hit)
1942 http cache pino-abstract-transport@https://registry.npmjs.org/pino-abstract-transport/-/pino-abstract-transport-2.0.0.tgz 0ms (cache hit)
1943 http cache on-exit-leak-free@https://registry.npmjs.org/on-exit-leak-free/-/on-exit-leak-free-2.1.2.tgz 0ms (cache hit)
1944 http cache @pinojs/redact@https://registry.npmjs.org/@pinojs/redact/-/redact-0.4.0.tgz 0ms (cache hit)
1945 http cache mimic-fn@https://registry.npmjs.org/mimic-fn/-/mimic-fn-4.0.0.tgz 0ms (cache hit)
1946 http cache ee-first@https://registry.npmjs.org/ee-first/-/ee-first-1.1.1.tgz 0ms (cache hit)
1947 http cache whatwg-url@https://registry.npmjs.org/whatwg-url/-/whatwg-url-5.0.0.tgz 0ms (cache hit)
1948 http cache wrappy@https://registry.npmjs.org/wrappy/-/wrappy-1.0.2.tgz 0ms (cache hit)
1949 http cache node-gyp-build-optional-packages@https://registry.npmjs.org/node-gyp-build-optional-packages/-/node-gyp-build-optional-packages-5.2.2.tgz 0ms (cache hit)
1950 http cache msgpackr-extract@https://registry.npmjs.org/msgpackr-extract/-/msgpackr-extract-3.0.3.tgz 0ms (cache hit)
1951 http cache ieee754@https://registry.npmjs.org/ieee754/-/ieee754-1.2.1.tgz 0ms (cache hit)
1952 http cache level-supports@https://registry.npmjs.org/level-supports/-/level-supports-2.1.0.tgz 0ms (cache hit)
1953 http cache @msgpackr-extract/msgpackr-extract-darwin-arm64@https://registry.npmjs.org/@msgpackr-extract/msgpackr-extract-darwin-arm64/-/msgpackr-extract-darwin-arm64-3.0.3.tgz 0ms (cache hit)
1954 http cache level-concat-iterator@https://registry.npmjs.org/level-concat-iterator/-/level-concat-iterator-3.1.0.tgz 0ms (cache hit)
1955 http cache is-buffer@https://registry.npmjs.org/is-buffer/-/is-buffer-2.0.5.tgz 0ms (cache hit)
1956 http cache catering@https://registry.npmjs.org/catering/-/catering-2.1.1.tgz 0ms (cache hit)
1957 http cache buffer@https://registry.npmjs.org/buffer/-/buffer-6.0.3.tgz 0ms (cache hit)
1958 http cache node-gyp-build@https://registry.npmjs.org/node-gyp-build/-/node-gyp-build-4.8.4.tgz 0ms (cache hit)
1959 http cache napi-macros@https://registry.npmjs.org/napi-macros/-/napi-macros-2.0.0.tgz 0ms (cache hit)
1960 http cache abstract-leveldown@https://registry.npmjs.org/abstract-leveldown/-/abstract-leveldown-7.2.0.tgz 0ms (cache hit)
1961 http cache path-to-regexp@https://registry.npmjs.org/path-to-regexp/-/path-to-regexp-6.3.0.tgz 0ms (cache hit)
1962 http cache co@https://registry.npmjs.org/co/-/co-4.6.0.tgz 0ms (cache hit)
1963 http cache koa-is-json@https://registry.npmjs.org/koa-is-json/-/koa-is-json-1.0.0.tgz 0ms (cache hit)
1964 http cache compressible@https://registry.npmjs.org/compressible/-/compressible-2.0.18.tgz 0ms (cache hit)
1965 http cache mime-db@https://registry.npmjs.org/mime-db/-/mime-db-1.54.0.tgz 0ms (cache hit)
1966 http cache bytes@https://registry.npmjs.org/bytes/-/bytes-3.1.2.tgz 0ms (cache hit)
1967 http cache raw-body@https://registry.npmjs.org/raw-body/-/raw-body-2.5.2.tgz 0ms (cache hit)
1968 http cache qs@https://registry.npmjs.org/qs/-/qs-6.14.0.tgz 0ms (cache hit)
1969 http cache inflation@https://registry.npmjs.org/inflation/-/inflation-2.1.0.tgz 0ms (cache hit)
1970 http cache copy-to@https://registry.npmjs.org/copy-to/-/copy-to-2.0.1.tgz 0ms (cache hit)
1971 http cache co-body@https://registry.npmjs.org/co-body/-/co-body-6.2.0.tgz 0ms (cache hit)
1972 http cache @hapi/bourne@https://registry.npmjs.org/@hapi/bourne/-/bourne-3.0.0.tgz 0ms (cache hit)
1973 http cache tsscmp@https://registry.npmjs.org/tsscmp/-/tsscmp-1.0.6.tgz 0ms (cache hit)
1974 http cache setprototypeof@https://registry.npmjs.org/setprototypeof/-/setprototypeof-1.2.0.tgz 0ms (cache hit)
1975 http cache deep-equal@https://registry.npmjs.org/deep-equal/-/deep-equal-1.0.1.tgz 0ms (cache hit)
1976 http cache keygrip@https://registry.npmjs.org/keygrip/-/keygrip-1.1.0.tgz 0ms (cache hit)
1977 http cache negotiator@https://registry.npmjs.org/negotiator/-/negotiator-0.6.3.tgz 0ms (cache hit)
1978 http cache ylru@https://registry.npmjs.org/ylru/-/ylru-1.4.0.tgz 0ms (cache hit)
1979 http cache toidentifier@https://registry.npmjs.org/toidentifier/-/toidentifier-1.0.1.tgz 0ms (cache hit)
1980 http cache statuses@https://registry.npmjs.org/statuses/-/statuses-1.5.0.tgz 0ms (cache hit)
1981 http cache parseurl@https://registry.npmjs.org/parseurl/-/parseurl-1.3.3.tgz 0ms (cache hit)
1982 http cache only@https://registry.npmjs.org/only/-/only-0.0.2.tgz 0ms (cache hit)
1983 http cache on-finished@https://registry.npmjs.org/on-finished/-/on-finished-2.4.1.tgz 0ms (cache hit)
1984 http cache type-is@https://registry.npmjs.org/type-is/-/type-is-1.6.18.tgz 0ms (cache hit)
1985 http cache koa-convert@https://registry.npmjs.org/koa-convert/-/koa-convert-2.0.0.tgz 0ms (cache hit)
1986 http cache koa-compose@https://registry.npmjs.org/koa-compose/-/koa-compose-4.1.0.tgz 0ms (cache hit)
1987 http cache http-errors@https://registry.npmjs.org/http-errors/-/http-errors-1.8.1.tgz 0ms (cache hit)
1988 http cache http-assert@https://registry.npmjs.org/http-assert/-/http-assert-1.5.0.tgz 0ms (cache hit)
1989 http cache fresh@https://registry.npmjs.org/fresh/-/fresh-0.5.2.tgz 0ms (cache hit)
1990 http cache escape-html@https://registry.npmjs.org/escape-html/-/escape-html-1.0.3.tgz 0ms (cache hit)
1991 http cache encodeurl@https://registry.npmjs.org/encodeurl/-/encodeurl-1.0.2.tgz 0ms (cache hit)
1992 http cache depd@https://registry.npmjs.org/depd/-/depd-2.0.0.tgz 0ms (cache hit)
1993 http cache delegates@https://registry.npmjs.org/delegates/-/delegates-1.0.0.tgz 0ms (cache hit)
1994 http cache cookies@https://registry.npmjs.org/cookies/-/cookies-0.9.1.tgz 0ms (cache hit)
1995 http cache destroy@https://registry.npmjs.org/destroy/-/destroy-1.2.0.tgz 0ms (cache hit)
1996 http cache content-type@https://registry.npmjs.org/content-type/-/content-type-1.0.5.tgz 0ms (cache hit)
1997 http cache content-disposition@https://registry.npmjs.org/content-disposition/-/content-disposition-0.5.4.tgz 0ms (cache hit)
1998 http cache cache-content-type@https://registry.npmjs.org/cache-content-type/-/cache-content-type-1.0.1.tgz 0ms (cache hit)
1999 http cache accepts@https://registry.npmjs.org/accepts/-/accepts-1.3.8.tgz 0ms (cache hit)
2000 http cache buffer-equal-constant-time@https://registry.npmjs.org/buffer-equal-constant-time/-/buffer-equal-constant-time-1.0.1.tgz 0ms (cache hit)
2001 http cache jwa@https://registry.npmjs.org/jwa/-/jwa-2.0.1.tgz 0ms (cache hit)
2002 http cache agent-base@https://registry.npmjs.org/agent-base/-/agent-base-7.1.4.tgz 0ms (cache hit)
2003 http cache requires-port@https://registry.npmjs.org/requires-port/-/requires-port-1.0.0.tgz 0ms (cache hit)
2004 http cache atomic-sleep@https://registry.npmjs.org/atomic-sleep/-/atomic-sleep-1.0.0.tgz 0ms (cache hit)
2005 http cache eventemitter3@https://registry.npmjs.org/eventemitter3/-/eventemitter3-4.0.7.tgz 0ms (cache hit)
2006 http cache minimalistic-assert@https://registry.npmjs.org/minimalistic-assert/-/minimalistic-assert-1.0.1.tgz 0ms (cache hit)
2007 http cache google-logging-utils@https://registry.npmjs.org/google-logging-utils/-/google-logging-utils-0.0.2.tgz 0ms (cache hit)
2008 http cache safe-buffer@https://registry.npmjs.org/safe-buffer/-/safe-buffer-5.2.1.tgz 0ms (cache hit)
2009 http cache jws@https://registry.npmjs.org/jws/-/jws-4.0.0.tgz 0ms (cache hit)
2010 http cache gtoken@https://registry.npmjs.org/gtoken/-/gtoken-7.1.0.tgz 0ms (cache hit)
2011 http cache gcp-metadata@https://registry.npmjs.org/gcp-metadata/-/gcp-metadata-6.1.1.tgz 0ms (cache hit)
2012 http cache ecdsa-sig-formatter@https://registry.npmjs.org/ecdsa-sig-formatter/-/ecdsa-sig-formatter-1.0.11.tgz 0ms (cache hit)
2013 http cache json-bigint@https://registry.npmjs.org/json-bigint/-/json-bigint-1.0.0.tgz 0ms (cache hit)
2014 http cache base64-js@https://registry.npmjs.org/base64-js/-/base64-js-1.5.1.tgz 0ms (cache hit)
2015 http cache node-fetch@https://registry.npmjs.org/node-fetch/-/node-fetch-2.7.0.tgz 0ms (cache hit)
2016 http cache https-proxy-agent@https://registry.npmjs.org/https-proxy-agent/-/https-proxy-agent-7.0.6.tgz 0ms (cache hit)
2017 http cache delayed-stream@https://registry.npmjs.org/delayed-stream/-/delayed-stream-1.0.0.tgz 0ms (cache hit)
2018 http cache combined-stream@https://registry.npmjs.org/combined-stream/-/combined-stream-1.0.8.tgz 0ms (cache hit)
2019 http cache asynckit@https://registry.npmjs.org/asynckit/-/asynckit-0.4.0.tgz 0ms (cache hit)
2020 http cache strnum@https://registry.npmjs.org/strnum/-/strnum-2.1.1.tgz 0ms (cache hit)
2021 http cache bignumber.js@https://registry.npmjs.org/bignumber.js/-/bignumber.js-9.3.1.tgz 0ms (cache hit)
2022 http cache mime-types@https://registry.npmjs.org/mime-types/-/mime-types-2.1.35.tgz 0ms (cache hit)
2023 http cache strip-final-newline@https://registry.npmjs.org/strip-final-newline/-/strip-final-newline-3.0.0.tgz 0ms (cache hit)
2024 http cache signal-exit@https://registry.npmjs.org/signal-exit/-/signal-exit-3.0.7.tgz 0ms (cache hit)
2025 http cache npm-run-path@https://registry.npmjs.org/npm-run-path/-/npm-run-path-5.3.0.tgz 0ms (cache hit)
2026 http cache onetime@https://registry.npmjs.org/onetime/-/onetime-6.0.0.tgz 0ms (cache hit)
2027 http cache is-stream@https://registry.npmjs.org/is-stream/-/is-stream-3.0.0.tgz 0ms (cache hit)
2028 http cache human-signals@https://registry.npmjs.org/human-signals/-/human-signals-4.3.1.tgz 0ms (cache hit)
2029 http cache merge-stream@https://registry.npmjs.org/merge-stream/-/merge-stream-2.0.0.tgz 0ms (cache hit)
2030 http cache once@https://registry.npmjs.org/once/-/once-1.4.0.tgz 0ms (cache hit)
2031 http cache stream-shift@https://registry.npmjs.org/stream-shift/-/stream-shift-1.0.3.tgz 0ms (cache hit)
2032 http cache readable-stream@https://registry.npmjs.org/readable-stream/-/readable-stream-3.6.2.tgz 0ms (cache hit)
2033 http cache inherits@https://registry.npmjs.org/inherits/-/inherits-2.0.4.tgz 0ms (cache hit)
2034 http cache end-of-stream@https://registry.npmjs.org/end-of-stream/-/end-of-stream-1.4.5.tgz 0ms (cache hit)
2035 http cache proxy-from-env@https://registry.npmjs.org/proxy-from-env/-/proxy-from-env-1.1.0.tgz 0ms (cache hit)
2036 http cache form-data@https://registry.npmjs.org/form-data/-/form-data-4.0.5.tgz 0ms (cache hit)
2037 http cache follow-redirects@https://registry.npmjs.org/follow-redirects/-/follow-redirects-1.15.11.tgz 0ms (cache hit)
2038 http cache retry@https://registry.npmjs.org/retry/-/retry-0.13.1.tgz 0ms (cache hit)
2039 http cache event-target-shim@https://registry.npmjs.org/event-target-shim/-/event-target-shim-5.0.1.tgz 0ms (cache hit)
2040 http cache ws@https://registry.npmjs.org/ws/-/ws-8.18.3.tgz 0ms (cache hit)
2041 http cache execa@https://registry.npmjs.org/execa/-/execa-7.2.0.tgz 0ms (cache hit)
2042 http cache get-port@https://registry.npmjs.org/get-port/-/get-port-6.1.2.tgz 0ms (cache hit)
2043 http cache http-proxy@https://registry.npmjs.org/http-proxy/-/http-proxy-1.18.1.tgz 0ms (cache hit)
2044 http cache @smithy/util-uri-escape@https://registry.npmjs.org/@smithy/util-uri-escape/-/util-uri-escape-4.2.0.tgz 0ms (cache hit)
2045 http cache @tanstack/query-core@https://registry.npmjs.org/@tanstack/query-core/-/query-core-5.90.10.tgz 0ms (cache hit)
2046 http cache @smithy/abort-controller@https://registry.npmjs.org/@smithy/abort-controller/-/abort-controller-4.2.5.tgz 0ms (cache hit)
2047 http cache @smithy/service-error-classification@https://registry.npmjs.org/@smithy/service-error-classification/-/service-error-classification-4.2.5.tgz 0ms (cache hit)
2048 http cache @smithy/querystring-parser@https://registry.npmjs.org/@smithy/querystring-parser/-/querystring-parser-4.2.5.tgz 0ms (cache hit)
2049 http cache @smithy/util-buffer-from@https://registry.npmjs.org/@smithy/util-buffer-from/-/util-buffer-from-4.2.0.tgz 0ms (cache hit)
2050 http cache @smithy/chunked-blob-reader-native@https://registry.npmjs.org/@smithy/chunked-blob-reader-native/-/chunked-blob-reader-native-4.2.1.tgz 0ms (cache hit)
2051 http cache @smithy/chunked-blob-reader@https://registry.npmjs.org/@smithy/chunked-blob-reader/-/chunked-blob-reader-5.2.0.tgz 0ms (cache hit)
2052 http cache @smithy/util-hex-encoding@https://registry.npmjs.org/@smithy/util-hex-encoding/-/util-hex-encoding-4.2.0.tgz 0ms (cache hit)
2053 http cache @smithy/querystring-builder@https://registry.npmjs.org/@smithy/querystring-builder/-/querystring-builder-4.2.5.tgz 0ms (cache hit)
2054 http cache @smithy/eventstream-codec@https://registry.npmjs.org/@smithy/eventstream-codec/-/eventstream-codec-4.2.5.tgz 0ms (cache hit)
2055 http cache get-stream@https://registry.npmjs.org/get-stream/-/get-stream-6.0.1.tgz 0ms (cache hit)
2056 http cache @smithy/eventstream-serde-universal@https://registry.npmjs.org/@smithy/eventstream-serde-universal/-/eventstream-serde-universal-4.2.5.tgz 0ms (cache hit)
2057 http cache @smithy/uuid@https://registry.npmjs.org/@smithy/uuid/-/uuid-1.1.0.tgz 0ms (cache hit)
2058 http cache @noble/hashes@https://registry.npmjs.org/@noble/hashes/-/hashes-1.6.0.tgz 0ms (cache hit)
2059 http cache extend@https://registry.npmjs.org/extend/-/extend-3.0.2.tgz 0ms (cache hit)
2060 http cache uuid@https://registry.npmjs.org/uuid/-/uuid-8.3.2.tgz 0ms (cache hit)
2061 http cache teeny-request@https://registry.npmjs.org/teeny-request/-/teeny-request-9.0.0.tgz 0ms (cache hit)
2062 http cache retry-request@https://registry.npmjs.org/retry-request/-/retry-request-7.0.2.tgz 0ms (cache hit)
2063 http cache mime@https://registry.npmjs.org/mime/-/mime-3.0.0.tgz 0ms (cache hit)
2064 http cache arrify@https://registry.npmjs.org/arrify/-/arrify-2.0.1.tgz 0ms (cache hit)
2065 http cache vary@https://registry.npmjs.org/vary/-/vary-1.1.2.tgz 0ms (cache hit)
2066 http cache html-entities@https://registry.npmjs.org/html-entities/-/html-entities-2.6.0.tgz 0ms (cache hit)
2067 http cache gaxios@https://registry.npmjs.org/gaxios/-/gaxios-6.7.1.tgz 0ms (cache hit)
2068 http cache google-auth-library@https://registry.npmjs.org/google-auth-library/-/google-auth-library-9.15.1.tgz 0ms (cache hit)
2069 http cache duplexify@https://registry.npmjs.org/duplexify/-/duplexify-4.1.3.tgz 0ms (cache hit)
2070 http cache async-retry@https://registry.npmjs.org/async-retry/-/async-retry-1.3.3.tgz 0ms (cache hit)
2071 http cache abort-controller@https://registry.npmjs.org/abort-controller/-/abort-controller-3.0.0.tgz 0ms (cache hit)
2072 http cache @google-cloud/projectify@https://registry.npmjs.org/@google-cloud/projectify/-/projectify-4.0.0.tgz 0ms (cache hit)
2073 http cache @google-cloud/paginator@https://registry.npmjs.org/@google-cloud/paginator/-/paginator-5.0.2.tgz 0ms (cache hit)
2074 http cache @aztec/noir-types@https://registry.npmjs.org/@aztec/noir-types/-/noir-types-3.0.0-devnet.2.tgz 0ms (cache hit)
2075 http cache @google-cloud/promisify@https://registry.npmjs.org/@google-cloud/promisify/-/promisify-4.0.0.tgz 0ms (cache hit)
2076 http cache @crate-crypto/node-eth-kzg-darwin-arm64@https://registry.npmjs.org/@crate-crypto/node-eth-kzg-darwin-arm64/-/node-eth-kzg-darwin-arm64-0.10.0.tgz 0ms (cache hit)
2077 http cache bowser@https://registry.npmjs.org/bowser/-/bowser-2.12.1.tgz 0ms (cache hit)
2078 http cache fast-xml-parser@https://registry.npmjs.org/fast-xml-parser/-/fast-xml-parser-5.2.5.tgz 0ms (cache hit)
2079 http cache @smithy/is-array-buffer@https://registry.npmjs.org/@smithy/is-array-buffer/-/is-array-buffer-4.2.0.tgz 0ms (cache hit)
2080 http cache @aws-crypto/crc32c@https://registry.npmjs.org/@aws-crypto/crc32c/-/crc32c-5.2.0.tgz 0ms (cache hit)
2081 http cache @aws-crypto/crc32@https://registry.npmjs.org/@aws-crypto/crc32/-/crc32-5.2.0.tgz 0ms (cache hit)
2082 http cache @smithy/util-config-provider@https://registry.npmjs.org/@smithy/util-config-provider/-/util-config-provider-4.2.0.tgz 0ms (cache hit)
2083 http cache @aws-sdk/util-arn-parser@https://registry.npmjs.org/@aws-sdk/util-arn-parser/-/util-arn-parser-3.893.0.tgz 0ms (cache hit)
2084 http cache @aws/lambda-invoke-store@https://registry.npmjs.org/@aws/lambda-invoke-store/-/lambda-invoke-store-0.2.0.tgz 0ms (cache hit)
2085 http cache @aws-sdk/token-providers@https://registry.npmjs.org/@aws-sdk/token-providers/-/token-providers-3.936.0.tgz 0ms (cache hit)
2086 http cache @aws-sdk/client-sso@https://registry.npmjs.org/@aws-sdk/client-sso/-/client-sso-3.936.0.tgz 0ms (cache hit)
2087 http cache @aws-sdk/nested-clients@https://registry.npmjs.org/@aws-sdk/nested-clients/-/nested-clients-3.936.0.tgz 0ms (cache hit)
2088 http cache @smithy/shared-ini-file-loader@https://registry.npmjs.org/@smithy/shared-ini-file-loader/-/shared-ini-file-loader-4.4.0.tgz 0ms (cache hit)
2089 http cache @aws-sdk/credential-provider-login@https://registry.npmjs.org/@aws-sdk/credential-provider-login/-/credential-provider-login-3.936.0.tgz 0ms (cache hit)
2090 http cache @smithy/credential-provider-imds@https://registry.npmjs.org/@smithy/credential-provider-imds/-/credential-provider-imds-4.2.5.tgz 0ms (cache hit)
2091 http cache @aws-sdk/credential-provider-web-identity@https://registry.npmjs.org/@aws-sdk/credential-provider-web-identity/-/credential-provider-web-identity-3.936.0.tgz 0ms (cache hit)
2092 http cache @aws-sdk/credential-provider-sso@https://registry.npmjs.org/@aws-sdk/credential-provider-sso/-/credential-provider-sso-3.936.0.tgz 0ms (cache hit)
2093 http cache @aws-sdk/credential-provider-process@https://registry.npmjs.org/@aws-sdk/credential-provider-process/-/credential-provider-process-3.936.0.tgz 0ms (cache hit)
2094 http cache @aws-sdk/credential-provider-ini@https://registry.npmjs.org/@aws-sdk/credential-provider-ini/-/credential-provider-ini-3.936.0.tgz 0ms (cache hit)
2095 http cache @aws-sdk/credential-provider-http@https://registry.npmjs.org/@aws-sdk/credential-provider-http/-/credential-provider-http-3.936.0.tgz 0ms (cache hit)
2096 http cache @aws-sdk/credential-provider-env@https://registry.npmjs.org/@aws-sdk/credential-provider-env/-/credential-provider-env-3.936.0.tgz 0ms (cache hit)
2097 http cache @smithy/signature-v4@https://registry.npmjs.org/@smithy/signature-v4/-/signature-v4-5.3.5.tgz 0ms (cache hit)
2098 http cache @smithy/property-provider@https://registry.npmjs.org/@smithy/property-provider/-/property-provider-4.2.5.tgz 0ms (cache hit)
2099 http cache @aws-sdk/xml-builder@https://registry.npmjs.org/@aws-sdk/xml-builder/-/xml-builder-3.930.0.tgz 0ms (cache hit)
2100 http cache @aws-sdk/util-locate-window@https://registry.npmjs.org/@aws-sdk/util-locate-window/-/util-locate-window-3.893.0.tgz 0ms (cache hit)
2101 http cache @aws-crypto/util@https://registry.npmjs.org/@aws-crypto/util/-/util-5.2.0.tgz 0ms (cache hit)
2102 http cache @smithy/util-waiter@https://registry.npmjs.org/@smithy/util-waiter/-/util-waiter-4.2.5.tgz 0ms (cache hit)
2103 http cache @aws-crypto/supports-web-crypto@https://registry.npmjs.org/@aws-crypto/supports-web-crypto/-/supports-web-crypto-5.2.0.tgz 0ms (cache hit)
2104 http cache @smithy/util-utf8@https://registry.npmjs.org/@smithy/util-utf8/-/util-utf8-4.2.0.tgz 0ms (cache hit)
2105 http cache @smithy/util-stream@https://registry.npmjs.org/@smithy/util-stream/-/util-stream-4.5.6.tgz 0ms (cache hit)
2106 http cache @smithy/util-middleware@https://registry.npmjs.org/@smithy/util-middleware/-/util-middleware-4.2.5.tgz 0ms (cache hit)
2107 http cache @smithy/util-retry@https://registry.npmjs.org/@smithy/util-retry/-/util-retry-4.2.5.tgz 0ms (cache hit)
2108 http cache @smithy/util-endpoints@https://registry.npmjs.org/@smithy/util-endpoints/-/util-endpoints-3.2.5.tgz 0ms (cache hit)
2109 http cache @smithy/util-defaults-mode-node@https://registry.npmjs.org/@smithy/util-defaults-mode-node/-/util-defaults-mode-node-4.2.14.tgz 0ms (cache hit)
2110 http cache @smithy/util-body-length-node@https://registry.npmjs.org/@smithy/util-body-length-node/-/util-body-length-node-4.2.1.tgz 0ms (cache hit)
2111 http cache @smithy/util-body-length-browser@https://registry.npmjs.org/@smithy/util-body-length-browser/-/util-body-length-browser-4.2.0.tgz 0ms (cache hit)
2112 http cache @smithy/util-defaults-mode-browser@https://registry.npmjs.org/@smithy/util-defaults-mode-browser/-/util-defaults-mode-browser-4.3.11.tgz 0ms (cache hit)
2113 http cache @smithy/util-base64@https://registry.npmjs.org/@smithy/util-base64/-/util-base64-4.3.0.tgz 0ms (cache hit)
2114 http cache @smithy/url-parser@https://registry.npmjs.org/@smithy/url-parser/-/url-parser-4.2.5.tgz 0ms (cache hit)
2115 http cache @smithy/types@https://registry.npmjs.org/@smithy/types/-/types-4.9.0.tgz 0ms (cache hit)
2116 http cache @smithy/smithy-client@https://registry.npmjs.org/@smithy/smithy-client/-/smithy-client-4.9.8.tgz 0ms (cache hit)
2117 http cache @smithy/protocol-http@https://registry.npmjs.org/@smithy/protocol-http/-/protocol-http-5.3.5.tgz 0ms (cache hit)
2118 http cache @smithy/node-http-handler@https://registry.npmjs.org/@smithy/node-http-handler/-/node-http-handler-4.4.5.tgz 0ms (cache hit)
2119 http cache @smithy/node-config-provider@https://registry.npmjs.org/@smithy/node-config-provider/-/node-config-provider-4.3.5.tgz 0ms (cache hit)
2120 http cache @smithy/middleware-stack@https://registry.npmjs.org/@smithy/middleware-stack/-/middleware-stack-4.2.5.tgz 0ms (cache hit)
2121 http cache @smithy/middleware-serde@https://registry.npmjs.org/@smithy/middleware-serde/-/middleware-serde-4.2.6.tgz 0ms (cache hit)
2122 http cache @smithy/middleware-retry@https://registry.npmjs.org/@smithy/middleware-retry/-/middleware-retry-4.4.12.tgz 0ms (cache hit)
2123 http cache @smithy/middleware-endpoint@https://registry.npmjs.org/@smithy/middleware-endpoint/-/middleware-endpoint-4.3.12.tgz 0ms (cache hit)
2124 http cache @smithy/middleware-content-length@https://registry.npmjs.org/@smithy/middleware-content-length/-/middleware-content-length-4.2.5.tgz 0ms (cache hit)
2125 http cache @smithy/md5-js@https://registry.npmjs.org/@smithy/md5-js/-/md5-js-4.2.5.tgz 0ms (cache hit)
2126 http cache @smithy/invalid-dependency@https://registry.npmjs.org/@smithy/invalid-dependency/-/invalid-dependency-4.2.5.tgz 0ms (cache hit)
2127 http cache @smithy/hash-stream-node@https://registry.npmjs.org/@smithy/hash-stream-node/-/hash-stream-node-4.2.5.tgz 0ms (cache hit)
2128 http cache @smithy/hash-node@https://registry.npmjs.org/@smithy/hash-node/-/hash-node-4.2.5.tgz 0ms (cache hit)
2129 http cache @smithy/fetch-http-handler@https://registry.npmjs.org/@smithy/fetch-http-handler/-/fetch-http-handler-5.3.6.tgz 0ms (cache hit)
2130 http cache @smithy/hash-blob-browser@https://registry.npmjs.org/@smithy/hash-blob-browser/-/hash-blob-browser-4.2.6.tgz 0ms (cache hit)
2131 http cache @smithy/eventstream-serde-node@https://registry.npmjs.org/@smithy/eventstream-serde-node/-/eventstream-serde-node-4.2.5.tgz 0ms (cache hit)
2132 http cache @smithy/eventstream-serde-browser@https://registry.npmjs.org/@smithy/eventstream-serde-browser/-/eventstream-serde-browser-4.2.5.tgz 0ms (cache hit)
2133 http cache @smithy/core@https://registry.npmjs.org/@smithy/core/-/core-3.18.5.tgz 0ms (cache hit)
2134 http cache @smithy/eventstream-serde-config-resolver@https://registry.npmjs.org/@smithy/eventstream-serde-config-resolver/-/eventstream-serde-config-resolver-4.3.5.tgz 0ms (cache hit)
2135 http cache @aws-sdk/util-user-agent-node@https://registry.npmjs.org/@aws-sdk/util-user-agent-node/-/util-user-agent-node-3.936.0.tgz 0ms (cache hit)
2136 http cache @smithy/config-resolver@https://registry.npmjs.org/@smithy/config-resolver/-/config-resolver-4.4.3.tgz 0ms (cache hit)
2137 http cache @aws-sdk/util-user-agent-browser@https://registry.npmjs.org/@aws-sdk/util-user-agent-browser/-/util-user-agent-browser-3.936.0.tgz 0ms (cache hit)
2138 http cache @aws-sdk/util-endpoints@https://registry.npmjs.org/@aws-sdk/util-endpoints/-/util-endpoints-3.936.0.tgz 0ms (cache hit)
2139 http cache @aws-sdk/types@https://registry.npmjs.org/@aws-sdk/types/-/types-3.936.0.tgz 0ms (cache hit)
2140 http cache @aws-sdk/signature-v4-multi-region@https://registry.npmjs.org/@aws-sdk/signature-v4-multi-region/-/signature-v4-multi-region-3.936.0.tgz 0ms (cache hit)
2141 http cache @aws-sdk/region-config-resolver@https://registry.npmjs.org/@aws-sdk/region-config-resolver/-/region-config-resolver-3.936.0.tgz 0ms (cache hit)
2142 http cache @aws-sdk/middleware-user-agent@https://registry.npmjs.org/@aws-sdk/middleware-user-agent/-/middleware-user-agent-3.936.0.tgz 0ms (cache hit)
2143 http cache @aws-sdk/middleware-ssec@https://registry.npmjs.org/@aws-sdk/middleware-ssec/-/middleware-ssec-3.936.0.tgz 0ms (cache hit)
2144 http cache @aws-sdk/middleware-sdk-s3@https://registry.npmjs.org/@aws-sdk/middleware-sdk-s3/-/middleware-sdk-s3-3.936.0.tgz 0ms (cache hit)
2145 http cache @aws-sdk/middleware-recursion-detection@https://registry.npmjs.org/@aws-sdk/middleware-recursion-detection/-/middleware-recursion-detection-3.936.0.tgz 0ms (cache hit)
2146 http cache @aws-sdk/middleware-logger@https://registry.npmjs.org/@aws-sdk/middleware-logger/-/middleware-logger-3.936.0.tgz 0ms (cache hit)
2147 http cache @aws-sdk/middleware-location-constraint@https://registry.npmjs.org/@aws-sdk/middleware-location-constraint/-/middleware-location-constraint-3.936.0.tgz 0ms (cache hit)
2148 http cache @aws-sdk/middleware-host-header@https://registry.npmjs.org/@aws-sdk/middleware-host-header/-/middleware-host-header-3.936.0.tgz 0ms (cache hit)
2149 http cache @aws-sdk/middleware-flexible-checksums@https://registry.npmjs.org/@aws-sdk/middleware-flexible-checksums/-/middleware-flexible-checksums-3.936.0.tgz 0ms (cache hit)
2150 http cache @aws-sdk/middleware-expect-continue@https://registry.npmjs.org/@aws-sdk/middleware-expect-continue/-/middleware-expect-continue-3.936.0.tgz 0ms (cache hit)
2151 http cache @aws-sdk/middleware-bucket-endpoint@https://registry.npmjs.org/@aws-sdk/middleware-bucket-endpoint/-/middleware-bucket-endpoint-3.936.0.tgz 0ms (cache hit)
2152 http cache @aws-sdk/credential-provider-node@https://registry.npmjs.org/@aws-sdk/credential-provider-node/-/credential-provider-node-3.936.0.tgz 0ms (cache hit)
2153 http cache @aws-crypto/sha256-js@https://registry.npmjs.org/@aws-crypto/sha256-js/-/sha256-js-5.2.0.tgz 0ms (cache hit)
2154 http cache @aws-crypto/sha256-browser@https://registry.npmjs.org/@aws-crypto/sha256-browser/-/sha256-browser-5.2.0.tgz 0ms (cache hit)
2155 http cache @aws-crypto/sha1-browser@https://registry.npmjs.org/@aws-crypto/sha1-browser/-/sha1-browser-5.2.0.tgz 0ms (cache hit)
2156 http cache lodash.times@https://registry.npmjs.org/lodash.times/-/lodash.times-4.3.2.tgz 0ms (cache hit)
2157 http cache lodash.isequal@https://registry.npmjs.org/lodash.isequal/-/lodash.isequal-4.5.0.tgz 0ms (cache hit)
2158 http cache json-stringify-deterministic@https://registry.npmjs.org/json-stringify-deterministic/-/json-stringify-deterministic-1.0.12.tgz 0ms (cache hit)
2159 http cache @google-cloud/storage@https://registry.npmjs.org/@google-cloud/storage/-/storage-7.17.3.tgz 0ms (cache hit)
2160 http cache @aztec/noir-noirc_abi@https://registry.npmjs.org/@aztec/noir-noirc_abi/-/noir-noirc_abi-3.0.0-devnet.2.tgz 0ms (cache hit)
2161 http cache @aws-sdk/client-s3@https://registry.npmjs.org/@aws-sdk/client-s3/-/client-s3-3.936.0.tgz 0ms (cache hit)
2162 http cache @aws-sdk/core@https://registry.npmjs.org/@aws-sdk/core/-/core-3.936.0.tgz 0ms (cache hit)
2163 http cache msgpackr@https://registry.npmjs.org/msgpackr/-/msgpackr-1.11.5.tgz 0ms (cache hit)
2164 http cache idb-keyval@https://registry.npmjs.org/idb-keyval/-/idb-keyval-6.2.2.tgz 0ms (cache hit)
2165 http cache commander@https://registry.npmjs.org/commander/-/commander-12.1.0.tgz 0ms (cache hit)
2166 http cache comlink@https://registry.npmjs.org/comlink/-/comlink-4.4.2.tgz 0ms (cache hit)
2167 http cache undici@https://registry.npmjs.org/undici/-/undici-5.29.0.tgz 0ms (cache hit)
2168 http cache sha3@https://registry.npmjs.org/sha3/-/sha3-2.1.4.tgz 0ms (cache hit)
2169 http cache lodash.omit@https://registry.npmjs.org/lodash.omit/-/lodash.omit-4.5.0.tgz 0ms (cache hit)
2170 http cache pino-pretty@https://registry.npmjs.org/pino-pretty/-/pino-pretty-13.1.2.tgz 0ms (cache hit)
2171 http cache pino@https://registry.npmjs.org/pino/-/pino-9.14.0.tgz 0ms (cache hit)
2172 http cache pako@https://registry.npmjs.org/pako/-/pako-2.1.0.tgz 0ms (cache hit)
2173 http cache lodash.clonedeepwith@https://registry.npmjs.org/lodash.clonedeepwith/-/lodash.clonedeepwith-4.5.0.tgz 0ms (cache hit)
2174 http cache leveldown@https://registry.npmjs.org/leveldown/-/leveldown-6.1.1.tgz 0ms (cache hit)
2175 http cache koa-router@https://registry.npmjs.org/koa-router/-/koa-router-13.1.1.tgz 0ms (cache hit)
2176 http cache koa-compress@https://registry.npmjs.org/koa-compress/-/koa-compress-5.1.1.tgz 0ms (cache hit)
2177 http cache koa-bodyparser@https://registry.npmjs.org/koa-bodyparser/-/koa-bodyparser-4.4.1.tgz 0ms (cache hit)
2178 http cache koa@https://registry.npmjs.org/koa/-/koa-2.16.3.tgz 0ms (cache hit)
2179 http cache hash.js@https://registry.npmjs.org/hash.js/-/hash.js-1.1.7.tgz 0ms (cache hit)
2180 http cache detect-node@https://registry.npmjs.org/detect-node/-/detect-node-2.1.0.tgz 0ms (cache hit)
2181 http cache colorette@https://registry.npmjs.org/colorette/-/colorette-2.0.20.tgz 0ms (cache hit)
2182 http cache bn.js@https://registry.npmjs.org/bn.js/-/bn.js-5.2.2.tgz 0ms (cache hit)
2183 http cache @koa/cors@https://registry.npmjs.org/@koa/cors/-/cors-5.0.0.tgz 0ms (cache hit)
2184 http cache @aztec/bb.js@https://registry.npmjs.org/@aztec/bb.js/-/bb.js-3.0.0-devnet.2.tgz 0ms (cache hit)
2185 http cache @noble/curves@https://registry.npmjs.org/@noble/curves/-/curves-1.7.0.tgz 0ms (cache hit)
2186 http cache lodash.pickby@https://registry.npmjs.org/lodash.pickby/-/lodash.pickby-4.6.0.tgz 0ms (cache hit)
2187 http cache @crate-crypto/node-eth-kzg@https://registry.npmjs.org/@crate-crypto/node-eth-kzg/-/node-eth-kzg-0.10.0.tgz 0ms (cache hit)
2188 http cache lodash.chunk@https://registry.npmjs.org/lodash.chunk/-/lodash.chunk-4.2.0.tgz 0ms (cache hit)
2189 http cache dotenv@https://registry.npmjs.org/dotenv/-/dotenv-16.6.1.tgz 0ms (cache hit)
2190 http cache @viem/anvil@https://registry.npmjs.org/@viem/anvil/-/anvil-0.0.10.tgz 0ms (cache hit)
2191 http cache @aztec/blob-lib@https://registry.npmjs.org/@aztec/blob-lib/-/blob-lib-3.0.0-devnet.2.tgz 0ms (cache hit)
2192 http cache viem@https://registry.npmjs.org/@spalladino/viem/-/viem-2.38.2-eip7594.0.tgz 0ms (cache hit)
2193 http cache axios@https://registry.npmjs.org/axios/-/axios-1.13.2.tgz 0ms (cache hit)
2194 http cache @aztec/protocol-contracts@https://registry.npmjs.org/@aztec/protocol-contracts/-/protocol-contracts-3.0.0-devnet.2.tgz 0ms (cache hit)
2195 http cache @aztec/l1-artifacts@https://registry.npmjs.org/@aztec/l1-artifacts/-/l1-artifacts-3.0.0-devnet.2.tgz 0ms (cache hit)
2196 http cache @aztec/constants@https://registry.npmjs.org/@aztec/constants/-/constants-3.0.0-devnet.2.tgz 0ms (cache hit)
2197 http cache @aztec/foundation@https://registry.npmjs.org/@aztec/foundation/-/foundation-3.0.0-devnet.2.tgz 0ms (cache hit)
2198 http cache @aztec/stdlib@https://registry.npmjs.org/@aztec/stdlib/-/stdlib-3.0.0-devnet.2.tgz 0ms (cache hit)
2199 http cache @aztec/ethereum@https://registry.npmjs.org/@aztec/ethereum/-/ethereum-3.0.0-devnet.2.tgz 0ms (cache hit)
2200 http cache @aztec/entrypoints@https://registry.npmjs.org/@aztec/entrypoints/-/entrypoints-3.0.0-devnet.2.tgz 0ms (cache hit)
2201 http cache react-toastify@https://registry.npmjs.org/react-toastify/-/react-toastify-9.1.3.tgz 0ms (cache hit)
2202 http cache lucide-react@https://registry.npmjs.org/lucide-react/-/lucide-react-0.462.0.tgz 0ms (cache hit)
2203 http cache clsx@https://registry.npmjs.org/clsx/-/clsx-2.1.1.tgz 0ms (cache hit)
2204 http cache @tanstack/react-query@https://registry.npmjs.org/@tanstack/react-query/-/react-query-5.90.10.tgz 0ms (cache hit)
2205 http cache @aztec/aztec.js@https://registry.npmjs.org/@aztec/aztec.js/-/aztec.js-3.0.0-devnet.2.tgz 0ms (cache hit)
2206 http cache @aztec/accounts@https://registry.npmjs.org/@aztec/accounts/-/accounts-3.0.0-devnet.2.tgz 0ms (cache hit)
2207 http cache @noble/curves@https://registry.npmjs.org/@noble/curves/-/curves-1.9.1.tgz 0ms (cache hit)
2208 http cache eventemitter3@https://registry.npmjs.org/eventemitter3/-/eventemitter3-5.0.1.tgz 0ms (cache hit)
2209 http cache @noble/hashes@https://registry.npmjs.org/@noble/hashes/-/hashes-1.8.0.tgz 0ms (cache hit)
2210 http cache @noble/hashes@https://registry.npmjs.org/@noble/hashes/-/hashes-1.8.0.tgz 0ms (cache hit)
2211 http cache @noble/hashes@https://registry.npmjs.org/@noble/hashes/-/hashes-1.8.0.tgz 0ms (cache hit)
2212 http cache @noble/curves@https://registry.npmjs.org/@noble/curves/-/curves-1.9.7.tgz 0ms (cache hit)
2213 http cache agent-base@https://registry.npmjs.org/agent-base/-/agent-base-6.0.2.tgz 0ms (cache hit)
2214 http cache form-data@https://registry.npmjs.org/form-data/-/form-data-2.5.5.tgz 0ms (cache hit)
2215 http cache statuses@https://registry.npmjs.org/statuses/-/statuses-2.0.1.tgz 0ms (cache hit)
2216 http cache http-errors@https://registry.npmjs.org/http-errors/-/http-errors-2.0.0.tgz 0ms (cache hit)
2217 http cache depd@https://registry.npmjs.org/depd/-/depd-1.1.2.tgz 0ms (cache hit)
2218 http cache mime-db@https://registry.npmjs.org/mime-db/-/mime-db-1.52.0.tgz 0ms (cache hit)
2219 http cache path-key@https://registry.npmjs.org/path-key/-/path-key-4.0.0.tgz 0ms (cache hit)
2220 http cache agent-base@https://registry.npmjs.org/agent-base/-/agent-base-6.0.2.tgz 0ms (cache hit)
2221 http cache uuid@https://registry.npmjs.org/uuid/-/uuid-9.0.1.tgz 0ms (cache hit)
2222 http cache https-proxy-agent@https://registry.npmjs.org/https-proxy-agent/-/https-proxy-agent-5.0.1.tgz 0ms (cache hit)
2223 http cache uuid@https://registry.npmjs.org/uuid/-/uuid-9.0.1.tgz 0ms (cache hit)
2224 http cache is-stream@https://registry.npmjs.org/is-stream/-/is-stream-2.0.1.tgz 0ms (cache hit)
2225 http cache @smithy/util-buffer-from@https://registry.npmjs.org/@smithy/util-buffer-from/-/util-buffer-from-2.2.0.tgz 0ms (cache hit)
2226 http cache @smithy/util-utf8@https://registry.npmjs.org/@smithy/util-utf8/-/util-utf8-2.3.0.tgz 0ms (cache hit)
2227 http cache @smithy/is-array-buffer@https://registry.npmjs.org/@smithy/is-array-buffer/-/is-array-buffer-2.2.0.tgz 0ms (cache hit)
2228 http cache @smithy/is-array-buffer@https://registry.npmjs.org/@smithy/is-array-buffer/-/is-array-buffer-2.2.0.tgz 0ms (cache hit)
2229 http cache @smithy/util-utf8@https://registry.npmjs.org/@smithy/util-utf8/-/util-utf8-2.3.0.tgz 0ms (cache hit)
2230 http cache @smithy/util-buffer-from@https://registry.npmjs.org/@smithy/util-buffer-from/-/util-buffer-from-2.2.0.tgz 0ms (cache hit)
2231 http cache @smithy/is-array-buffer@https://registry.npmjs.org/@smithy/is-array-buffer/-/is-array-buffer-2.2.0.tgz 0ms (cache hit)
2232 http cache strnum@https://registry.npmjs.org/strnum/-/strnum-1.1.2.tgz 0ms (cache hit)
2233 http cache @smithy/util-utf8@https://registry.npmjs.org/@smithy/util-utf8/-/util-utf8-2.3.0.tgz 0ms (cache hit)
2234 http cache fast-xml-parser@https://registry.npmjs.org/fast-xml-parser/-/fast-xml-parser-4.5.3.tgz 0ms (cache hit)
2235 http cache strip-json-comments@https://registry.npmjs.org/strip-json-comments/-/strip-json-comments-5.0.3.tgz 0ms (cache hit)
2236 http cache http-errors@https://registry.npmjs.org/http-errors/-/http-errors-2.0.0.tgz 0ms (cache hit)
2237 http cache statuses@https://registry.npmjs.org/statuses/-/statuses-2.0.1.tgz 0ms (cache hit)
2238 http cache @noble/hashes@https://registry.npmjs.org/@noble/hashes/-/hashes-1.8.0.tgz 0ms (cache hit)
2239 http cache @noble/curves@https://registry.npmjs.org/@noble/curves/-/curves-1.9.1.tgz 0ms (cache hit)
2240 http cache zod@https://registry.npmjs.org/zod/-/zod-3.25.76.tgz 0ms (cache hit)
2241 http cache zod@https://registry.npmjs.org/zod/-/zod-3.25.76.tgz 0ms (cache hit)
2242 http cache zod@https://registry.npmjs.org/zod/-/zod-3.25.76.tgz 0ms (cache hit)
2243 http cache clsx@https://registry.npmjs.org/clsx/-/clsx-1.2.1.tgz 0ms (cache hit)
2244 http cache zod@https://registry.npmjs.org/zod/-/zod-3.25.76.tgz 0ms (cache hit)
2245 http cache @smithy/util-buffer-from@https://registry.npmjs.org/@smithy/util-buffer-from/-/util-buffer-from-2.2.0.tgz 0ms (cache hit)
2246 silly tarball no local data for tr46@https://registry.npmjs.org/tr46/-/tr46-0.0.3.tgz. Extracting by manifest.
2247 silly tarball no local data for webidl-conversions@https://registry.npmjs.org/webidl-conversions/-/webidl-conversions-3.0.1.tgz. Extracting by manifest.
2248 silly tarball no local data for @adraffy/ens-normalize@https://registry.npmjs.org/@adraffy/ens-normalize/-/ens-normalize-1.11.1.tgz. Extracting by manifest.
2249 silly tarball no local data for @scure/base@https://registry.npmjs.org/@scure/base/-/base-1.2.6.tgz. Extracting by manifest.
2250 silly tarball no local data for ox@https://registry.npmjs.org/ox/-/ox-0.9.6.tgz. Extracting by manifest.
2251 silly tarball no local data for @noble/ciphers@https://registry.npmjs.org/@noble/ciphers/-/ciphers-1.3.0.tgz. Extracting by manifest.
2252 silly tarball no local data for abitype@https://registry.npmjs.org/abitype/-/abitype-1.1.0.tgz. Extracting by manifest.
2253 silly tarball no local data for isows@https://registry.npmjs.org/isows/-/isows-1.0.7.tgz. Extracting by manifest.
2254 silly tarball no local data for @scure/bip39@https://registry.npmjs.org/@scure/bip39/-/bip39-1.6.0.tgz. Extracting by manifest.
2255 silly tarball no local data for @scure/bip32@https://registry.npmjs.org/@scure/bip32/-/bip32-1.7.0.tgz. Extracting by manifest.
2256 silly tarball no local data for @fastify/busboy@https://registry.npmjs.org/@fastify/busboy/-/busboy-2.1.1.tgz. Extracting by manifest.
2257 silly tarball no local data for stubs@https://registry.npmjs.org/stubs/-/stubs-3.0.0.tgz. Extracting by manifest.
2258 silly tarball no local data for @tootallnate/once@https://registry.npmjs.org/@tootallnate/once/-/once-2.0.0.tgz. Extracting by manifest.
2259 silly tarball no local data for stream-events@https://registry.npmjs.org/stream-events/-/stream-events-1.0.5.tgz. Extracting by manifest.
2260 silly tarball no local data for http-proxy-agent@https://registry.npmjs.org/http-proxy-agent/-/http-proxy-agent-5.0.0.tgz. Extracting by manifest.
2261 silly tarball no local data for media-typer@https://registry.npmjs.org/media-typer/-/media-typer-0.3.0.tgz. Extracting by manifest.
2262 silly tarball no local data for @types/tough-cookie@https://registry.npmjs.org/@types/tough-cookie/-/tough-cookie-4.0.5.tgz. Extracting by manifest.
2263 silly tarball no local data for @types/caseless@https://registry.npmjs.org/@types/caseless/-/caseless-0.12.5.tgz. Extracting by manifest.
2264 silly tarball no local data for @types/request@https://registry.npmjs.org/@types/request/-/request-2.48.13.tgz. Extracting by manifest.
2265 silly tarball no local data for util-deprecate@https://registry.npmjs.org/util-deprecate/-/util-deprecate-1.0.2.tgz. Extracting by manifest.
2266 silly tarball no local data for string_decoder@https://registry.npmjs.org/string_decoder/-/string_decoder-1.3.0.tgz. Extracting by manifest.
2267 silly tarball no local data for safer-buffer@https://registry.npmjs.org/safer-buffer/-/safer-buffer-2.1.2.tgz. Extracting by manifest.
2268 silly tarball no local data for unpipe@https://registry.npmjs.org/unpipe/-/unpipe-1.0.0.tgz. Extracting by manifest.
2269 silly tarball no local data for iconv-lite@https://registry.npmjs.org/iconv-lite/-/iconv-lite-0.4.24.tgz. Extracting by manifest.
2270 silly tarball no local data for pump@https://registry.npmjs.org/pump/-/pump-3.0.3.tgz. Extracting by manifest.
2271 silly tarball no local data for secure-json-parse@https://registry.npmjs.org/secure-json-parse/-/secure-json-parse-4.1.0.tgz. Extracting by manifest.
2272 silly tarball no local data for joycon@https://registry.npmjs.org/joycon/-/joycon-3.1.1.tgz. Extracting by manifest.
2273 silly tarball no local data for help-me@https://registry.npmjs.org/help-me/-/help-me-5.0.0.tgz. Extracting by manifest.
2274 silly tarball no local data for fast-safe-stringify@https://registry.npmjs.org/fast-safe-stringify/-/fast-safe-stringify-2.1.1.tgz. Extracting by manifest.
2275 silly tarball no local data for dateformat@https://registry.npmjs.org/dateformat/-/dateformat-4.6.3.tgz. Extracting by manifest.
2276 silly tarball no local data for split2@https://registry.npmjs.org/split2/-/split2-4.2.0.tgz. Extracting by manifest.
2277 silly tarball no local data for fast-copy@https://registry.npmjs.org/fast-copy/-/fast-copy-3.0.2.tgz. Extracting by manifest.
2278 silly tarball no local data for thread-stream@https://registry.npmjs.org/thread-stream/-/thread-stream-3.1.0.tgz. Extracting by manifest.
2279 silly tarball no local data for sonic-boom@https://registry.npmjs.org/sonic-boom/-/sonic-boom-4.2.0.tgz. Extracting by manifest.
2280 silly tarball no local data for real-require@https://registry.npmjs.org/real-require/-/real-require-0.2.0.tgz. Extracting by manifest.
2281 silly tarball no local data for safe-stable-stringify@https://registry.npmjs.org/safe-stable-stringify/-/safe-stable-stringify-2.5.0.tgz. Extracting by manifest.
2282 silly tarball no local data for quick-format-unescaped@https://registry.npmjs.org/quick-format-unescaped/-/quick-format-unescaped-4.0.4.tgz. Extracting by manifest.
2283 silly tarball no local data for process-warning@https://registry.npmjs.org/process-warning/-/process-warning-5.0.0.tgz. Extracting by manifest.
2284 silly tarball no local data for pino-std-serializers@https://registry.npmjs.org/pino-std-serializers/-/pino-std-serializers-7.0.0.tgz. Extracting by manifest.
2285 silly tarball no local data for pino-abstract-transport@https://registry.npmjs.org/pino-abstract-transport/-/pino-abstract-transport-2.0.0.tgz. Extracting by manifest.
2286 silly tarball no local data for on-exit-leak-free@https://registry.npmjs.org/on-exit-leak-free/-/on-exit-leak-free-2.1.2.tgz. Extracting by manifest.
2287 silly tarball no local data for @pinojs/redact@https://registry.npmjs.org/@pinojs/redact/-/redact-0.4.0.tgz. Extracting by manifest.
2288 silly tarball no local data for mimic-fn@https://registry.npmjs.org/mimic-fn/-/mimic-fn-4.0.0.tgz. Extracting by manifest.
2289 silly tarball no local data for ee-first@https://registry.npmjs.org/ee-first/-/ee-first-1.1.1.tgz. Extracting by manifest.
2290 silly tarball no local data for whatwg-url@https://registry.npmjs.org/whatwg-url/-/whatwg-url-5.0.0.tgz. Extracting by manifest.
2291 silly tarball no local data for wrappy@https://registry.npmjs.org/wrappy/-/wrappy-1.0.2.tgz. Extracting by manifest.
2292 silly tarball no local data for node-gyp-build-optional-packages@https://registry.npmjs.org/node-gyp-build-optional-packages/-/node-gyp-build-optional-packages-5.2.2.tgz. Extracting by manifest.
2293 silly tarball no local data for msgpackr-extract@https://registry.npmjs.org/msgpackr-extract/-/msgpackr-extract-3.0.3.tgz. Extracting by manifest.
2294 silly tarball no local data for ieee754@https://registry.npmjs.org/ieee754/-/ieee754-1.2.1.tgz. Extracting by manifest.
2295 silly tarball no local data for level-supports@https://registry.npmjs.org/level-supports/-/level-supports-2.1.0.tgz. Extracting by manifest.
2296 silly tarball no local data for @msgpackr-extract/msgpackr-extract-darwin-arm64@https://registry.npmjs.org/@msgpackr-extract/msgpackr-extract-darwin-arm64/-/msgpackr-extract-darwin-arm64-3.0.3.tgz. Extracting by manifest.
2297 silly tarball no local data for level-concat-iterator@https://registry.npmjs.org/level-concat-iterator/-/level-concat-iterator-3.1.0.tgz. Extracting by manifest.
2298 silly tarball no local data for is-buffer@https://registry.npmjs.org/is-buffer/-/is-buffer-2.0.5.tgz. Extracting by manifest.
2299 silly tarball no local data for catering@https://registry.npmjs.org/catering/-/catering-2.1.1.tgz. Extracting by manifest.
2300 silly tarball no local data for buffer@https://registry.npmjs.org/buffer/-/buffer-6.0.3.tgz. Extracting by manifest.
2301 silly tarball no local data for node-gyp-build@https://registry.npmjs.org/node-gyp-build/-/node-gyp-build-4.8.4.tgz. Extracting by manifest.
2302 silly tarball no local data for napi-macros@https://registry.npmjs.org/napi-macros/-/napi-macros-2.0.0.tgz. Extracting by manifest.
2303 silly tarball no local data for abstract-leveldown@https://registry.npmjs.org/abstract-leveldown/-/abstract-leveldown-7.2.0.tgz. Extracting by manifest.
2304 silly tarball no local data for path-to-regexp@https://registry.npmjs.org/path-to-regexp/-/path-to-regexp-6.3.0.tgz. Extracting by manifest.
2305 silly tarball no local data for co@https://registry.npmjs.org/co/-/co-4.6.0.tgz. Extracting by manifest.
2306 silly tarball no local data for koa-is-json@https://registry.npmjs.org/koa-is-json/-/koa-is-json-1.0.0.tgz. Extracting by manifest.
2307 silly tarball no local data for compressible@https://registry.npmjs.org/compressible/-/compressible-2.0.18.tgz. Extracting by manifest.
2308 silly tarball no local data for mime-db@https://registry.npmjs.org/mime-db/-/mime-db-1.54.0.tgz. Extracting by manifest.
2309 silly tarball no local data for bytes@https://registry.npmjs.org/bytes/-/bytes-3.1.2.tgz. Extracting by manifest.
2310 silly tarball no local data for raw-body@https://registry.npmjs.org/raw-body/-/raw-body-2.5.2.tgz. Extracting by manifest.
2311 silly tarball no local data for qs@https://registry.npmjs.org/qs/-/qs-6.14.0.tgz. Extracting by manifest.
2312 silly tarball no local data for inflation@https://registry.npmjs.org/inflation/-/inflation-2.1.0.tgz. Extracting by manifest.
2313 silly tarball no local data for copy-to@https://registry.npmjs.org/copy-to/-/copy-to-2.0.1.tgz. Extracting by manifest.
2314 silly tarball no local data for co-body@https://registry.npmjs.org/co-body/-/co-body-6.2.0.tgz. Extracting by manifest.
2315 silly tarball no local data for @hapi/bourne@https://registry.npmjs.org/@hapi/bourne/-/bourne-3.0.0.tgz. Extracting by manifest.
2316 silly tarball no local data for tsscmp@https://registry.npmjs.org/tsscmp/-/tsscmp-1.0.6.tgz. Extracting by manifest.
2317 silly tarball no local data for setprototypeof@https://registry.npmjs.org/setprototypeof/-/setprototypeof-1.2.0.tgz. Extracting by manifest.
2318 silly tarball no local data for deep-equal@https://registry.npmjs.org/deep-equal/-/deep-equal-1.0.1.tgz. Extracting by manifest.
2319 silly tarball no local data for keygrip@https://registry.npmjs.org/keygrip/-/keygrip-1.1.0.tgz. Extracting by manifest.
2320 silly tarball no local data for negotiator@https://registry.npmjs.org/negotiator/-/negotiator-0.6.3.tgz. Extracting by manifest.
2321 silly tarball no local data for ylru@https://registry.npmjs.org/ylru/-/ylru-1.4.0.tgz. Extracting by manifest.
2322 silly tarball no local data for toidentifier@https://registry.npmjs.org/toidentifier/-/toidentifier-1.0.1.tgz. Extracting by manifest.
2323 silly tarball no local data for statuses@https://registry.npmjs.org/statuses/-/statuses-1.5.0.tgz. Extracting by manifest.
2324 silly tarball no local data for parseurl@https://registry.npmjs.org/parseurl/-/parseurl-1.3.3.tgz. Extracting by manifest.
2325 silly tarball no local data for only@https://registry.npmjs.org/only/-/only-0.0.2.tgz. Extracting by manifest.
2326 silly tarball no local data for on-finished@https://registry.npmjs.org/on-finished/-/on-finished-2.4.1.tgz. Extracting by manifest.
2327 silly tarball no local data for type-is@https://registry.npmjs.org/type-is/-/type-is-1.6.18.tgz. Extracting by manifest.
2328 silly tarball no local data for koa-convert@https://registry.npmjs.org/koa-convert/-/koa-convert-2.0.0.tgz. Extracting by manifest.
2329 silly tarball no local data for koa-compose@https://registry.npmjs.org/koa-compose/-/koa-compose-4.1.0.tgz. Extracting by manifest.
2330 silly tarball no local data for http-errors@https://registry.npmjs.org/http-errors/-/http-errors-1.8.1.tgz. Extracting by manifest.
2331 silly tarball no local data for http-assert@https://registry.npmjs.org/http-assert/-/http-assert-1.5.0.tgz. Extracting by manifest.
2332 silly tarball no local data for fresh@https://registry.npmjs.org/fresh/-/fresh-0.5.2.tgz. Extracting by manifest.
2333 silly tarball no local data for escape-html@https://registry.npmjs.org/escape-html/-/escape-html-1.0.3.tgz. Extracting by manifest.
2334 silly tarball no local data for encodeurl@https://registry.npmjs.org/encodeurl/-/encodeurl-1.0.2.tgz. Extracting by manifest.
2335 silly tarball no local data for depd@https://registry.npmjs.org/depd/-/depd-2.0.0.tgz. Extracting by manifest.
2336 silly tarball no local data for delegates@https://registry.npmjs.org/delegates/-/delegates-1.0.0.tgz. Extracting by manifest.
2337 silly tarball no local data for cookies@https://registry.npmjs.org/cookies/-/cookies-0.9.1.tgz. Extracting by manifest.
2338 silly tarball no local data for destroy@https://registry.npmjs.org/destroy/-/destroy-1.2.0.tgz. Extracting by manifest.
2339 silly tarball no local data for content-type@https://registry.npmjs.org/content-type/-/content-type-1.0.5.tgz. Extracting by manifest.
2340 silly tarball no local data for content-disposition@https://registry.npmjs.org/content-disposition/-/content-disposition-0.5.4.tgz. Extracting by manifest.
2341 silly tarball no local data for cache-content-type@https://registry.npmjs.org/cache-content-type/-/cache-content-type-1.0.1.tgz. Extracting by manifest.
2342 silly tarball no local data for accepts@https://registry.npmjs.org/accepts/-/accepts-1.3.8.tgz. Extracting by manifest.
2343 silly tarball no local data for buffer-equal-constant-time@https://registry.npmjs.org/buffer-equal-constant-time/-/buffer-equal-constant-time-1.0.1.tgz. Extracting by manifest.
2344 silly tarball no local data for jwa@https://registry.npmjs.org/jwa/-/jwa-2.0.1.tgz. Extracting by manifest.
2345 silly tarball no local data for agent-base@https://registry.npmjs.org/agent-base/-/agent-base-7.1.4.tgz. Extracting by manifest.
2346 silly tarball no local data for requires-port@https://registry.npmjs.org/requires-port/-/requires-port-1.0.0.tgz. Extracting by manifest.
2347 silly tarball no local data for atomic-sleep@https://registry.npmjs.org/atomic-sleep/-/atomic-sleep-1.0.0.tgz. Extracting by manifest.
2348 silly tarball no local data for eventemitter3@https://registry.npmjs.org/eventemitter3/-/eventemitter3-4.0.7.tgz. Extracting by manifest.
2349 silly tarball no local data for minimalistic-assert@https://registry.npmjs.org/minimalistic-assert/-/minimalistic-assert-1.0.1.tgz. Extracting by manifest.
2350 silly tarball no local data for google-logging-utils@https://registry.npmjs.org/google-logging-utils/-/google-logging-utils-0.0.2.tgz. Extracting by manifest.
2351 silly tarball no local data for safe-buffer@https://registry.npmjs.org/safe-buffer/-/safe-buffer-5.2.1.tgz. Extracting by manifest.
2352 silly tarball no local data for jws@https://registry.npmjs.org/jws/-/jws-4.0.0.tgz. Extracting by manifest.
2353 silly tarball no local data for gtoken@https://registry.npmjs.org/gtoken/-/gtoken-7.1.0.tgz. Extracting by manifest.
2354 silly tarball no local data for gcp-metadata@https://registry.npmjs.org/gcp-metadata/-/gcp-metadata-6.1.1.tgz. Extracting by manifest.
2355 silly tarball no local data for ecdsa-sig-formatter@https://registry.npmjs.org/ecdsa-sig-formatter/-/ecdsa-sig-formatter-1.0.11.tgz. Extracting by manifest.
2356 silly tarball no local data for json-bigint@https://registry.npmjs.org/json-bigint/-/json-bigint-1.0.0.tgz. Extracting by manifest.
2357 silly tarball no local data for base64-js@https://registry.npmjs.org/base64-js/-/base64-js-1.5.1.tgz. Extracting by manifest.
2358 silly tarball no local data for node-fetch@https://registry.npmjs.org/node-fetch/-/node-fetch-2.7.0.tgz. Extracting by manifest.
2359 silly tarball no local data for https-proxy-agent@https://registry.npmjs.org/https-proxy-agent/-/https-proxy-agent-7.0.6.tgz. Extracting by manifest.
2360 silly tarball no local data for delayed-stream@https://registry.npmjs.org/delayed-stream/-/delayed-stream-1.0.0.tgz. Extracting by manifest.
2361 silly tarball no local data for combined-stream@https://registry.npmjs.org/combined-stream/-/combined-stream-1.0.8.tgz. Extracting by manifest.
2362 silly tarball no local data for asynckit@https://registry.npmjs.org/asynckit/-/asynckit-0.4.0.tgz. Extracting by manifest.
2363 silly tarball no local data for strnum@https://registry.npmjs.org/strnum/-/strnum-2.1.1.tgz. Extracting by manifest.
2364 silly tarball no local data for bignumber.js@https://registry.npmjs.org/bignumber.js/-/bignumber.js-9.3.1.tgz. Extracting by manifest.
2365 silly tarball no local data for mime-types@https://registry.npmjs.org/mime-types/-/mime-types-2.1.35.tgz. Extracting by manifest.
2366 silly tarball no local data for strip-final-newline@https://registry.npmjs.org/strip-final-newline/-/strip-final-newline-3.0.0.tgz. Extracting by manifest.
2367 silly tarball no local data for signal-exit@https://registry.npmjs.org/signal-exit/-/signal-exit-3.0.7.tgz. Extracting by manifest.
2368 silly tarball no local data for npm-run-path@https://registry.npmjs.org/npm-run-path/-/npm-run-path-5.3.0.tgz. Extracting by manifest.
2369 silly tarball no local data for onetime@https://registry.npmjs.org/onetime/-/onetime-6.0.0.tgz. Extracting by manifest.
2370 silly tarball no local data for is-stream@https://registry.npmjs.org/is-stream/-/is-stream-3.0.0.tgz. Extracting by manifest.
2371 silly tarball no local data for human-signals@https://registry.npmjs.org/human-signals/-/human-signals-4.3.1.tgz. Extracting by manifest.
2372 silly tarball no local data for merge-stream@https://registry.npmjs.org/merge-stream/-/merge-stream-2.0.0.tgz. Extracting by manifest.
2373 silly tarball no local data for once@https://registry.npmjs.org/once/-/once-1.4.0.tgz. Extracting by manifest.
2374 silly tarball no local data for stream-shift@https://registry.npmjs.org/stream-shift/-/stream-shift-1.0.3.tgz. Extracting by manifest.
2375 silly tarball no local data for readable-stream@https://registry.npmjs.org/readable-stream/-/readable-stream-3.6.2.tgz. Extracting by manifest.
2376 silly tarball no local data for inherits@https://registry.npmjs.org/inherits/-/inherits-2.0.4.tgz. Extracting by manifest.
2377 silly tarball no local data for end-of-stream@https://registry.npmjs.org/end-of-stream/-/end-of-stream-1.4.5.tgz. Extracting by manifest.
2378 silly tarball no local data for proxy-from-env@https://registry.npmjs.org/proxy-from-env/-/proxy-from-env-1.1.0.tgz. Extracting by manifest.
2379 silly tarball no local data for form-data@https://registry.npmjs.org/form-data/-/form-data-4.0.5.tgz. Extracting by manifest.
2380 silly tarball no local data for follow-redirects@https://registry.npmjs.org/follow-redirects/-/follow-redirects-1.15.11.tgz. Extracting by manifest.
2381 silly tarball no local data for retry@https://registry.npmjs.org/retry/-/retry-0.13.1.tgz. Extracting by manifest.
2382 silly tarball no local data for event-target-shim@https://registry.npmjs.org/event-target-shim/-/event-target-shim-5.0.1.tgz. Extracting by manifest.
2383 silly tarball no local data for ws@https://registry.npmjs.org/ws/-/ws-8.18.3.tgz. Extracting by manifest.
2384 silly tarball no local data for execa@https://registry.npmjs.org/execa/-/execa-7.2.0.tgz. Extracting by manifest.
2385 silly tarball no local data for get-port@https://registry.npmjs.org/get-port/-/get-port-6.1.2.tgz. Extracting by manifest.
2386 silly tarball no local data for http-proxy@https://registry.npmjs.org/http-proxy/-/http-proxy-1.18.1.tgz. Extracting by manifest.
2387 silly tarball no local data for @smithy/util-uri-escape@https://registry.npmjs.org/@smithy/util-uri-escape/-/util-uri-escape-4.2.0.tgz. Extracting by manifest.
2388 silly tarball no local data for @tanstack/query-core@https://registry.npmjs.org/@tanstack/query-core/-/query-core-5.90.10.tgz. Extracting by manifest.
2389 silly tarball no local data for @smithy/abort-controller@https://registry.npmjs.org/@smithy/abort-controller/-/abort-controller-4.2.5.tgz. Extracting by manifest.
2390 silly tarball no local data for @smithy/service-error-classification@https://registry.npmjs.org/@smithy/service-error-classification/-/service-error-classification-4.2.5.tgz. Extracting by manifest.
2391 silly tarball no local data for @smithy/querystring-parser@https://registry.npmjs.org/@smithy/querystring-parser/-/querystring-parser-4.2.5.tgz. Extracting by manifest.
2392 silly tarball no local data for @smithy/util-buffer-from@https://registry.npmjs.org/@smithy/util-buffer-from/-/util-buffer-from-4.2.0.tgz. Extracting by manifest.
2393 silly tarball no local data for @smithy/chunked-blob-reader-native@https://registry.npmjs.org/@smithy/chunked-blob-reader-native/-/chunked-blob-reader-native-4.2.1.tgz. Extracting by manifest.
2394 silly tarball no local data for @smithy/chunked-blob-reader@https://registry.npmjs.org/@smithy/chunked-blob-reader/-/chunked-blob-reader-5.2.0.tgz. Extracting by manifest.
2395 silly tarball no local data for @smithy/util-hex-encoding@https://registry.npmjs.org/@smithy/util-hex-encoding/-/util-hex-encoding-4.2.0.tgz. Extracting by manifest.
2396 silly tarball no local data for @smithy/querystring-builder@https://registry.npmjs.org/@smithy/querystring-builder/-/querystring-builder-4.2.5.tgz. Extracting by manifest.
2397 silly tarball no local data for @smithy/eventstream-codec@https://registry.npmjs.org/@smithy/eventstream-codec/-/eventstream-codec-4.2.5.tgz. Extracting by manifest.
2398 silly tarball no local data for get-stream@https://registry.npmjs.org/get-stream/-/get-stream-6.0.1.tgz. Extracting by manifest.
2399 silly tarball no local data for @smithy/eventstream-serde-universal@https://registry.npmjs.org/@smithy/eventstream-serde-universal/-/eventstream-serde-universal-4.2.5.tgz. Extracting by manifest.
2400 silly tarball no local data for @smithy/uuid@https://registry.npmjs.org/@smithy/uuid/-/uuid-1.1.0.tgz. Extracting by manifest.
2401 silly tarball no local data for @noble/hashes@https://registry.npmjs.org/@noble/hashes/-/hashes-1.6.0.tgz. Extracting by manifest.
2402 silly tarball no local data for extend@https://registry.npmjs.org/extend/-/extend-3.0.2.tgz. Extracting by manifest.
2403 silly tarball no local data for uuid@https://registry.npmjs.org/uuid/-/uuid-8.3.2.tgz. Extracting by manifest.
2404 silly tarball no local data for teeny-request@https://registry.npmjs.org/teeny-request/-/teeny-request-9.0.0.tgz. Extracting by manifest.
2405 silly tarball no local data for retry-request@https://registry.npmjs.org/retry-request/-/retry-request-7.0.2.tgz. Extracting by manifest.
2406 silly tarball no local data for mime@https://registry.npmjs.org/mime/-/mime-3.0.0.tgz. Extracting by manifest.
2407 silly tarball no local data for arrify@https://registry.npmjs.org/arrify/-/arrify-2.0.1.tgz. Extracting by manifest.
2408 silly tarball no local data for vary@https://registry.npmjs.org/vary/-/vary-1.1.2.tgz. Extracting by manifest.
2409 silly tarball no local data for html-entities@https://registry.npmjs.org/html-entities/-/html-entities-2.6.0.tgz. Extracting by manifest.
2410 silly tarball no local data for gaxios@https://registry.npmjs.org/gaxios/-/gaxios-6.7.1.tgz. Extracting by manifest.
2411 silly tarball no local data for google-auth-library@https://registry.npmjs.org/google-auth-library/-/google-auth-library-9.15.1.tgz. Extracting by manifest.
2412 silly tarball no local data for duplexify@https://registry.npmjs.org/duplexify/-/duplexify-4.1.3.tgz. Extracting by manifest.
2413 silly tarball no local data for async-retry@https://registry.npmjs.org/async-retry/-/async-retry-1.3.3.tgz. Extracting by manifest.
2414 silly tarball no local data for abort-controller@https://registry.npmjs.org/abort-controller/-/abort-controller-3.0.0.tgz. Extracting by manifest.
2415 silly tarball no local data for @google-cloud/projectify@https://registry.npmjs.org/@google-cloud/projectify/-/projectify-4.0.0.tgz. Extracting by manifest.
2416 silly tarball no local data for @google-cloud/paginator@https://registry.npmjs.org/@google-cloud/paginator/-/paginator-5.0.2.tgz. Extracting by manifest.
2417 silly tarball no local data for @aztec/noir-types@https://registry.npmjs.org/@aztec/noir-types/-/noir-types-3.0.0-devnet.2.tgz. Extracting by manifest.
2418 silly tarball no local data for @google-cloud/promisify@https://registry.npmjs.org/@google-cloud/promisify/-/promisify-4.0.0.tgz. Extracting by manifest.
2419 silly tarball no local data for @crate-crypto/node-eth-kzg-darwin-arm64@https://registry.npmjs.org/@crate-crypto/node-eth-kzg-darwin-arm64/-/node-eth-kzg-darwin-arm64-0.10.0.tgz. Extracting by manifest.
2420 silly tarball no local data for bowser@https://registry.npmjs.org/bowser/-/bowser-2.12.1.tgz. Extracting by manifest.
2421 silly tarball no local data for fast-xml-parser@https://registry.npmjs.org/fast-xml-parser/-/fast-xml-parser-5.2.5.tgz. Extracting by manifest.
2422 silly tarball no local data for @smithy/is-array-buffer@https://registry.npmjs.org/@smithy/is-array-buffer/-/is-array-buffer-4.2.0.tgz. Extracting by manifest.
2423 silly tarball no local data for @aws-crypto/crc32c@https://registry.npmjs.org/@aws-crypto/crc32c/-/crc32c-5.2.0.tgz. Extracting by manifest.
2424 silly tarball no local data for @aws-crypto/crc32@https://registry.npmjs.org/@aws-crypto/crc32/-/crc32-5.2.0.tgz. Extracting by manifest.
2425 silly tarball no local data for @smithy/util-config-provider@https://registry.npmjs.org/@smithy/util-config-provider/-/util-config-provider-4.2.0.tgz. Extracting by manifest.
2426 silly tarball no local data for @aws-sdk/util-arn-parser@https://registry.npmjs.org/@aws-sdk/util-arn-parser/-/util-arn-parser-3.893.0.tgz. Extracting by manifest.
2427 silly tarball no local data for @aws/lambda-invoke-store@https://registry.npmjs.org/@aws/lambda-invoke-store/-/lambda-invoke-store-0.2.0.tgz. Extracting by manifest.
2428 silly tarball no local data for @aws-sdk/token-providers@https://registry.npmjs.org/@aws-sdk/token-providers/-/token-providers-3.936.0.tgz. Extracting by manifest.
2429 silly tarball no local data for @aws-sdk/client-sso@https://registry.npmjs.org/@aws-sdk/client-sso/-/client-sso-3.936.0.tgz. Extracting by manifest.
2430 silly tarball no local data for @aws-sdk/nested-clients@https://registry.npmjs.org/@aws-sdk/nested-clients/-/nested-clients-3.936.0.tgz. Extracting by manifest.
2431 silly tarball no local data for @smithy/shared-ini-file-loader@https://registry.npmjs.org/@smithy/shared-ini-file-loader/-/shared-ini-file-loader-4.4.0.tgz. Extracting by manifest.
2432 silly tarball no local data for @aws-sdk/credential-provider-login@https://registry.npmjs.org/@aws-sdk/credential-provider-login/-/credential-provider-login-3.936.0.tgz. Extracting by manifest.
2433 silly tarball no local data for @smithy/credential-provider-imds@https://registry.npmjs.org/@smithy/credential-provider-imds/-/credential-provider-imds-4.2.5.tgz. Extracting by manifest.
2434 silly tarball no local data for @aws-sdk/credential-provider-web-identity@https://registry.npmjs.org/@aws-sdk/credential-provider-web-identity/-/credential-provider-web-identity-3.936.0.tgz. Extracting by manifest.
2435 silly tarball no local data for @aws-sdk/credential-provider-sso@https://registry.npmjs.org/@aws-sdk/credential-provider-sso/-/credential-provider-sso-3.936.0.tgz. Extracting by manifest.
2436 silly tarball no local data for @aws-sdk/credential-provider-process@https://registry.npmjs.org/@aws-sdk/credential-provider-process/-/credential-provider-process-3.936.0.tgz. Extracting by manifest.
2437 silly tarball no local data for @aws-sdk/credential-provider-ini@https://registry.npmjs.org/@aws-sdk/credential-provider-ini/-/credential-provider-ini-3.936.0.tgz. Extracting by manifest.
2438 silly tarball no local data for @aws-sdk/credential-provider-http@https://registry.npmjs.org/@aws-sdk/credential-provider-http/-/credential-provider-http-3.936.0.tgz. Extracting by manifest.
2439 silly tarball no local data for @aws-sdk/credential-provider-env@https://registry.npmjs.org/@aws-sdk/credential-provider-env/-/credential-provider-env-3.936.0.tgz. Extracting by manifest.
2440 silly tarball no local data for @smithy/signature-v4@https://registry.npmjs.org/@smithy/signature-v4/-/signature-v4-5.3.5.tgz. Extracting by manifest.
2441 silly tarball no local data for @smithy/property-provider@https://registry.npmjs.org/@smithy/property-provider/-/property-provider-4.2.5.tgz. Extracting by manifest.
2442 silly tarball no local data for @aws-sdk/xml-builder@https://registry.npmjs.org/@aws-sdk/xml-builder/-/xml-builder-3.930.0.tgz. Extracting by manifest.
2443 silly tarball no local data for @aws-sdk/util-locate-window@https://registry.npmjs.org/@aws-sdk/util-locate-window/-/util-locate-window-3.893.0.tgz. Extracting by manifest.
2444 silly tarball no local data for @aws-crypto/util@https://registry.npmjs.org/@aws-crypto/util/-/util-5.2.0.tgz. Extracting by manifest.
2445 silly tarball no local data for @smithy/util-waiter@https://registry.npmjs.org/@smithy/util-waiter/-/util-waiter-4.2.5.tgz. Extracting by manifest.
2446 silly tarball no local data for @aws-crypto/supports-web-crypto@https://registry.npmjs.org/@aws-crypto/supports-web-crypto/-/supports-web-crypto-5.2.0.tgz. Extracting by manifest.
2447 silly tarball no local data for @smithy/util-utf8@https://registry.npmjs.org/@smithy/util-utf8/-/util-utf8-4.2.0.tgz. Extracting by manifest.
2448 silly tarball no local data for @smithy/util-stream@https://registry.npmjs.org/@smithy/util-stream/-/util-stream-4.5.6.tgz. Extracting by manifest.
2449 silly tarball no local data for @smithy/util-middleware@https://registry.npmjs.org/@smithy/util-middleware/-/util-middleware-4.2.5.tgz. Extracting by manifest.
2450 silly tarball no local data for @smithy/util-retry@https://registry.npmjs.org/@smithy/util-retry/-/util-retry-4.2.5.tgz. Extracting by manifest.
2451 silly tarball no local data for @smithy/util-endpoints@https://registry.npmjs.org/@smithy/util-endpoints/-/util-endpoints-3.2.5.tgz. Extracting by manifest.
2452 silly tarball no local data for @smithy/util-defaults-mode-node@https://registry.npmjs.org/@smithy/util-defaults-mode-node/-/util-defaults-mode-node-4.2.14.tgz. Extracting by manifest.
2453 silly tarball no local data for @smithy/util-body-length-node@https://registry.npmjs.org/@smithy/util-body-length-node/-/util-body-length-node-4.2.1.tgz. Extracting by manifest.
2454 silly tarball no local data for @smithy/util-body-length-browser@https://registry.npmjs.org/@smithy/util-body-length-browser/-/util-body-length-browser-4.2.0.tgz. Extracting by manifest.
2455 silly tarball no local data for @smithy/util-defaults-mode-browser@https://registry.npmjs.org/@smithy/util-defaults-mode-browser/-/util-defaults-mode-browser-4.3.11.tgz. Extracting by manifest.
2456 silly tarball no local data for @smithy/util-base64@https://registry.npmjs.org/@smithy/util-base64/-/util-base64-4.3.0.tgz. Extracting by manifest.
2457 silly tarball no local data for @smithy/url-parser@https://registry.npmjs.org/@smithy/url-parser/-/url-parser-4.2.5.tgz. Extracting by manifest.
2458 silly tarball no local data for @smithy/types@https://registry.npmjs.org/@smithy/types/-/types-4.9.0.tgz. Extracting by manifest.
2459 silly tarball no local data for @smithy/smithy-client@https://registry.npmjs.org/@smithy/smithy-client/-/smithy-client-4.9.8.tgz. Extracting by manifest.
2460 silly tarball no local data for @smithy/protocol-http@https://registry.npmjs.org/@smithy/protocol-http/-/protocol-http-5.3.5.tgz. Extracting by manifest.
2461 silly tarball no local data for @smithy/node-http-handler@https://registry.npmjs.org/@smithy/node-http-handler/-/node-http-handler-4.4.5.tgz. Extracting by manifest.
2462 silly tarball no local data for @smithy/node-config-provider@https://registry.npmjs.org/@smithy/node-config-provider/-/node-config-provider-4.3.5.tgz. Extracting by manifest.
2463 silly tarball no local data for @smithy/middleware-stack@https://registry.npmjs.org/@smithy/middleware-stack/-/middleware-stack-4.2.5.tgz. Extracting by manifest.
2464 silly tarball no local data for @smithy/middleware-serde@https://registry.npmjs.org/@smithy/middleware-serde/-/middleware-serde-4.2.6.tgz. Extracting by manifest.
2465 silly tarball no local data for @smithy/middleware-retry@https://registry.npmjs.org/@smithy/middleware-retry/-/middleware-retry-4.4.12.tgz. Extracting by manifest.
2466 silly tarball no local data for @smithy/middleware-endpoint@https://registry.npmjs.org/@smithy/middleware-endpoint/-/middleware-endpoint-4.3.12.tgz. Extracting by manifest.
2467 silly tarball no local data for @smithy/middleware-content-length@https://registry.npmjs.org/@smithy/middleware-content-length/-/middleware-content-length-4.2.5.tgz. Extracting by manifest.
2468 silly tarball no local data for @smithy/md5-js@https://registry.npmjs.org/@smithy/md5-js/-/md5-js-4.2.5.tgz. Extracting by manifest.
2469 silly tarball no local data for @smithy/invalid-dependency@https://registry.npmjs.org/@smithy/invalid-dependency/-/invalid-dependency-4.2.5.tgz. Extracting by manifest.
2470 silly tarball no local data for @smithy/hash-stream-node@https://registry.npmjs.org/@smithy/hash-stream-node/-/hash-stream-node-4.2.5.tgz. Extracting by manifest.
2471 silly tarball no local data for @smithy/hash-node@https://registry.npmjs.org/@smithy/hash-node/-/hash-node-4.2.5.tgz. Extracting by manifest.
2472 silly tarball no local data for @smithy/fetch-http-handler@https://registry.npmjs.org/@smithy/fetch-http-handler/-/fetch-http-handler-5.3.6.tgz. Extracting by manifest.
2473 silly tarball no local data for @smithy/hash-blob-browser@https://registry.npmjs.org/@smithy/hash-blob-browser/-/hash-blob-browser-4.2.6.tgz. Extracting by manifest.
2474 silly tarball no local data for @smithy/eventstream-serde-node@https://registry.npmjs.org/@smithy/eventstream-serde-node/-/eventstream-serde-node-4.2.5.tgz. Extracting by manifest.
2475 silly tarball no local data for @smithy/eventstream-serde-browser@https://registry.npmjs.org/@smithy/eventstream-serde-browser/-/eventstream-serde-browser-4.2.5.tgz. Extracting by manifest.
2476 silly tarball no local data for @smithy/core@https://registry.npmjs.org/@smithy/core/-/core-3.18.5.tgz. Extracting by manifest.
2477 silly tarball no local data for @smithy/eventstream-serde-config-resolver@https://registry.npmjs.org/@smithy/eventstream-serde-config-resolver/-/eventstream-serde-config-resolver-4.3.5.tgz. Extracting by manifest.
2478 silly tarball no local data for @aws-sdk/util-user-agent-node@https://registry.npmjs.org/@aws-sdk/util-user-agent-node/-/util-user-agent-node-3.936.0.tgz. Extracting by manifest.
2479 silly tarball no local data for @smithy/config-resolver@https://registry.npmjs.org/@smithy/config-resolver/-/config-resolver-4.4.3.tgz. Extracting by manifest.
2480 silly tarball no local data for @aws-sdk/util-user-agent-browser@https://registry.npmjs.org/@aws-sdk/util-user-agent-browser/-/util-user-agent-browser-3.936.0.tgz. Extracting by manifest.
2481 silly tarball no local data for @aws-sdk/util-endpoints@https://registry.npmjs.org/@aws-sdk/util-endpoints/-/util-endpoints-3.936.0.tgz. Extracting by manifest.
2482 silly tarball no local data for @aws-sdk/types@https://registry.npmjs.org/@aws-sdk/types/-/types-3.936.0.tgz. Extracting by manifest.
2483 silly tarball no local data for @aws-sdk/signature-v4-multi-region@https://registry.npmjs.org/@aws-sdk/signature-v4-multi-region/-/signature-v4-multi-region-3.936.0.tgz. Extracting by manifest.
2484 silly tarball no local data for @aws-sdk/region-config-resolver@https://registry.npmjs.org/@aws-sdk/region-config-resolver/-/region-config-resolver-3.936.0.tgz. Extracting by manifest.
2485 silly tarball no local data for @aws-sdk/middleware-user-agent@https://registry.npmjs.org/@aws-sdk/middleware-user-agent/-/middleware-user-agent-3.936.0.tgz. Extracting by manifest.
2486 silly tarball no local data for @aws-sdk/middleware-ssec@https://registry.npmjs.org/@aws-sdk/middleware-ssec/-/middleware-ssec-3.936.0.tgz. Extracting by manifest.
2487 silly tarball no local data for @aws-sdk/middleware-sdk-s3@https://registry.npmjs.org/@aws-sdk/middleware-sdk-s3/-/middleware-sdk-s3-3.936.0.tgz. Extracting by manifest.
2488 silly tarball no local data for @aws-sdk/middleware-recursion-detection@https://registry.npmjs.org/@aws-sdk/middleware-recursion-detection/-/middleware-recursion-detection-3.936.0.tgz. Extracting by manifest.
2489 silly tarball no local data for @aws-sdk/middleware-logger@https://registry.npmjs.org/@aws-sdk/middleware-logger/-/middleware-logger-3.936.0.tgz. Extracting by manifest.
2490 silly tarball no local data for @aws-sdk/middleware-location-constraint@https://registry.npmjs.org/@aws-sdk/middleware-location-constraint/-/middleware-location-constraint-3.936.0.tgz. Extracting by manifest.
2491 silly tarball no local data for @aws-sdk/middleware-host-header@https://registry.npmjs.org/@aws-sdk/middleware-host-header/-/middleware-host-header-3.936.0.tgz. Extracting by manifest.
2492 silly tarball no local data for @aws-sdk/middleware-flexible-checksums@https://registry.npmjs.org/@aws-sdk/middleware-flexible-checksums/-/middleware-flexible-checksums-3.936.0.tgz. Extracting by manifest.
2493 silly tarball no local data for @aws-sdk/middleware-expect-continue@https://registry.npmjs.org/@aws-sdk/middleware-expect-continue/-/middleware-expect-continue-3.936.0.tgz. Extracting by manifest.
2494 silly tarball no local data for @aws-sdk/middleware-bucket-endpoint@https://registry.npmjs.org/@aws-sdk/middleware-bucket-endpoint/-/middleware-bucket-endpoint-3.936.0.tgz. Extracting by manifest.
2495 silly tarball no local data for @aws-sdk/credential-provider-node@https://registry.npmjs.org/@aws-sdk/credential-provider-node/-/credential-provider-node-3.936.0.tgz. Extracting by manifest.
2496 silly tarball no local data for @aws-crypto/sha256-js@https://registry.npmjs.org/@aws-crypto/sha256-js/-/sha256-js-5.2.0.tgz. Extracting by manifest.
2497 silly tarball no local data for @aws-crypto/sha256-browser@https://registry.npmjs.org/@aws-crypto/sha256-browser/-/sha256-browser-5.2.0.tgz. Extracting by manifest.
2498 silly tarball no local data for @aws-crypto/sha1-browser@https://registry.npmjs.org/@aws-crypto/sha1-browser/-/sha1-browser-5.2.0.tgz. Extracting by manifest.
2499 silly tarball no local data for lodash.times@https://registry.npmjs.org/lodash.times/-/lodash.times-4.3.2.tgz. Extracting by manifest.
2500 silly tarball no local data for lodash.isequal@https://registry.npmjs.org/lodash.isequal/-/lodash.isequal-4.5.0.tgz. Extracting by manifest.
2501 silly tarball no local data for json-stringify-deterministic@https://registry.npmjs.org/json-stringify-deterministic/-/json-stringify-deterministic-1.0.12.tgz. Extracting by manifest.
2502 silly tarball no local data for @google-cloud/storage@https://registry.npmjs.org/@google-cloud/storage/-/storage-7.17.3.tgz. Extracting by manifest.
2503 silly tarball no local data for @aztec/noir-noirc_abi@https://registry.npmjs.org/@aztec/noir-noirc_abi/-/noir-noirc_abi-3.0.0-devnet.2.tgz. Extracting by manifest.
2504 silly tarball no local data for @aws-sdk/client-s3@https://registry.npmjs.org/@aws-sdk/client-s3/-/client-s3-3.936.0.tgz. Extracting by manifest.
2505 silly tarball no local data for @aws-sdk/core@https://registry.npmjs.org/@aws-sdk/core/-/core-3.936.0.tgz. Extracting by manifest.
2506 silly tarball no local data for msgpackr@https://registry.npmjs.org/msgpackr/-/msgpackr-1.11.5.tgz. Extracting by manifest.
2507 silly tarball no local data for idb-keyval@https://registry.npmjs.org/idb-keyval/-/idb-keyval-6.2.2.tgz. Extracting by manifest.
2508 silly tarball no local data for commander@https://registry.npmjs.org/commander/-/commander-12.1.0.tgz. Extracting by manifest.
2509 silly tarball no local data for comlink@https://registry.npmjs.org/comlink/-/comlink-4.4.2.tgz. Extracting by manifest.
2510 silly tarball no local data for undici@https://registry.npmjs.org/undici/-/undici-5.29.0.tgz. Extracting by manifest.
2511 silly tarball no local data for sha3@https://registry.npmjs.org/sha3/-/sha3-2.1.4.tgz. Extracting by manifest.
2512 silly tarball no local data for lodash.omit@https://registry.npmjs.org/lodash.omit/-/lodash.omit-4.5.0.tgz. Extracting by manifest.
2513 silly tarball no local data for pino-pretty@https://registry.npmjs.org/pino-pretty/-/pino-pretty-13.1.2.tgz. Extracting by manifest.
2514 silly tarball no local data for pino@https://registry.npmjs.org/pino/-/pino-9.14.0.tgz. Extracting by manifest.
2515 silly tarball no local data for pako@https://registry.npmjs.org/pako/-/pako-2.1.0.tgz. Extracting by manifest.
2516 silly tarball no local data for lodash.clonedeepwith@https://registry.npmjs.org/lodash.clonedeepwith/-/lodash.clonedeepwith-4.5.0.tgz. Extracting by manifest.
2517 silly tarball no local data for leveldown@https://registry.npmjs.org/leveldown/-/leveldown-6.1.1.tgz. Extracting by manifest.
2518 silly tarball no local data for koa-router@https://registry.npmjs.org/koa-router/-/koa-router-13.1.1.tgz. Extracting by manifest.
2519 silly tarball no local data for koa-compress@https://registry.npmjs.org/koa-compress/-/koa-compress-5.1.1.tgz. Extracting by manifest.
2520 silly tarball no local data for koa-bodyparser@https://registry.npmjs.org/koa-bodyparser/-/koa-bodyparser-4.4.1.tgz. Extracting by manifest.
2521 silly tarball no local data for koa@https://registry.npmjs.org/koa/-/koa-2.16.3.tgz. Extracting by manifest.
2522 silly tarball no local data for hash.js@https://registry.npmjs.org/hash.js/-/hash.js-1.1.7.tgz. Extracting by manifest.
2523 silly tarball no local data for detect-node@https://registry.npmjs.org/detect-node/-/detect-node-2.1.0.tgz. Extracting by manifest.
2524 silly tarball no local data for colorette@https://registry.npmjs.org/colorette/-/colorette-2.0.20.tgz. Extracting by manifest.
2525 silly tarball no local data for bn.js@https://registry.npmjs.org/bn.js/-/bn.js-5.2.2.tgz. Extracting by manifest.
2526 silly tarball no local data for @koa/cors@https://registry.npmjs.org/@koa/cors/-/cors-5.0.0.tgz. Extracting by manifest.
2527 silly tarball no local data for @aztec/bb.js@https://registry.npmjs.org/@aztec/bb.js/-/bb.js-3.0.0-devnet.2.tgz. Extracting by manifest.
2528 silly tarball no local data for @noble/curves@https://registry.npmjs.org/@noble/curves/-/curves-1.7.0.tgz. Extracting by manifest.
2529 silly tarball no local data for lodash.pickby@https://registry.npmjs.org/lodash.pickby/-/lodash.pickby-4.6.0.tgz. Extracting by manifest.
2530 silly tarball no local data for @crate-crypto/node-eth-kzg@https://registry.npmjs.org/@crate-crypto/node-eth-kzg/-/node-eth-kzg-0.10.0.tgz. Extracting by manifest.
2531 silly tarball no local data for lodash.chunk@https://registry.npmjs.org/lodash.chunk/-/lodash.chunk-4.2.0.tgz. Extracting by manifest.
2532 silly tarball no local data for dotenv@https://registry.npmjs.org/dotenv/-/dotenv-16.6.1.tgz. Extracting by manifest.
2533 silly tarball no local data for @viem/anvil@https://registry.npmjs.org/@viem/anvil/-/anvil-0.0.10.tgz. Extracting by manifest.
2534 silly tarball no local data for @aztec/blob-lib@https://registry.npmjs.org/@aztec/blob-lib/-/blob-lib-3.0.0-devnet.2.tgz. Extracting by manifest.
2535 silly tarball no local data for viem@https://registry.npmjs.org/@spalladino/viem/-/viem-2.38.2-eip7594.0.tgz. Extracting by manifest.
2536 silly tarball no local data for axios@https://registry.npmjs.org/axios/-/axios-1.13.2.tgz. Extracting by manifest.
2537 silly tarball no local data for @aztec/protocol-contracts@https://registry.npmjs.org/@aztec/protocol-contracts/-/protocol-contracts-3.0.0-devnet.2.tgz. Extracting by manifest.
2538 silly tarball no local data for @aztec/l1-artifacts@https://registry.npmjs.org/@aztec/l1-artifacts/-/l1-artifacts-3.0.0-devnet.2.tgz. Extracting by manifest.
2539 silly tarball no local data for @aztec/constants@https://registry.npmjs.org/@aztec/constants/-/constants-3.0.0-devnet.2.tgz. Extracting by manifest.
2540 silly tarball no local data for @aztec/foundation@https://registry.npmjs.org/@aztec/foundation/-/foundation-3.0.0-devnet.2.tgz. Extracting by manifest.
2541 silly tarball no local data for @aztec/stdlib@https://registry.npmjs.org/@aztec/stdlib/-/stdlib-3.0.0-devnet.2.tgz. Extracting by manifest.
2542 silly tarball no local data for @aztec/ethereum@https://registry.npmjs.org/@aztec/ethereum/-/ethereum-3.0.0-devnet.2.tgz. Extracting by manifest.
2543 silly tarball no local data for @aztec/entrypoints@https://registry.npmjs.org/@aztec/entrypoints/-/entrypoints-3.0.0-devnet.2.tgz. Extracting by manifest.
2544 silly tarball no local data for react-toastify@https://registry.npmjs.org/react-toastify/-/react-toastify-9.1.3.tgz. Extracting by manifest.
2545 silly tarball no local data for lucide-react@https://registry.npmjs.org/lucide-react/-/lucide-react-0.462.0.tgz. Extracting by manifest.
2546 silly tarball no local data for clsx@https://registry.npmjs.org/clsx/-/clsx-2.1.1.tgz. Extracting by manifest.
2547 silly tarball no local data for @tanstack/react-query@https://registry.npmjs.org/@tanstack/react-query/-/react-query-5.90.10.tgz. Extracting by manifest.
2548 silly tarball no local data for @aztec/aztec.js@https://registry.npmjs.org/@aztec/aztec.js/-/aztec.js-3.0.0-devnet.2.tgz. Extracting by manifest.
2549 silly tarball no local data for @aztec/accounts@https://registry.npmjs.org/@aztec/accounts/-/accounts-3.0.0-devnet.2.tgz. Extracting by manifest.
2550 silly tarball no local data for @noble/curves@https://registry.npmjs.org/@noble/curves/-/curves-1.9.1.tgz. Extracting by manifest.
2551 silly tarball no local data for eventemitter3@https://registry.npmjs.org/eventemitter3/-/eventemitter3-5.0.1.tgz. Extracting by manifest.
2552 silly tarball no local data for @noble/hashes@https://registry.npmjs.org/@noble/hashes/-/hashes-1.8.0.tgz. Extracting by manifest.
2553 silly tarball no local data for @noble/hashes@https://registry.npmjs.org/@noble/hashes/-/hashes-1.8.0.tgz. Extracting by manifest.
2554 silly tarball no local data for @noble/hashes@https://registry.npmjs.org/@noble/hashes/-/hashes-1.8.0.tgz. Extracting by manifest.
2555 silly tarball no local data for @noble/curves@https://registry.npmjs.org/@noble/curves/-/curves-1.9.7.tgz. Extracting by manifest.
2556 silly tarball no local data for agent-base@https://registry.npmjs.org/agent-base/-/agent-base-6.0.2.tgz. Extracting by manifest.
2557 silly tarball no local data for form-data@https://registry.npmjs.org/form-data/-/form-data-2.5.5.tgz. Extracting by manifest.
2558 silly tarball no local data for statuses@https://registry.npmjs.org/statuses/-/statuses-2.0.1.tgz. Extracting by manifest.
2559 silly tarball no local data for http-errors@https://registry.npmjs.org/http-errors/-/http-errors-2.0.0.tgz. Extracting by manifest.
2560 silly tarball no local data for depd@https://registry.npmjs.org/depd/-/depd-1.1.2.tgz. Extracting by manifest.
2561 silly tarball no local data for mime-db@https://registry.npmjs.org/mime-db/-/mime-db-1.52.0.tgz. Extracting by manifest.
2562 silly tarball no local data for path-key@https://registry.npmjs.org/path-key/-/path-key-4.0.0.tgz. Extracting by manifest.
2563 silly tarball no local data for agent-base@https://registry.npmjs.org/agent-base/-/agent-base-6.0.2.tgz. Extracting by manifest.
2564 silly tarball no local data for uuid@https://registry.npmjs.org/uuid/-/uuid-9.0.1.tgz. Extracting by manifest.
2565 silly tarball no local data for https-proxy-agent@https://registry.npmjs.org/https-proxy-agent/-/https-proxy-agent-5.0.1.tgz. Extracting by manifest.
2566 silly tarball no local data for uuid@https://registry.npmjs.org/uuid/-/uuid-9.0.1.tgz. Extracting by manifest.
2567 silly tarball no local data for is-stream@https://registry.npmjs.org/is-stream/-/is-stream-2.0.1.tgz. Extracting by manifest.
2568 silly tarball no local data for @smithy/util-buffer-from@https://registry.npmjs.org/@smithy/util-buffer-from/-/util-buffer-from-2.2.0.tgz. Extracting by manifest.
2569 silly tarball no local data for @smithy/util-utf8@https://registry.npmjs.org/@smithy/util-utf8/-/util-utf8-2.3.0.tgz. Extracting by manifest.
2570 silly tarball no local data for @smithy/is-array-buffer@https://registry.npmjs.org/@smithy/is-array-buffer/-/is-array-buffer-2.2.0.tgz. Extracting by manifest.
2571 silly tarball no local data for @smithy/is-array-buffer@https://registry.npmjs.org/@smithy/is-array-buffer/-/is-array-buffer-2.2.0.tgz. Extracting by manifest.
2572 silly tarball no local data for @smithy/util-utf8@https://registry.npmjs.org/@smithy/util-utf8/-/util-utf8-2.3.0.tgz. Extracting by manifest.
2573 silly tarball no local data for @smithy/util-buffer-from@https://registry.npmjs.org/@smithy/util-buffer-from/-/util-buffer-from-2.2.0.tgz. Extracting by manifest.
2574 silly tarball no local data for @smithy/is-array-buffer@https://registry.npmjs.org/@smithy/is-array-buffer/-/is-array-buffer-2.2.0.tgz. Extracting by manifest.
2575 silly tarball no local data for strnum@https://registry.npmjs.org/strnum/-/strnum-1.1.2.tgz. Extracting by manifest.
2576 silly tarball no local data for @smithy/util-utf8@https://registry.npmjs.org/@smithy/util-utf8/-/util-utf8-2.3.0.tgz. Extracting by manifest.
2577 silly tarball no local data for fast-xml-parser@https://registry.npmjs.org/fast-xml-parser/-/fast-xml-parser-4.5.3.tgz. Extracting by manifest.
2578 silly tarball no local data for strip-json-comments@https://registry.npmjs.org/strip-json-comments/-/strip-json-comments-5.0.3.tgz. Extracting by manifest.
2579 silly tarball no local data for http-errors@https://registry.npmjs.org/http-errors/-/http-errors-2.0.0.tgz. Extracting by manifest.
2580 silly tarball no local data for statuses@https://registry.npmjs.org/statuses/-/statuses-2.0.1.tgz. Extracting by manifest.
2581 silly tarball no local data for @noble/hashes@https://registry.npmjs.org/@noble/hashes/-/hashes-1.8.0.tgz. Extracting by manifest.
2582 silly tarball no local data for @noble/curves@https://registry.npmjs.org/@noble/curves/-/curves-1.9.1.tgz. Extracting by manifest.
2583 silly tarball no local data for zod@https://registry.npmjs.org/zod/-/zod-3.25.76.tgz. Extracting by manifest.
2584 silly tarball no local data for zod@https://registry.npmjs.org/zod/-/zod-3.25.76.tgz. Extracting by manifest.
2585 silly tarball no local data for zod@https://registry.npmjs.org/zod/-/zod-3.25.76.tgz. Extracting by manifest.
2586 silly tarball no local data for clsx@https://registry.npmjs.org/clsx/-/clsx-1.2.1.tgz. Extracting by manifest.
2587 silly tarball no local data for zod@https://registry.npmjs.org/zod/-/zod-3.25.76.tgz. Extracting by manifest.
2588 silly tarball no local data for @smithy/util-buffer-from@https://registry.npmjs.org/@smithy/util-buffer-from/-/util-buffer-from-2.2.0.tgz. Extracting by manifest.
2589 http fetch GET 200 https://registry.npmjs.org/webidl-conversions/-/webidl-conversions-3.0.1.tgz 198ms (cache miss)
2590 http fetch POST 200 https://registry.npmjs.org/-/npm/v1/security/advisories/bulk 244ms
2591 silly audit report {}
2592 http fetch GET 200 https://registry.npmjs.org/media-typer/-/media-typer-0.3.0.tgz 227ms (cache miss)
2593 http fetch GET 200 https://registry.npmjs.org/http-proxy-agent/-/http-proxy-agent-5.0.0.tgz 229ms (cache miss)
2594 http fetch GET 200 https://registry.npmjs.org/tr46/-/tr46-0.0.3.tgz 234ms (cache miss)
2595 http fetch GET 200 https://registry.npmjs.org/@types/tough-cookie/-/tough-cookie-4.0.5.tgz 232ms (cache miss)
2596 http fetch GET 200 https://registry.npmjs.org/util-deprecate/-/util-deprecate-1.0.2.tgz 232ms (cache miss)
2597 http fetch GET 200 https://registry.npmjs.org/safer-buffer/-/safer-buffer-2.1.2.tgz 232ms (cache miss)
2598 http fetch GET 200 https://registry.npmjs.org/string_decoder/-/string_decoder-1.3.0.tgz 233ms (cache miss)
2599 http fetch GET 200 https://registry.npmjs.org/stream-events/-/stream-events-1.0.5.tgz 234ms (cache miss)
2600 http fetch GET 200 https://registry.npmjs.org/stubs/-/stubs-3.0.0.tgz 236ms (cache miss)
2601 http fetch GET 200 https://registry.npmjs.org/@types/request/-/request-2.48.13.tgz 236ms (cache miss)
2602 http fetch GET 200 https://registry.npmjs.org/unpipe/-/unpipe-1.0.0.tgz 236ms (cache miss)
2603 http fetch GET 200 https://registry.npmjs.org/@types/caseless/-/caseless-0.12.5.tgz 246ms (cache miss)
2604 http fetch GET 200 https://registry.npmjs.org/pump/-/pump-3.0.3.tgz 254ms (cache miss)
2605 http fetch GET 200 https://registry.npmjs.org/joycon/-/joycon-3.1.1.tgz 254ms (cache miss)
2606 http fetch GET 200 https://registry.npmjs.org/secure-json-parse/-/secure-json-parse-4.1.0.tgz 255ms (cache miss)
2607 http fetch GET 200 https://registry.npmjs.org/@tootallnate/once/-/once-2.0.0.tgz 258ms (cache miss)
2608 http fetch GET 200 https://registry.npmjs.org/dateformat/-/dateformat-4.6.3.tgz 257ms (cache miss)
2609 http fetch GET 200 https://registry.npmjs.org/split2/-/split2-4.2.0.tgz 259ms (cache miss)
2610 http fetch GET 200 https://registry.npmjs.org/real-require/-/real-require-0.2.0.tgz 256ms (cache miss)
2611 http fetch GET 200 https://registry.npmjs.org/@scure/base/-/base-1.2.6.tgz 264ms (cache miss)
2612 http fetch GET 200 https://registry.npmjs.org/process-warning/-/process-warning-5.0.0.tgz 258ms (cache miss)
2613 http fetch GET 200 https://registry.npmjs.org/fast-safe-stringify/-/fast-safe-stringify-2.1.1.tgz 263ms (cache miss)
2614 http fetch GET 200 https://registry.npmjs.org/safe-stable-stringify/-/safe-stable-stringify-2.5.0.tgz 260ms (cache miss)
2615 http fetch GET 200 https://registry.npmjs.org/quick-format-unescaped/-/quick-format-unescaped-4.0.4.tgz 265ms (cache miss)
2616 http fetch GET 200 https://registry.npmjs.org/help-me/-/help-me-5.0.0.tgz 281ms (cache miss)
2617 http fetch GET 200 https://registry.npmjs.org/isows/-/isows-1.0.7.tgz 285ms (cache miss)
2618 http fetch GET 200 https://registry.npmjs.org/mimic-fn/-/mimic-fn-4.0.0.tgz 286ms (cache miss)
2619 http fetch GET 200 https://registry.npmjs.org/wrappy/-/wrappy-1.0.2.tgz 290ms (cache miss)
2620 http fetch GET 200 https://registry.npmjs.org/ieee754/-/ieee754-1.2.1.tgz 293ms (cache miss)
2621 http fetch GET 200 https://registry.npmjs.org/@adraffy/ens-normalize/-/ens-normalize-1.11.1.tgz 304ms (cache miss)
2622 http fetch GET 200 https://registry.npmjs.org/on-exit-leak-free/-/on-exit-leak-free-2.1.2.tgz 295ms (cache miss)
2623 http fetch GET 200 https://registry.npmjs.org/msgpackr-extract/-/msgpackr-extract-3.0.3.tgz 297ms (cache miss)
2624 http fetch GET 200 https://registry.npmjs.org/ee-first/-/ee-first-1.1.1.tgz 299ms (cache miss)
2625 http fetch GET 200 https://registry.npmjs.org/whatwg-url/-/whatwg-url-5.0.0.tgz 300ms (cache miss)
2626 http fetch GET 200 https://registry.npmjs.org/level-concat-iterator/-/level-concat-iterator-3.1.0.tgz 299ms (cache miss)
2627 warn deprecated level-concat-iterator@3.1.0: Superseded by abstract-level (https://github.com/Level/community#faq)
2628 http fetch GET 200 https://registry.npmjs.org/is-buffer/-/is-buffer-2.0.5.tgz 299ms (cache miss)
2629 http fetch GET 200 https://registry.npmjs.org/node-gyp-build-optional-packages/-/node-gyp-build-optional-packages-5.2.2.tgz 300ms (cache miss)
2630 http fetch GET 200 https://registry.npmjs.org/node-gyp-build/-/node-gyp-build-4.8.4.tgz 300ms (cache miss)
2631 http fetch GET 200 https://registry.npmjs.org/@scure/bip32/-/bip32-1.7.0.tgz 314ms (cache miss)
2632 http fetch GET 200 https://registry.npmjs.org/catering/-/catering-2.1.1.tgz 304ms (cache miss)
2633 http fetch GET 200 https://registry.npmjs.org/buffer/-/buffer-6.0.3.tgz 306ms (cache miss)
2634 http fetch GET 200 https://registry.npmjs.org/pino-abstract-transport/-/pino-abstract-transport-2.0.0.tgz 311ms (cache miss)
2635 http fetch GET 200 https://registry.npmjs.org/koa-is-json/-/koa-is-json-1.0.0.tgz 307ms (cache miss)
2636 http fetch GET 200 https://registry.npmjs.org/napi-macros/-/napi-macros-2.0.0.tgz 310ms (cache miss)
2637 http fetch GET 200 https://registry.npmjs.org/pino-std-serializers/-/pino-std-serializers-7.0.0.tgz 313ms (cache miss)
2638 http fetch GET 200 https://registry.npmjs.org/level-supports/-/level-supports-2.1.0.tgz 312ms (cache miss)
2639 http fetch GET 200 https://registry.npmjs.org/co/-/co-4.6.0.tgz 317ms (cache miss)
2640 http fetch GET 200 https://registry.npmjs.org/@fastify/busboy/-/busboy-2.1.1.tgz 331ms (cache miss)
2641 http fetch GET 200 https://registry.npmjs.org/compressible/-/compressible-2.0.18.tgz 321ms (cache miss)
2642 http fetch GET 200 https://registry.npmjs.org/raw-body/-/raw-body-2.5.2.tgz 322ms (cache miss)
2643 http fetch GET 200 https://registry.npmjs.org/path-to-regexp/-/path-to-regexp-6.3.0.tgz 323ms (cache miss)
2644 http fetch GET 200 https://registry.npmjs.org/inflation/-/inflation-2.1.0.tgz 322ms (cache miss)
2645 http fetch GET 200 https://registry.npmjs.org/copy-to/-/copy-to-2.0.1.tgz 324ms (cache miss)
2646 http fetch GET 200 https://registry.npmjs.org/bytes/-/bytes-3.1.2.tgz 325ms (cache miss)
2647 http fetch GET 200 https://registry.npmjs.org/tsscmp/-/tsscmp-1.0.6.tgz 324ms (cache miss)
2648 http fetch GET 200 https://registry.npmjs.org/iconv-lite/-/iconv-lite-0.4.24.tgz 336ms (cache miss)
2649 http fetch GET 200 https://registry.npmjs.org/@pinojs/redact/-/redact-0.4.0.tgz 345ms (cache miss)
2650 http fetch GET 200 https://registry.npmjs.org/setprototypeof/-/setprototypeof-1.2.0.tgz 355ms (cache miss)
2651 http fetch GET 200 https://registry.npmjs.org/@hapi/bourne/-/bourne-3.0.0.tgz 372ms (cache miss)
2652 http fetch GET 200 https://registry.npmjs.org/co-body/-/co-body-6.2.0.tgz 373ms (cache miss)
2653 http fetch GET 200 https://registry.npmjs.org/ylru/-/ylru-1.4.0.tgz 373ms (cache miss)
2654 http fetch GET 200 https://registry.npmjs.org/sonic-boom/-/sonic-boom-4.2.0.tgz 379ms (cache miss)
2655 http fetch GET 200 https://registry.npmjs.org/mime-db/-/mime-db-1.54.0.tgz 376ms (cache miss)
2656 http fetch GET 200 https://registry.npmjs.org/deep-equal/-/deep-equal-1.0.1.tgz 376ms (cache miss)
2657 http fetch GET 200 https://registry.npmjs.org/keygrip/-/keygrip-1.1.0.tgz 379ms (cache miss)
2658 warn deprecated keygrip@1.1.0: Package no longer supported. Contact Support at https://www.npmjs.com/support for more info.
2659 http fetch GET 200 https://registry.npmjs.org/statuses/-/statuses-1.5.0.tgz 380ms (cache miss)
2660 http fetch GET 200 https://registry.npmjs.org/type-is/-/type-is-1.6.18.tgz 380ms (cache miss)
2661 http fetch GET 200 https://registry.npmjs.org/parseurl/-/parseurl-1.3.3.tgz 380ms (cache miss)
2662 http fetch GET 200 https://registry.npmjs.org/on-finished/-/on-finished-2.4.1.tgz 381ms (cache miss)
2663 http fetch GET 200 https://registry.npmjs.org/@msgpackr-extract/msgpackr-extract-darwin-arm64/-/msgpackr-extract-darwin-arm64-3.0.3.tgz 385ms (cache miss)
2664 http fetch GET 200 https://registry.npmjs.org/toidentifier/-/toidentifier-1.0.1.tgz 382ms (cache miss)
2665 http fetch GET 200 https://registry.npmjs.org/koa-compose/-/koa-compose-4.1.0.tgz 381ms (cache miss)
2666 http fetch GET 200 https://registry.npmjs.org/koa-convert/-/koa-convert-2.0.0.tgz 381ms (cache miss)
2667 http fetch GET 200 https://registry.npmjs.org/http-errors/-/http-errors-1.8.1.tgz 381ms (cache miss)
2668 http fetch GET 200 https://registry.npmjs.org/only/-/only-0.0.2.tgz 383ms (cache miss)
2669 http fetch GET 200 https://registry.npmjs.org/fresh/-/fresh-0.5.2.tgz 384ms (cache miss)
2670 http fetch GET 200 https://registry.npmjs.org/depd/-/depd-2.0.0.tgz 383ms (cache miss)
2671 http fetch GET 200 https://registry.npmjs.org/content-type/-/content-type-1.0.5.tgz 384ms (cache miss)
2672 http fetch GET 200 https://registry.npmjs.org/escape-html/-/escape-html-1.0.3.tgz 385ms (cache miss)
2673 http fetch GET 200 https://registry.npmjs.org/http-assert/-/http-assert-1.5.0.tgz 385ms (cache miss)
2674 http fetch GET 200 https://registry.npmjs.org/delegates/-/delegates-1.0.0.tgz 384ms (cache miss)
2675 http fetch GET 200 https://registry.npmjs.org/cookies/-/cookies-0.9.1.tgz 385ms (cache miss)
2676 http fetch GET 200 https://registry.npmjs.org/encodeurl/-/encodeurl-1.0.2.tgz 386ms (cache miss)
2677 http fetch GET 200 https://registry.npmjs.org/jwa/-/jwa-2.0.1.tgz 384ms (cache miss)
2678 http fetch GET 200 https://registry.npmjs.org/destroy/-/destroy-1.2.0.tgz 386ms (cache miss)
2679 http fetch GET 200 https://registry.npmjs.org/accepts/-/accepts-1.3.8.tgz 385ms (cache miss)
2680 http fetch GET 200 https://registry.npmjs.org/negotiator/-/negotiator-0.6.3.tgz 391ms (cache miss)
2681 http fetch GET 200 https://registry.npmjs.org/cache-content-type/-/cache-content-type-1.0.1.tgz 388ms (cache miss)
2682 http fetch GET 200 https://registry.npmjs.org/buffer-equal-constant-time/-/buffer-equal-constant-time-1.0.1.tgz 387ms (cache miss)
2683 http fetch GET 200 https://registry.npmjs.org/agent-base/-/agent-base-7.1.4.tgz 397ms (cache miss)
2684 http fetch GET 200 https://registry.npmjs.org/content-disposition/-/content-disposition-0.5.4.tgz 399ms (cache miss)
2685 http fetch GET 200 https://registry.npmjs.org/atomic-sleep/-/atomic-sleep-1.0.0.tgz 398ms (cache miss)
2686 http fetch GET 200 https://registry.npmjs.org/requires-port/-/requires-port-1.0.0.tgz 402ms (cache miss)
2687 http fetch GET 200 https://registry.npmjs.org/safe-buffer/-/safe-buffer-5.2.1.tgz 401ms (cache miss)
2688 http fetch GET 200 https://registry.npmjs.org/qs/-/qs-6.14.0.tgz 408ms (cache miss)
2689 http fetch GET 200 https://registry.npmjs.org/jws/-/jws-4.0.0.tgz 402ms (cache miss)
2690 http fetch GET 200 https://registry.npmjs.org/eventemitter3/-/eventemitter3-4.0.7.tgz 406ms (cache miss)
2691 http fetch GET 200 https://registry.npmjs.org/minimalistic-assert/-/minimalistic-assert-1.0.1.tgz 412ms (cache miss)
2692 http fetch GET 200 https://registry.npmjs.org/base64-js/-/base64-js-1.5.1.tgz 412ms (cache miss)
2693 http fetch GET 200 https://registry.npmjs.org/abstract-leveldown/-/abstract-leveldown-7.2.0.tgz 420ms (cache miss)
2694 warn deprecated abstract-leveldown@7.2.0: Superseded by abstract-level (https://github.com/Level/community#faq)
2695 http fetch GET 200 https://registry.npmjs.org/ecdsa-sig-formatter/-/ecdsa-sig-formatter-1.0.11.tgz 414ms (cache miss)
2696 http fetch GET 200 https://registry.npmjs.org/gtoken/-/gtoken-7.1.0.tgz 416ms (cache miss)
2697 http fetch GET 200 https://registry.npmjs.org/https-proxy-agent/-/https-proxy-agent-7.0.6.tgz 415ms (cache miss)
2698 http fetch GET 200 https://registry.npmjs.org/fast-copy/-/fast-copy-3.0.2.tgz 431ms (cache miss)
2699 http fetch GET 200 https://registry.npmjs.org/json-bigint/-/json-bigint-1.0.0.tgz 416ms (cache miss)
2700 http fetch GET 200 https://registry.npmjs.org/delayed-stream/-/delayed-stream-1.0.0.tgz 419ms (cache miss)
2701 http fetch GET 200 https://registry.npmjs.org/gcp-metadata/-/gcp-metadata-6.1.1.tgz 424ms (cache miss)
2702 http fetch GET 200 https://registry.npmjs.org/strnum/-/strnum-2.1.1.tgz 424ms (cache miss)
2703 http fetch GET 200 https://registry.npmjs.org/thread-stream/-/thread-stream-3.1.0.tgz 438ms (cache miss)
2704 http fetch GET 200 https://registry.npmjs.org/combined-stream/-/combined-stream-1.0.8.tgz 430ms (cache miss)
2705 http fetch GET 200 https://registry.npmjs.org/npm-run-path/-/npm-run-path-5.3.0.tgz 428ms (cache miss)
2706 http fetch GET 200 https://registry.npmjs.org/signal-exit/-/signal-exit-3.0.7.tgz 430ms (cache miss)
2707 http fetch GET 200 https://registry.npmjs.org/mime-types/-/mime-types-2.1.35.tgz 430ms (cache miss)
2708 http fetch GET 200 https://registry.npmjs.org/strip-final-newline/-/strip-final-newline-3.0.0.tgz 430ms (cache miss)
2709 http fetch GET 200 https://registry.npmjs.org/human-signals/-/human-signals-4.3.1.tgz 431ms (cache miss)
2710 http fetch GET 200 https://registry.npmjs.org/onetime/-/onetime-6.0.0.tgz 431ms (cache miss)
2711 http fetch GET 200 https://registry.npmjs.org/google-logging-utils/-/google-logging-utils-0.0.2.tgz 434ms (cache miss)
2712 http fetch GET 200 https://registry.npmjs.org/bignumber.js/-/bignumber.js-9.3.1.tgz 441ms (cache miss)
2713 http fetch GET 200 https://registry.npmjs.org/asynckit/-/asynckit-0.4.0.tgz 442ms (cache miss)
2714 http fetch GET 200 https://registry.npmjs.org/stream-shift/-/stream-shift-1.0.3.tgz 441ms (cache miss)
2715 http fetch GET 200 https://registry.npmjs.org/once/-/once-1.4.0.tgz 444ms (cache miss)
2716 http fetch GET 200 https://registry.npmjs.org/merge-stream/-/merge-stream-2.0.0.tgz 444ms (cache miss)
2717 http fetch GET 200 https://registry.npmjs.org/is-stream/-/is-stream-3.0.0.tgz 445ms (cache miss)
2718 http fetch GET 200 https://registry.npmjs.org/node-fetch/-/node-fetch-2.7.0.tgz 447ms (cache miss)
2719 http fetch GET 200 https://registry.npmjs.org/inherits/-/inherits-2.0.4.tgz 444ms (cache miss)
2720 http fetch GET 200 https://registry.npmjs.org/form-data/-/form-data-4.0.5.tgz 443ms (cache miss)
2721 http fetch GET 200 https://registry.npmjs.org/retry/-/retry-0.13.1.tgz 443ms (cache miss)
2722 http fetch GET 200 https://registry.npmjs.org/proxy-from-env/-/proxy-from-env-1.1.0.tgz 445ms (cache miss)
2723 http fetch GET 200 https://registry.npmjs.org/follow-redirects/-/follow-redirects-1.15.11.tgz 447ms (cache miss)
2724 http fetch GET 200 https://registry.npmjs.org/get-port/-/get-port-6.1.2.tgz 448ms (cache miss)
2725 http fetch GET 200 https://registry.npmjs.org/event-target-shim/-/event-target-shim-5.0.1.tgz 456ms (cache miss)
2726 http fetch GET 200 https://registry.npmjs.org/ws/-/ws-8.18.3.tgz 457ms (cache miss)
2727 http fetch GET 200 https://registry.npmjs.org/end-of-stream/-/end-of-stream-1.4.5.tgz 461ms (cache miss)
2728 http fetch GET 200 https://registry.npmjs.org/@noble/ciphers/-/ciphers-1.3.0.tgz 489ms (cache miss)
2729 http fetch GET 200 https://registry.npmjs.org/execa/-/execa-7.2.0.tgz 464ms (cache miss)
2730 http fetch GET 200 https://registry.npmjs.org/http-proxy/-/http-proxy-1.18.1.tgz 468ms (cache miss)
2731 http fetch GET 200 https://registry.npmjs.org/@smithy/util-uri-escape/-/util-uri-escape-4.2.0.tgz 473ms (cache miss)
2732 http fetch GET 200 https://registry.npmjs.org/@scure/bip39/-/bip39-1.6.0.tgz 503ms (cache miss)
2733 http fetch GET 200 https://registry.npmjs.org/@smithy/util-buffer-from/-/util-buffer-from-4.2.0.tgz 495ms (cache miss)
2734 http fetch GET 200 https://registry.npmjs.org/get-stream/-/get-stream-6.0.1.tgz 500ms (cache miss)
2735 http fetch GET 200 https://registry.npmjs.org/@smithy/service-error-classification/-/service-error-classification-4.2.5.tgz 503ms (cache miss)
2736 http fetch GET 200 https://registry.npmjs.org/@smithy/chunked-blob-reader-native/-/chunked-blob-reader-native-4.2.1.tgz 505ms (cache miss)
2737 http fetch GET 200 https://registry.npmjs.org/@smithy/chunked-blob-reader/-/chunked-blob-reader-5.2.0.tgz 504ms (cache miss)
2738 http fetch GET 200 https://registry.npmjs.org/@smithy/eventstream-codec/-/eventstream-codec-4.2.5.tgz 505ms (cache miss)
2739 http fetch GET 200 https://registry.npmjs.org/@smithy/querystring-parser/-/querystring-parser-4.2.5.tgz 506ms (cache miss)
2740 http fetch GET 200 https://registry.npmjs.org/@smithy/util-hex-encoding/-/util-hex-encoding-4.2.0.tgz 506ms (cache miss)
2741 http fetch GET 200 https://registry.npmjs.org/extend/-/extend-3.0.2.tgz 506ms (cache miss)
2742 http fetch GET 200 https://registry.npmjs.org/@smithy/querystring-builder/-/querystring-builder-4.2.5.tgz 515ms (cache miss)
2743 http fetch GET 200 https://registry.npmjs.org/retry-request/-/retry-request-7.0.2.tgz 523ms (cache miss)
2744 http fetch GET 200 https://registry.npmjs.org/arrify/-/arrify-2.0.1.tgz 524ms (cache miss)
2745 http fetch GET 200 https://registry.npmjs.org/vary/-/vary-1.1.2.tgz 528ms (cache miss)
2746 http fetch GET 200 https://registry.npmjs.org/readable-stream/-/readable-stream-3.6.2.tgz 539ms (cache miss)
2747 http fetch GET 200 https://registry.npmjs.org/async-retry/-/async-retry-1.3.3.tgz 531ms (cache miss)
2748 http fetch GET 200 https://registry.npmjs.org/@smithy/abort-controller/-/abort-controller-4.2.5.tgz 535ms (cache miss)
2749 http fetch GET 200 https://registry.npmjs.org/duplexify/-/duplexify-4.1.3.tgz 532ms (cache miss)
2750 http fetch GET 200 https://registry.npmjs.org/mime/-/mime-3.0.0.tgz 535ms (cache miss)
2751 http fetch GET 200 https://registry.npmjs.org/abort-controller/-/abort-controller-3.0.0.tgz 537ms (cache miss)
2752 http fetch GET 200 https://registry.npmjs.org/teeny-request/-/teeny-request-9.0.0.tgz 540ms (cache miss)
2753 http fetch GET 200 https://registry.npmjs.org/@smithy/eventstream-serde-universal/-/eventstream-serde-universal-4.2.5.tgz 541ms (cache miss)
2754 http fetch GET 200 https://registry.npmjs.org/@smithy/uuid/-/uuid-1.1.0.tgz 544ms (cache miss)
2755 http fetch GET 200 https://registry.npmjs.org/@smithy/is-array-buffer/-/is-array-buffer-4.2.0.tgz 538ms (cache miss)
2756 http fetch GET 200 https://registry.npmjs.org/@aws-crypto/crc32c/-/crc32c-5.2.0.tgz 540ms (cache miss)
2757 http fetch GET 200 https://registry.npmjs.org/bowser/-/bowser-2.12.1.tgz 543ms (cache miss)
2758 http fetch GET 200 https://registry.npmjs.org/@google-cloud/projectify/-/projectify-4.0.0.tgz 551ms (cache miss)
2759 http fetch GET 200 https://registry.npmjs.org/@aws/lambda-invoke-store/-/lambda-invoke-store-0.2.0.tgz 547ms (cache miss)
2760 http fetch GET 200 https://registry.npmjs.org/gaxios/-/gaxios-6.7.1.tgz 557ms (cache miss)
2761 http fetch GET 200 https://registry.npmjs.org/@aws-sdk/util-arn-parser/-/util-arn-parser-3.893.0.tgz 551ms (cache miss)
2762 http fetch GET 200 https://registry.npmjs.org/html-entities/-/html-entities-2.6.0.tgz 559ms (cache miss)
2763 http fetch GET 200 https://registry.npmjs.org/@smithy/util-config-provider/-/util-config-provider-4.2.0.tgz 554ms (cache miss)
2764 http fetch GET 200 https://registry.npmjs.org/@aws-sdk/token-providers/-/token-providers-3.936.0.tgz 557ms (cache miss)
2765 http fetch GET 200 https://registry.npmjs.org/@google-cloud/promisify/-/promisify-4.0.0.tgz 578ms (cache miss)
2766 http fetch GET 200 https://registry.npmjs.org/@smithy/credential-provider-imds/-/credential-provider-imds-4.2.5.tgz 591ms (cache miss)
2767 http fetch GET 200 https://registry.npmjs.org/@aws-sdk/credential-provider-process/-/credential-provider-process-3.936.0.tgz 592ms (cache miss)
2768 http fetch GET 200 https://registry.npmjs.org/@aws-crypto/crc32/-/crc32-5.2.0.tgz 598ms (cache miss)
2769 http fetch GET 200 https://registry.npmjs.org/@aws-sdk/credential-provider-login/-/credential-provider-login-3.936.0.tgz 594ms (cache miss)
2770 http fetch GET 200 https://registry.npmjs.org/uuid/-/uuid-8.3.2.tgz 620ms (cache miss)
2771 http fetch GET 200 https://registry.npmjs.org/@google-cloud/paginator/-/paginator-5.0.2.tgz 620ms (cache miss)
2772 http fetch GET 200 https://registry.npmjs.org/@aws-sdk/credential-provider-http/-/credential-provider-http-3.936.0.tgz 618ms (cache miss)
2773 http fetch GET 200 https://registry.npmjs.org/@aws-sdk/util-locate-window/-/util-locate-window-3.893.0.tgz 623ms (cache miss)
2774 http fetch GET 200 https://registry.npmjs.org/fast-xml-parser/-/fast-xml-parser-5.2.5.tgz 631ms (cache miss)
2775 http fetch GET 200 https://registry.npmjs.org/@aws-sdk/credential-provider-sso/-/credential-provider-sso-3.936.0.tgz 630ms (cache miss)
2776 http fetch GET 200 https://registry.npmjs.org/@aws-sdk/credential-provider-web-identity/-/credential-provider-web-identity-3.936.0.tgz 633ms (cache miss)
2777 http fetch GET 200 https://registry.npmjs.org/@aws-crypto/supports-web-crypto/-/supports-web-crypto-5.2.0.tgz 632ms (cache miss)
2778 http fetch GET 200 https://registry.npmjs.org/@aws-sdk/credential-provider-ini/-/credential-provider-ini-3.936.0.tgz 636ms (cache miss)
2779 http fetch GET 200 https://registry.npmjs.org/@smithy/property-provider/-/property-provider-4.2.5.tgz 637ms (cache miss)
2780 http fetch GET 200 https://registry.npmjs.org/@aws-sdk/xml-builder/-/xml-builder-3.930.0.tgz 648ms (cache miss)
2781 http fetch GET 200 https://registry.npmjs.org/@aws-sdk/credential-provider-env/-/credential-provider-env-3.936.0.tgz 651ms (cache miss)
2782 http fetch GET 200 https://registry.npmjs.org/@smithy/util-retry/-/util-retry-4.2.5.tgz 645ms (cache miss)
2783 http fetch GET 200 https://registry.npmjs.org/@smithy/util-middleware/-/util-middleware-4.2.5.tgz 651ms (cache miss)
2784 http fetch GET 200 https://registry.npmjs.org/@smithy/shared-ini-file-loader/-/shared-ini-file-loader-4.4.0.tgz 660ms (cache miss)
2785 http fetch GET 200 https://registry.npmjs.org/@smithy/util-waiter/-/util-waiter-4.2.5.tgz 658ms (cache miss)
2786 http fetch GET 200 https://registry.npmjs.org/@smithy/util-body-length-node/-/util-body-length-node-4.2.1.tgz 651ms (cache miss)
2787 http fetch GET 200 https://registry.npmjs.org/@smithy/signature-v4/-/signature-v4-5.3.5.tgz 664ms (cache miss)
2788 http fetch GET 200 https://registry.npmjs.org/@smithy/util-utf8/-/util-utf8-4.2.0.tgz 664ms (cache miss)
2789 http fetch GET 200 https://registry.npmjs.org/@smithy/util-body-length-browser/-/util-body-length-browser-4.2.0.tgz 659ms (cache miss)
2790 http fetch GET 200 https://registry.npmjs.org/@smithy/util-base64/-/util-base64-4.3.0.tgz 662ms (cache miss)
2791 http fetch GET 200 https://registry.npmjs.org/@smithy/url-parser/-/url-parser-4.2.5.tgz 662ms (cache miss)
2792 http fetch GET 200 https://registry.npmjs.org/@aws-crypto/util/-/util-5.2.0.tgz 677ms (cache miss)
2793 http fetch GET 200 https://registry.npmjs.org/google-auth-library/-/google-auth-library-9.15.1.tgz 698ms (cache miss)
2794 http fetch GET 200 https://registry.npmjs.org/@aws-sdk/client-sso/-/client-sso-3.936.0.tgz 692ms (cache miss)
2795 http fetch GET 200 https://registry.npmjs.org/@smithy/util-stream/-/util-stream-4.5.6.tgz 695ms (cache miss)
2796 http fetch GET 200 https://registry.npmjs.org/@smithy/util-defaults-mode-node/-/util-defaults-mode-node-4.2.14.tgz 692ms (cache miss)
2797 http fetch GET 200 https://registry.npmjs.org/@smithy/node-config-provider/-/node-config-provider-4.3.5.tgz 690ms (cache miss)
2798 http fetch GET 200 https://registry.npmjs.org/@smithy/middleware-stack/-/middleware-stack-4.2.5.tgz 698ms (cache miss)
2799 http fetch GET 200 https://registry.npmjs.org/@smithy/middleware-content-length/-/middleware-content-length-4.2.5.tgz 704ms (cache miss)
2800 http fetch GET 200 https://registry.npmjs.org/@smithy/protocol-http/-/protocol-http-5.3.5.tgz 710ms (cache miss)
2801 http fetch GET 200 https://registry.npmjs.org/@smithy/middleware-serde/-/middleware-serde-4.2.6.tgz 711ms (cache miss)
2802 http fetch GET 200 https://registry.npmjs.org/@smithy/util-defaults-mode-browser/-/util-defaults-mode-browser-4.3.11.tgz 715ms (cache miss)
2803 http fetch GET 200 https://registry.npmjs.org/@smithy/md5-js/-/md5-js-4.2.5.tgz 716ms (cache miss)
2804 http fetch GET 200 https://registry.npmjs.org/@noble/hashes/-/hashes-1.6.0.tgz 740ms (cache miss)
2805 http fetch GET 200 https://registry.npmjs.org/@smithy/hash-stream-node/-/hash-stream-node-4.2.5.tgz 720ms (cache miss)
2806 http fetch GET 200 https://registry.npmjs.org/@smithy/fetch-http-handler/-/fetch-http-handler-5.3.6.tgz 722ms (cache miss)
2807 http fetch GET 200 https://registry.npmjs.org/@smithy/node-http-handler/-/node-http-handler-4.4.5.tgz 726ms (cache miss)
2808 http fetch GET 200 https://registry.npmjs.org/@smithy/smithy-client/-/smithy-client-4.9.8.tgz 727ms (cache miss)
2809 http fetch GET 200 https://registry.npmjs.org/@smithy/hash-blob-browser/-/hash-blob-browser-4.2.6.tgz 725ms (cache miss)
2810 http fetch GET 200 https://registry.npmjs.org/@smithy/eventstream-serde-node/-/eventstream-serde-node-4.2.5.tgz 726ms (cache miss)
2811 http fetch GET 200 https://registry.npmjs.org/@smithy/hash-node/-/hash-node-4.2.5.tgz 730ms (cache miss)
2812 http fetch GET 200 https://registry.npmjs.org/@smithy/middleware-endpoint/-/middleware-endpoint-4.3.12.tgz 733ms (cache miss)
2813 http fetch GET 200 https://registry.npmjs.org/@smithy/eventstream-serde-config-resolver/-/eventstream-serde-config-resolver-4.3.5.tgz 733ms (cache miss)
2814 http fetch GET 200 https://registry.npmjs.org/@aws-sdk/util-user-agent-node/-/util-user-agent-node-3.936.0.tgz 744ms (cache miss)
2815 http fetch GET 200 https://registry.npmjs.org/@smithy/eventstream-serde-browser/-/eventstream-serde-browser-4.2.5.tgz 745ms (cache miss)
2816 http fetch GET 200 https://registry.npmjs.org/@aws-sdk/util-endpoints/-/util-endpoints-3.936.0.tgz 756ms (cache miss)
2817 http fetch GET 200 https://registry.npmjs.org/@aws-sdk/util-user-agent-browser/-/util-user-agent-browser-3.936.0.tgz 756ms (cache miss)
2818 http fetch GET 200 https://registry.npmjs.org/@smithy/invalid-dependency/-/invalid-dependency-4.2.5.tgz 761ms (cache miss)
2819 http fetch GET 200 https://registry.npmjs.org/@aws-sdk/middleware-user-agent/-/middleware-user-agent-3.936.0.tgz 790ms (cache miss)
2820 http fetch GET 200 https://registry.npmjs.org/@aws-sdk/region-config-resolver/-/region-config-resolver-3.936.0.tgz 826ms (cache miss)
2821 http fetch GET 200 https://registry.npmjs.org/@aws-sdk/middleware-host-header/-/middleware-host-header-3.936.0.tgz 826ms (cache miss)
2822 http fetch GET 200 https://registry.npmjs.org/@aws-sdk/middleware-logger/-/middleware-logger-3.936.0.tgz 829ms (cache miss)
2823 http fetch GET 200 https://registry.npmjs.org/@aws-sdk/middleware-ssec/-/middleware-ssec-3.936.0.tgz 830ms (cache miss)
2824 http fetch GET 200 https://registry.npmjs.org/lodash.isequal/-/lodash.isequal-4.5.0.tgz 827ms (cache miss)
2825 warn deprecated lodash.isequal@4.5.0: This package is deprecated. Use require('node:util').isDeepStrictEqual instead.
2826 http fetch GET 200 https://registry.npmjs.org/@aws-sdk/signature-v4-multi-region/-/signature-v4-multi-region-3.936.0.tgz 830ms (cache miss)
2827 http fetch GET 200 https://registry.npmjs.org/@aws-sdk/middleware-expect-continue/-/middleware-expect-continue-3.936.0.tgz 833ms (cache miss)
2828 http fetch GET 200 https://registry.npmjs.org/json-stringify-deterministic/-/json-stringify-deterministic-1.0.12.tgz 831ms (cache miss)
2829 http fetch GET 200 https://registry.npmjs.org/@aws-sdk/middleware-location-constraint/-/middleware-location-constraint-3.936.0.tgz 840ms (cache miss)
2830 http fetch GET 200 https://registry.npmjs.org/@aws-sdk/middleware-recursion-detection/-/middleware-recursion-detection-3.936.0.tgz 842ms (cache miss)
2831 http fetch GET 200 https://registry.npmjs.org/@aws-sdk/credential-provider-node/-/credential-provider-node-3.936.0.tgz 842ms (cache miss)
2832 http fetch GET 200 https://registry.npmjs.org/@smithy/util-endpoints/-/util-endpoints-3.2.5.tgz 861ms (cache miss)
2833 http fetch GET 200 https://registry.npmjs.org/@aws-crypto/sha1-browser/-/sha1-browser-5.2.0.tgz 854ms (cache miss)
2834 http fetch GET 200 https://registry.npmjs.org/@smithy/middleware-retry/-/middleware-retry-4.4.12.tgz 859ms (cache miss)
2835 http fetch GET 200 https://registry.npmjs.org/commander/-/commander-12.1.0.tgz 870ms (cache miss)
2836 http fetch GET 200 https://registry.npmjs.org/@aws-sdk/middleware-bucket-endpoint/-/middleware-bucket-endpoint-3.936.0.tgz 876ms (cache miss)
2837 http fetch GET 200 https://registry.npmjs.org/abitype/-/abitype-1.1.0.tgz 940ms (cache miss)
2838 http fetch GET 200 https://registry.npmjs.org/lodash.times/-/lodash.times-4.3.2.tgz 889ms (cache miss)
2839 http fetch GET 200 https://registry.npmjs.org/lodash.omit/-/lodash.omit-4.5.0.tgz 887ms (cache miss)
2840 warn deprecated lodash.omit@4.5.0: This package is deprecated. Use destructuring assignment syntax instead.
2841 http fetch GET 200 https://registry.npmjs.org/sha3/-/sha3-2.1.4.tgz 888ms (cache miss)
2842 http fetch GET 200 https://registry.npmjs.org/lodash.clonedeepwith/-/lodash.clonedeepwith-4.5.0.tgz 890ms (cache miss)
2843 http fetch GET 200 https://registry.npmjs.org/idb-keyval/-/idb-keyval-6.2.2.tgz 900ms (cache miss)
2844 http fetch GET 200 https://registry.npmjs.org/koa-bodyparser/-/koa-bodyparser-4.4.1.tgz 912ms (cache miss)
2845 http fetch GET 200 https://registry.npmjs.org/koa-compress/-/koa-compress-5.1.1.tgz 913ms (cache miss)
2846 http fetch GET 200 https://registry.npmjs.org/koa/-/koa-2.16.3.tgz 915ms (cache miss)
2847 http fetch GET 200 https://registry.npmjs.org/@smithy/config-resolver/-/config-resolver-4.4.3.tgz 925ms (cache miss)
2848 http fetch GET 200 https://registry.npmjs.org/koa-router/-/koa-router-13.1.1.tgz 916ms (cache miss)
2849 http fetch GET 200 https://registry.npmjs.org/colorette/-/colorette-2.0.20.tgz 917ms (cache miss)
2850 warn deprecated koa-router@13.1.1: Please use @koa/router instead, starting from v9! 
2851 http fetch GET 200 https://registry.npmjs.org/@aws-crypto/sha256-browser/-/sha256-browser-5.2.0.tgz 925ms (cache miss)
2852 http fetch GET 200 https://registry.npmjs.org/detect-node/-/detect-node-2.1.0.tgz 920ms (cache miss)
2853 http fetch GET 200 https://registry.npmjs.org/bn.js/-/bn.js-5.2.2.tgz 928ms (cache miss)
2854 http fetch GET 200 https://registry.npmjs.org/msgpackr/-/msgpackr-1.11.5.tgz 947ms (cache miss)
2855 http fetch GET 200 https://registry.npmjs.org/lodash.chunk/-/lodash.chunk-4.2.0.tgz 945ms (cache miss)
2856 http fetch GET 200 https://registry.npmjs.org/lodash.pickby/-/lodash.pickby-4.6.0.tgz 945ms (cache miss)
2857 http fetch GET 200 https://registry.npmjs.org/@aws-crypto/sha256-js/-/sha256-js-5.2.0.tgz 953ms (cache miss)
2858 http fetch GET 200 https://registry.npmjs.org/hash.js/-/hash.js-1.1.7.tgz 948ms (cache miss)
2859 http fetch GET 200 https://registry.npmjs.org/@aws-sdk/middleware-flexible-checksums/-/middleware-flexible-checksums-3.936.0.tgz 957ms (cache miss)
2860 http fetch GET 200 https://registry.npmjs.org/dotenv/-/dotenv-16.6.1.tgz 949ms (cache miss)
2861 http fetch GET 200 https://registry.npmjs.org/@aws-sdk/middleware-sdk-s3/-/middleware-sdk-s3-3.936.0.tgz 965ms (cache miss)
2862 http fetch GET 200 https://registry.npmjs.org/@smithy/types/-/types-4.9.0.tgz 977ms (cache miss)
2863 http fetch GET 200 https://registry.npmjs.org/@aws-sdk/types/-/types-3.936.0.tgz 979ms (cache miss)
2864 http fetch GET 200 https://registry.npmjs.org/pako/-/pako-2.1.0.tgz 989ms (cache miss)
2865 http fetch GET 200 https://registry.npmjs.org/pino-pretty/-/pino-pretty-13.1.2.tgz 1005ms (cache miss)
2866 http fetch GET 200 https://registry.npmjs.org/@koa/cors/-/cors-5.0.0.tgz 1006ms (cache miss)
2867 http fetch GET 200 https://registry.npmjs.org/comlink/-/comlink-4.4.2.tgz 1009ms (cache miss)
2868 http fetch GET 200 https://registry.npmjs.org/@tanstack/query-core/-/query-core-5.90.10.tgz 1051ms (cache miss)
2869 http fetch GET 200 https://registry.npmjs.org/@aws-sdk/nested-clients/-/nested-clients-3.936.0.tgz 1099ms (cache miss)
2870 http fetch GET 200 https://registry.npmjs.org/undici/-/undici-5.29.0.tgz 1077ms (cache miss)
2871 http fetch GET 200 https://registry.npmjs.org/axios/-/axios-1.13.2.tgz 1077ms (cache miss)
2872 http fetch GET 200 https://registry.npmjs.org/@google-cloud/storage/-/storage-7.17.3.tgz 1097ms (cache miss)
2873 http fetch GET 200 https://registry.npmjs.org/pino/-/pino-9.14.0.tgz 1105ms (cache miss)
2874 http fetch GET 200 https://registry.npmjs.org/@noble/curves/-/curves-1.7.0.tgz 1114ms (cache miss)
2875 http fetch GET 200 https://registry.npmjs.org/@smithy/core/-/core-3.18.5.tgz 1132ms (cache miss)
2876 http fetch GET 200 https://registry.npmjs.org/@aws-sdk/core/-/core-3.936.0.tgz 1134ms (cache miss)
2877 http fetch GET 200 https://registry.npmjs.org/leveldown/-/leveldown-6.1.1.tgz 1178ms (cache miss)
2878 warn deprecated leveldown@6.1.1: Superseded by classic-level (https://github.com/Level/community#faq)
2879 http fetch GET 200 https://registry.npmjs.org/@aws-sdk/client-s3/-/client-s3-3.936.0.tgz 1198ms (cache miss)
2880 http fetch GET 200 https://registry.npmjs.org/ox/-/ox-0.9.6.tgz 1294ms (cache miss)
2881 http fetch GET 200 https://registry.npmjs.org/@crate-crypto/node-eth-kzg/-/node-eth-kzg-0.10.0.tgz 1534ms (cache miss)
2882 http fetch GET 200 https://registry.npmjs.org/@aztec/constants/-/constants-3.0.0-devnet.2.tgz 1567ms (cache miss)
2883 http fetch GET 200 https://registry.npmjs.org/@viem/anvil/-/anvil-0.0.10.tgz 1694ms (cache miss)
2884 http fetch GET 200 https://registry.npmjs.org/clsx/-/clsx-2.1.1.tgz 1696ms (cache miss)
2885 http fetch GET 200 https://registry.npmjs.org/@aztec/entrypoints/-/entrypoints-3.0.0-devnet.2.tgz 1696ms (cache miss)
2886 http fetch GET 200 https://registry.npmjs.org/eventemitter3/-/eventemitter3-5.0.1.tgz 1729ms (cache miss)
2887 http fetch GET 200 https://registry.npmjs.org/react-toastify/-/react-toastify-9.1.3.tgz 1730ms (cache miss)
2888 http fetch GET 200 https://registry.npmjs.org/@aztec/noir-types/-/noir-types-3.0.0-devnet.2.tgz 1841ms (cache miss)
2889 http fetch GET 200 https://registry.npmjs.org/agent-base/-/agent-base-6.0.2.tgz 1825ms (cache miss)
2890 http fetch GET 200 https://registry.npmjs.org/form-data/-/form-data-2.5.5.tgz 1845ms (cache miss)
2891 http fetch GET 200 https://registry.npmjs.org/statuses/-/statuses-2.0.1.tgz 1850ms (cache miss)
2892 http fetch GET 200 https://registry.npmjs.org/http-errors/-/http-errors-2.0.0.tgz 1859ms (cache miss)
2893 http fetch GET 200 https://registry.npmjs.org/@noble/curves/-/curves-1.9.1.tgz 1864ms (cache miss)
2894 http fetch GET 200 https://registry.npmjs.org/depd/-/depd-1.1.2.tgz 1872ms (cache miss)
2895 http fetch GET 200 https://registry.npmjs.org/path-key/-/path-key-4.0.0.tgz 1883ms (cache miss)
2896 http fetch GET 200 https://registry.npmjs.org/@noble/hashes/-/hashes-1.8.0.tgz 1884ms (cache miss)
2897 http fetch GET 200 https://registry.npmjs.org/mime-db/-/mime-db-1.52.0.tgz 1890ms (cache miss)
2898 http fetch GET 200 https://registry.npmjs.org/@noble/hashes/-/hashes-1.8.0.tgz 1892ms (cache miss)
2899 http fetch GET 200 https://registry.npmjs.org/agent-base/-/agent-base-6.0.2.tgz 1892ms (cache miss)
2900 http fetch GET 200 https://registry.npmjs.org/@tanstack/react-query/-/react-query-5.90.10.tgz 1909ms (cache miss)
2901 http fetch GET 200 https://registry.npmjs.org/@noble/hashes/-/hashes-1.8.0.tgz 1912ms (cache miss)
2902 http fetch GET 200 https://registry.npmjs.org/https-proxy-agent/-/https-proxy-agent-5.0.1.tgz 1920ms (cache miss)
2903 http fetch GET 200 https://registry.npmjs.org/uuid/-/uuid-9.0.1.tgz 1934ms (cache miss)
2904 http fetch GET 200 https://registry.npmjs.org/is-stream/-/is-stream-2.0.1.tgz 1938ms (cache miss)
2905 http fetch GET 200 https://registry.npmjs.org/uuid/-/uuid-9.0.1.tgz 1939ms (cache miss)
2906 http fetch GET 200 https://registry.npmjs.org/@noble/curves/-/curves-1.9.7.tgz 1944ms (cache miss)
2907 http fetch GET 200 https://registry.npmjs.org/@smithy/util-buffer-from/-/util-buffer-from-2.2.0.tgz 1965ms (cache miss)
2908 http fetch GET 200 https://registry.npmjs.org/@smithy/util-utf8/-/util-utf8-2.3.0.tgz 1966ms (cache miss)
2909 http fetch GET 200 https://registry.npmjs.org/@smithy/is-array-buffer/-/is-array-buffer-2.2.0.tgz 1983ms (cache miss)
2910 http fetch GET 200 https://registry.npmjs.org/@smithy/is-array-buffer/-/is-array-buffer-2.2.0.tgz 2002ms (cache miss)
2911 http fetch GET 200 https://registry.npmjs.org/@smithy/util-utf8/-/util-utf8-2.3.0.tgz 2007ms (cache miss)
2912 http fetch GET 200 https://registry.npmjs.org/@smithy/util-buffer-from/-/util-buffer-from-2.2.0.tgz 2020ms (cache miss)
2913 http fetch GET 200 https://registry.npmjs.org/@smithy/is-array-buffer/-/is-array-buffer-2.2.0.tgz 2039ms (cache miss)
2914 http fetch GET 200 https://registry.npmjs.org/strnum/-/strnum-1.1.2.tgz 2038ms (cache miss)
2915 http fetch GET 200 https://registry.npmjs.org/@smithy/util-utf8/-/util-utf8-2.3.0.tgz 2057ms (cache miss)
2916 http fetch GET 200 https://registry.npmjs.org/strip-json-comments/-/strip-json-comments-5.0.3.tgz 2061ms (cache miss)
2917 http fetch GET 200 https://registry.npmjs.org/fast-xml-parser/-/fast-xml-parser-4.5.3.tgz 2073ms (cache miss)
2918 http fetch GET 200 https://registry.npmjs.org/http-errors/-/http-errors-2.0.0.tgz 2078ms (cache miss)
2919 http fetch GET 200 https://registry.npmjs.org/statuses/-/statuses-2.0.1.tgz 2103ms (cache miss)
2920 http fetch GET 200 https://registry.npmjs.org/@noble/hashes/-/hashes-1.8.0.tgz 2158ms (cache miss)
2921 http fetch GET 200 https://registry.npmjs.org/clsx/-/clsx-1.2.1.tgz 2161ms (cache miss)
2922 http fetch GET 200 https://registry.npmjs.org/@noble/curves/-/curves-1.9.1.tgz 2213ms (cache miss)
2923 http fetch GET 200 https://registry.npmjs.org/@smithy/util-buffer-from/-/util-buffer-from-2.2.0.tgz 2219ms (cache miss)
2924 http fetch GET 200 https://registry.npmjs.org/zod/-/zod-3.25.76.tgz 2460ms (cache miss)
2925 http fetch GET 200 https://registry.npmjs.org/zod/-/zod-3.25.76.tgz 2467ms (cache miss)
2926 http fetch GET 200 https://registry.npmjs.org/zod/-/zod-3.25.76.tgz 2468ms (cache miss)
2927 http fetch GET 200 https://registry.npmjs.org/zod/-/zod-3.25.76.tgz 2476ms (cache miss)
2928 http fetch GET 200 https://registry.npmjs.org/@crate-crypto/node-eth-kzg-darwin-arm64/-/node-eth-kzg-darwin-arm64-0.10.0.tgz 2735ms (cache miss)
2929 http fetch GET 200 https://registry.npmjs.org/lucide-react/-/lucide-react-0.462.0.tgz 2714ms (cache miss)
2930 http fetch GET 200 https://registry.npmjs.org/@aztec/foundation/-/foundation-3.0.0-devnet.2.tgz 2745ms (cache miss)
2931 http fetch GET 200 https://registry.npmjs.org/@aztec/noir-noirc_abi/-/noir-noirc_abi-3.0.0-devnet.2.tgz 2820ms (cache miss)
2932 http fetch GET 200 https://registry.npmjs.org/@aztec/blob-lib/-/blob-lib-3.0.0-devnet.2.tgz 2862ms (cache miss)
2933 http fetch GET 200 https://registry.npmjs.org/@aztec/l1-artifacts/-/l1-artifacts-3.0.0-devnet.2.tgz 2963ms (cache miss)
2934 http fetch GET 200 https://registry.npmjs.org/@aztec/protocol-contracts/-/protocol-contracts-3.0.0-devnet.2.tgz 3262ms (cache miss)
2935 http fetch GET 200 https://registry.npmjs.org/@aztec/ethereum/-/ethereum-3.0.0-devnet.2.tgz 3310ms (cache miss)
2936 http fetch GET 200 https://registry.npmjs.org/@aztec/aztec.js/-/aztec.js-3.0.0-devnet.2.tgz 3693ms (cache miss)
2937 http fetch GET 200 https://registry.npmjs.org/@aztec/stdlib/-/stdlib-3.0.0-devnet.2.tgz 3723ms (cache miss)
2938 http fetch GET 200 https://registry.npmjs.org/@aztec/bb.js/-/bb.js-3.0.0-devnet.2.tgz 3944ms (cache miss)
2939 http fetch GET 200 https://registry.npmjs.org/@aztec/accounts/-/accounts-3.0.0-devnet.2.tgz 4047ms (cache miss)
2940 http fetch GET 200 https://registry.npmjs.org/@spalladino/viem/-/viem-2.38.2-eip7594.0.tgz 4623ms (cache miss)
2941 info run leveldown@6.1.1 install node_modules/leveldown node-gyp-build
2942 info run msgpackr-extract@3.0.3 install node_modules/msgpackr-extract node-gyp-build-optional-packages
2943 info run leveldown@6.1.1 install { code: 0, signal: null }
2944 info run msgpackr-extract@3.0.3 install { code: 0, signal: null }
2945 silly ADD node_modules/webidl-conversions
2946 silly ADD node_modules/tr46
2947 silly ADD node_modules/@noble/ciphers
2948 silly ADD node_modules/@adraffy/ens-normalize
2949 silly ADD node_modules/@scure/base
2950 silly ADD node_modules/ox
2951 silly ADD node_modules/ox/node_modules/eventemitter3
2952 silly ADD node_modules/ox/node_modules/@noble/hashes
2953 silly ADD node_modules/ox/node_modules/@noble/curves
2954 silly ADD node_modules/isows
2955 silly ADD node_modules/abitype
2956 silly ADD node_modules/@scure/bip39
2957 silly ADD node_modules/@scure/bip39/node_modules/@noble/hashes
2958 silly ADD node_modules/@scure/bip32
2959 silly ADD node_modules/@scure/bip32/node_modules/@noble/hashes
2960 silly ADD node_modules/@scure/bip32/node_modules/@noble/curves
2961 silly ADD node_modules/@fastify/busboy
2962 silly ADD node_modules/media-typer
2963 silly ADD node_modules/stubs
2964 silly ADD node_modules/@tootallnate/once
2965 silly ADD node_modules/stream-events
2966 silly ADD node_modules/http-proxy-agent
2967 silly ADD node_modules/http-proxy-agent/node_modules/agent-base
2968 silly ADD node_modules/@types/tough-cookie
2969 silly ADD node_modules/@types/caseless
2970 silly ADD node_modules/@types/request
2971 silly ADD node_modules/@types/request/node_modules/form-data
2972 silly ADD node_modules/util-deprecate
2973 silly ADD node_modules/string_decoder
2974 silly ADD node_modules/safer-buffer
2975 silly ADD node_modules/unpipe
2976 silly ADD node_modules/iconv-lite
2977 silly ADD node_modules/secure-json-parse
2978 silly ADD node_modules/pump
2979 silly ADD node_modules/joycon
2980 silly ADD node_modules/help-me
2981 silly ADD node_modules/fast-safe-stringify
2982 silly ADD node_modules/fast-copy
2983 silly ADD node_modules/dateformat
2984 silly ADD node_modules/split2
2985 silly ADD node_modules/thread-stream
2986 silly ADD node_modules/sonic-boom
2987 silly ADD node_modules/safe-stable-stringify
2988 silly ADD node_modules/real-require
2989 silly ADD node_modules/quick-format-unescaped
2990 silly ADD node_modules/process-warning
2991 silly ADD node_modules/pino-std-serializers
2992 silly ADD node_modules/pino-abstract-transport
2993 silly ADD node_modules/on-exit-leak-free
2994 silly ADD node_modules/atomic-sleep
2995 silly ADD node_modules/@pinojs/redact
2996 silly ADD node_modules/mimic-fn
2997 silly ADD node_modules/wrappy
2998 silly ADD node_modules/ee-first
2999 silly ADD node_modules/whatwg-url
3000 silly ADD node_modules/node-gyp-build-optional-packages
3001 silly ADD node_modules/@msgpackr-extract/msgpackr-extract-darwin-arm64
3002 silly ADD node_modules/msgpackr-extract
3003 silly ADD node_modules/ieee754
3004 silly ADD node_modules/level-supports
3005 silly ADD node_modules/level-concat-iterator
3006 silly ADD node_modules/is-buffer
3007 silly ADD node_modules/catering
3008 silly ADD node_modules/buffer
3009 silly ADD node_modules/node-gyp-build
3010 silly ADD node_modules/napi-macros
3011 silly ADD node_modules/abstract-leveldown
3012 silly ADD node_modules/path-to-regexp
3013 silly ADD node_modules/co
3014 silly ADD node_modules/mime-db
3015 silly ADD node_modules/koa-is-json
3016 silly ADD node_modules/compressible
3017 silly ADD node_modules/bytes
3018 silly ADD node_modules/raw-body
3019 silly ADD node_modules/raw-body/node_modules/statuses
3020 silly ADD node_modules/raw-body/node_modules/http-errors
3021 silly ADD node_modules/qs
3022 silly ADD node_modules/inflation
3023 silly ADD node_modules/@hapi/bourne
3024 silly ADD node_modules/copy-to
3025 silly ADD node_modules/co-body
3026 silly ADD node_modules/tsscmp
3027 silly ADD node_modules/toidentifier
3028 silly ADD node_modules/setprototypeof
3029 silly ADD node_modules/deep-equal
3030 silly ADD node_modules/keygrip
3031 silly ADD node_modules/ylru
3032 silly ADD node_modules/negotiator
3033 silly ADD node_modules/type-is
3034 silly ADD node_modules/statuses
3035 silly ADD node_modules/parseurl
3036 silly ADD node_modules/only
3037 silly ADD node_modules/on-finished
3038 silly ADD node_modules/koa-convert
3039 silly ADD node_modules/koa-compose
3040 silly ADD node_modules/http-errors
3041 silly ADD node_modules/http-errors/node_modules/depd
3042 silly ADD node_modules/http-assert
3043 silly ADD node_modules/fresh
3044 silly ADD node_modules/escape-html
3045 silly ADD node_modules/encodeurl
3046 silly ADD node_modules/destroy
3047 silly ADD node_modules/depd
3048 silly ADD node_modules/delegates
3049 silly ADD node_modules/cookies
3050 silly ADD node_modules/content-type
3051 silly ADD node_modules/content-disposition
3052 silly ADD node_modules/cache-content-type
3053 silly ADD node_modules/accepts
3054 silly ADD node_modules/buffer-equal-constant-time
3055 silly ADD node_modules/jwa
3056 silly ADD node_modules/bignumber.js
3057 silly ADD node_modules/agent-base
3058 silly ADD node_modules/requires-port
3059 silly ADD node_modules/eventemitter3
3060 silly ADD node_modules/minimalistic-assert
3061 silly ADD node_modules/json-bigint
3062 silly ADD node_modules/google-logging-utils
3063 silly ADD node_modules/safe-buffer
3064 silly ADD node_modules/jws
3065 silly ADD node_modules/gtoken
3066 silly ADD node_modules/gcp-metadata
3067 silly ADD node_modules/ecdsa-sig-formatter
3068 silly ADD node_modules/base64-js
3069 silly ADD node_modules/node-fetch
3070 silly ADD node_modules/https-proxy-agent
3071 silly ADD node_modules/delayed-stream
3072 silly ADD node_modules/mime-types
3073 silly ADD node_modules/mime-types/node_modules/mime-db
3074 silly ADD node_modules/combined-stream
3075 silly ADD node_modules/asynckit
3076 silly ADD node_modules/strnum
3077 silly ADD node_modules/strip-final-newline
3078 silly ADD node_modules/signal-exit
3079 silly ADD node_modules/onetime
3080 silly ADD node_modules/npm-run-path
3081 silly ADD node_modules/npm-run-path/node_modules/path-key
3082 silly ADD node_modules/merge-stream
3083 silly ADD node_modules/is-stream
3084 silly ADD node_modules/human-signals
3085 silly ADD node_modules/get-stream
3086 silly ADD node_modules/once
3087 silly ADD node_modules/stream-shift
3088 silly ADD node_modules/readable-stream
3089 silly ADD node_modules/inherits
3090 silly ADD node_modules/end-of-stream
3091 silly ADD node_modules/proxy-from-env
3092 silly ADD node_modules/form-data
3093 silly ADD node_modules/follow-redirects
3094 silly ADD node_modules/retry
3095 silly ADD node_modules/event-target-shim
3096 silly ADD node_modules/ws
3097 silly ADD node_modules/http-proxy
3098 silly ADD node_modules/get-port
3099 silly ADD node_modules/execa
3100 silly ADD node_modules/@tanstack/query-core
3101 silly ADD node_modules/@smithy/querystring-parser
3102 silly ADD node_modules/@smithy/util-uri-escape
3103 silly ADD node_modules/@smithy/abort-controller
3104 silly ADD node_modules/@smithy/service-error-classification
3105 silly ADD node_modules/@smithy/util-buffer-from
3106 silly ADD node_modules/@smithy/chunked-blob-reader-native
3107 silly ADD node_modules/@smithy/chunked-blob-reader
3108 silly ADD node_modules/@smithy/querystring-builder
3109 silly ADD node_modules/@smithy/util-hex-encoding
3110 silly ADD node_modules/@smithy/eventstream-codec
3111 silly ADD node_modules/@smithy/eventstream-serde-universal
3112 silly ADD node_modules/@smithy/uuid
3113 silly ADD node_modules/@noble/hashes
3114 silly ADD node_modules/vary
3115 silly ADD node_modules/extend
3116 silly ADD node_modules/arrify
3117 silly ADD node_modules/uuid
3118 silly ADD node_modules/teeny-request
3119 silly ADD node_modules/teeny-request/node_modules/agent-base
3120 silly ADD node_modules/teeny-request/node_modules/uuid
3121 silly ADD node_modules/teeny-request/node_modules/https-proxy-agent
3122 silly ADD node_modules/retry-request
3123 silly ADD node_modules/mime
3124 silly ADD node_modules/html-entities
3125 silly ADD node_modules/google-auth-library
3126 silly ADD node_modules/gaxios
3127 silly ADD node_modules/gaxios/node_modules/uuid
3128 silly ADD node_modules/gaxios/node_modules/is-stream
3129 silly ADD node_modules/duplexify
3130 silly ADD node_modules/async-retry
3131 silly ADD node_modules/abort-controller
3132 silly ADD node_modules/@google-cloud/promisify
3133 silly ADD node_modules/@google-cloud/projectify
3134 silly ADD node_modules/@google-cloud/paginator
3135 silly ADD node_modules/@crate-crypto/node-eth-kzg-darwin-arm64
3136 silly ADD node_modules/@aztec/noir-types
3137 silly ADD node_modules/fast-xml-parser
3138 silly ADD node_modules/bowser
3139 silly ADD node_modules/@aws/lambda-invoke-store
3140 silly ADD node_modules/@smithy/is-array-buffer
3141 silly ADD node_modules/@aws-crypto/crc32c
3142 silly ADD node_modules/@aws-crypto/crc32
3143 silly ADD node_modules/@smithy/util-config-provider
3144 silly ADD node_modules/@aws-sdk/util-arn-parser
3145 silly ADD node_modules/@aws-sdk/token-providers
3146 silly ADD node_modules/@aws-sdk/client-sso
3147 silly ADD node_modules/@aws-sdk/nested-clients
3148 silly ADD node_modules/@aws-sdk/credential-provider-login
3149 silly ADD node_modules/@smithy/shared-ini-file-loader
3150 silly ADD node_modules/@smithy/credential-provider-imds
3151 silly ADD node_modules/@aws-sdk/credential-provider-web-identity
3152 silly ADD node_modules/@aws-sdk/credential-provider-sso
3153 silly ADD node_modules/@aws-sdk/credential-provider-process
3154 silly ADD node_modules/@aws-sdk/credential-provider-ini
3155 silly ADD node_modules/@aws-sdk/credential-provider-http
3156 silly ADD node_modules/@aws-sdk/credential-provider-env
3157 silly ADD node_modules/@smithy/signature-v4
3158 silly ADD node_modules/@smithy/property-provider
3159 silly ADD node_modules/@aws-sdk/xml-builder
3160 silly ADD node_modules/@aws-sdk/util-locate-window
3161 silly ADD node_modules/@aws-crypto/util
3162 silly ADD node_modules/@aws-crypto/util/node_modules/@smithy/is-array-buffer
3163 silly ADD node_modules/@aws-crypto/util/node_modules/@smithy/util-buffer-from
3164 silly ADD node_modules/@aws-crypto/util/node_modules/@smithy/util-utf8
3165 silly ADD node_modules/@aws-crypto/supports-web-crypto
3166 silly ADD node_modules/@smithy/util-waiter
3167 silly ADD node_modules/@smithy/util-utf8
3168 silly ADD node_modules/@smithy/util-stream
3169 silly ADD node_modules/@smithy/util-retry
3170 silly ADD node_modules/@smithy/util-middleware
3171 silly ADD node_modules/@smithy/util-endpoints
3172 silly ADD node_modules/@smithy/util-defaults-mode-node
3173 silly ADD node_modules/@smithy/util-defaults-mode-browser
3174 silly ADD node_modules/@smithy/util-body-length-node
3175 silly ADD node_modules/@smithy/util-body-length-browser
3176 silly ADD node_modules/@smithy/util-base64
3177 silly ADD node_modules/@smithy/url-parser
3178 silly ADD node_modules/@smithy/types
3179 silly ADD node_modules/@smithy/smithy-client
3180 silly ADD node_modules/@smithy/protocol-http
3181 silly ADD node_modules/@smithy/node-http-handler
3182 silly ADD node_modules/@smithy/node-config-provider
3183 silly ADD node_modules/@smithy/middleware-stack
3184 silly ADD node_modules/@smithy/middleware-serde
3185 silly ADD node_modules/@smithy/middleware-retry
3186 silly ADD node_modules/@smithy/middleware-endpoint
3187 silly ADD node_modules/@smithy/middleware-content-length
3188 silly ADD node_modules/@smithy/md5-js
3189 silly ADD node_modules/@smithy/invalid-dependency
3190 silly ADD node_modules/@smithy/hash-stream-node
3191 silly ADD node_modules/@smithy/hash-node
3192 silly ADD node_modules/@smithy/hash-blob-browser
3193 silly ADD node_modules/@smithy/fetch-http-handler
3194 silly ADD node_modules/@smithy/eventstream-serde-node
3195 silly ADD node_modules/@smithy/eventstream-serde-config-resolver
3196 silly ADD node_modules/@smithy/eventstream-serde-browser
3197 silly ADD node_modules/@smithy/core
3198 silly ADD node_modules/@smithy/config-resolver
3199 silly ADD node_modules/@aws-sdk/util-user-agent-node
3200 silly ADD node_modules/@aws-sdk/util-user-agent-browser
3201 silly ADD node_modules/@aws-sdk/util-endpoints
3202 silly ADD node_modules/@aws-sdk/types
3203 silly ADD node_modules/@aws-sdk/signature-v4-multi-region
3204 silly ADD node_modules/@aws-sdk/region-config-resolver
3205 silly ADD node_modules/@aws-sdk/middleware-user-agent
3206 silly ADD node_modules/@aws-sdk/middleware-ssec
3207 silly ADD node_modules/@aws-sdk/middleware-sdk-s3
3208 silly ADD node_modules/@aws-sdk/middleware-recursion-detection
3209 silly ADD node_modules/@aws-sdk/middleware-logger
3210 silly ADD node_modules/@aws-sdk/middleware-location-constraint
3211 silly ADD node_modules/@aws-sdk/middleware-host-header
3212 silly ADD node_modules/@aws-sdk/middleware-flexible-checksums
3213 silly ADD node_modules/@aws-sdk/middleware-expect-continue
3214 silly ADD node_modules/@aws-sdk/middleware-bucket-endpoint
3215 silly ADD node_modules/@aws-sdk/credential-provider-node
3216 silly ADD node_modules/@aws-sdk/core
3217 silly ADD node_modules/@aws-crypto/sha256-js
3218 silly ADD node_modules/@aws-crypto/sha256-browser
3219 silly ADD node_modules/@aws-crypto/sha256-browser/node_modules/@smithy/is-array-buffer
3220 silly ADD node_modules/@aws-crypto/sha256-browser/node_modules/@smithy/util-buffer-from
3221 silly ADD node_modules/@aws-crypto/sha256-browser/node_modules/@smithy/util-utf8
3222 silly ADD node_modules/@aws-crypto/sha1-browser
3223 silly ADD node_modules/@aws-crypto/sha1-browser/node_modules/@smithy/is-array-buffer
3224 silly ADD node_modules/@aws-crypto/sha1-browser/node_modules/@smithy/util-buffer-from
3225 silly ADD node_modules/@aws-crypto/sha1-browser/node_modules/@smithy/util-utf8
3226 silly ADD node_modules/lodash.times
3227 silly ADD node_modules/lodash.isequal
3228 silly ADD node_modules/json-stringify-deterministic
3229 silly ADD node_modules/@google-cloud/storage
3230 silly ADD node_modules/@google-cloud/storage/node_modules/strnum
3231 silly ADD node_modules/@google-cloud/storage/node_modules/fast-xml-parser
3232 silly ADD node_modules/@aztec/noir-noirc_abi
3233 silly ADD node_modules/@aws-sdk/client-s3
3234 silly ADD node_modules/lodash.omit
3235 silly ADD node_modules/msgpackr
3236 silly ADD node_modules/idb-keyval
3237 silly ADD node_modules/commander
3238 silly ADD node_modules/comlink
3239 silly ADD node_modules/undici
3240 silly ADD node_modules/sha3
3241 silly ADD node_modules/pino-pretty
3242 silly ADD node_modules/pino-pretty/node_modules/strip-json-comments
3243 silly ADD node_modules/pino
3244 silly ADD node_modules/pako
3245 silly ADD node_modules/lodash.clonedeepwith
3246 silly ADD node_modules/leveldown
3247 silly ADD node_modules/koa-router
3248 silly ADD node_modules/koa-router/node_modules/statuses
3249 silly ADD node_modules/koa-router/node_modules/http-errors
3250 silly ADD node_modules/koa-compress
3251 silly ADD node_modules/koa-bodyparser
3252 silly ADD node_modules/koa
3253 silly ADD node_modules/hash.js
3254 silly ADD node_modules/detect-node
3255 silly ADD node_modules/colorette
3256 silly ADD node_modules/bn.js
3257 silly ADD node_modules/@noble/curves
3258 silly ADD node_modules/@koa/cors
3259 silly ADD node_modules/@aztec/bb.js
3260 silly ADD node_modules/@crate-crypto/node-eth-kzg
3261 silly ADD node_modules/lodash.pickby
3262 silly ADD node_modules/lodash.chunk
3263 silly ADD node_modules/dotenv
3264 silly ADD node_modules/@viem/anvil
3265 silly ADD node_modules/@aztec/blob-lib
3266 silly ADD node_modules/viem
3267 silly ADD node_modules/viem/node_modules/@noble/hashes
3268 silly ADD node_modules/viem/node_modules/@noble/curves
3269 silly ADD node_modules/axios
3270 silly ADD node_modules/@aztec/protocol-contracts
3271 silly ADD node_modules/@aztec/l1-artifacts
3272 silly ADD node_modules/@aztec/constants
3273 silly ADD node_modules/@aztec/stdlib
3274 silly ADD node_modules/@aztec/stdlib/node_modules/zod
3275 silly ADD node_modules/@aztec/foundation
3276 silly ADD node_modules/@aztec/foundation/node_modules/zod
3277 silly ADD node_modules/@aztec/ethereum
3278 silly ADD node_modules/@aztec/ethereum/node_modules/zod
3279 silly ADD node_modules/@aztec/entrypoints
3280 silly ADD node_modules/react-toastify
3281 silly ADD node_modules/react-toastify/node_modules/clsx
3282 silly ADD node_modules/lucide-react
3283 silly ADD node_modules/clsx
3284 silly ADD node_modules/@tanstack/react-query
3285 silly ADD node_modules/@aztec/aztec.js
3286 silly ADD node_modules/@aztec/aztec.js/node_modules/zod
3287 silly ADD node_modules/@aztec/accounts
3288 verbose cwd /Users/gustavo/Projects/web3/personal/aztec/personal/tenochca/frontend
3289 verbose os Darwin 25.1.0
3290 verbose node v25.2.0
3291 verbose npm  v11.6.2
3292 verbose exit 0
3293 info ok
