0 verbose cli /opt/homebrew/Cellar/node/25.2.0/bin/node /opt/homebrew/bin/npm
1 info using npm@11.6.2
2 info using node@v25.2.0
3 silly config load:file:/opt/homebrew/lib/node_modules/npm/npmrc
4 silly config load:file:/Users/gustavo/Projects/web3/personal/aztec/personal/tenochca/frontend/.npmrc
5 silly config load:file:/Users/gustavo/.npmrc
6 silly config load:file:/opt/homebrew/etc/npmrc
7 verbose title npm install
8 verbose argv "install"
9 verbose logfile logs-max:10 dir:/Users/gustavo/Projects/web3/personal/aztec/personal/tenochca/frontend/.npm-cache/_logs/2025-11-20T11_45_05_890Z-
10 verbose logfile /Users/gustavo/Projects/web3/personal/aztec/personal/tenochca/frontend/.npm-cache/_logs/2025-11-20T11_45_05_890Z-debug-0.log
11 silly logfile done cleaning log files
12 silly packumentCache heap:2348810240 maxSize:587202560 maxEntrySize:293601280
13 silly idealTree buildDeps
14 silly fetch manifest next@16.0.3
15 silly packumentCache full:https://registry.npmjs.org/next cache-miss
16 http fetch GET 200 https://registry.npmjs.org/npm 94ms
17 http fetch GET 200 https://registry.npmjs.org/next 383ms (cache miss)
18 silly packumentCache full:https://registry.npmjs.org/next set size:undefined disposed:false
19 silly fetch manifest @opentelemetry/api@^1.1.0
20 silly packumentCache full:https://registry.npmjs.org/@opentelemetry%2fapi cache-miss
21 http fetch GET 200 https://registry.npmjs.org/@opentelemetry%2fapi 109ms (cache miss)
22 silly packumentCache full:https://registry.npmjs.org/@opentelemetry%2fapi set size:undefined disposed:false
23 silly fetch manifest @playwright/test@^1.51.1
24 silly packumentCache full:https://registry.npmjs.org/@playwright%2ftest cache-miss
25 http fetch GET 200 https://registry.npmjs.org/@playwright%2ftest 190ms (cache miss)
26 silly packumentCache full:https://registry.npmjs.org/@playwright%2ftest set size:undefined disposed:false
27 silly fetch manifest babel-plugin-react-compiler@*
28 silly packumentCache full:https://registry.npmjs.org/babel-plugin-react-compiler cache-miss
29 http fetch GET 200 https://registry.npmjs.org/babel-plugin-react-compiler 39ms (cache miss)
30 silly packumentCache full:https://registry.npmjs.org/babel-plugin-react-compiler set size:undefined disposed:false
31 silly fetch manifest react@19.2.0
32 silly packumentCache full:https://registry.npmjs.org/react cache-miss
33 http fetch GET 200 https://registry.npmjs.org/react 126ms (cache miss)
34 silly packumentCache full:https://registry.npmjs.org/react set size:undefined disposed:false
35 silly fetch manifest react-dom@19.2.0
36 silly packumentCache full:https://registry.npmjs.org/react-dom cache-miss
37 http fetch GET 200 https://registry.npmjs.org/react-dom 167ms (cache miss)
38 silly packumentCache full:https://registry.npmjs.org/react-dom set size:undefined disposed:false
39 silly fetch manifest sass@^1.3.0
40 silly packumentCache full:https://registry.npmjs.org/sass cache-miss
41 http fetch GET 200 https://registry.npmjs.org/sass 43ms (cache miss)
42 silly packumentCache full:https://registry.npmjs.org/sass set size:undefined disposed:false
43 silly fetch manifest @tailwindcss/postcss@^4
44 silly packumentCache full:https://registry.npmjs.org/@tailwindcss%2fpostcss cache-miss
45 http fetch GET 200 https://registry.npmjs.org/@tailwindcss%2fpostcss 140ms (cache miss)
46 silly packumentCache full:https://registry.npmjs.org/@tailwindcss%2fpostcss set size:undefined disposed:false
47 silly fetch manifest @types/node@^20
48 silly packumentCache full:https://registry.npmjs.org/@types%2fnode cache-miss
49 http fetch GET 200 https://registry.npmjs.org/@types%2fnode 115ms (cache miss)
50 silly packumentCache full:https://registry.npmjs.org/@types%2fnode set size:undefined disposed:false
51 silly fetch manifest @types/react@^19
52 silly packumentCache full:https://registry.npmjs.org/@types%2freact cache-miss
53 http fetch GET 200 https://registry.npmjs.org/@types%2freact 64ms (cache miss)
54 silly packumentCache full:https://registry.npmjs.org/@types%2freact set size:undefined disposed:false
55 silly fetch manifest @types/react-dom@^19
56 silly packumentCache full:https://registry.npmjs.org/@types%2freact-dom cache-miss
57 http fetch GET 200 https://registry.npmjs.org/@types%2freact-dom 41ms (cache miss)
58 silly packumentCache full:https://registry.npmjs.org/@types%2freact-dom set size:undefined disposed:false
59 silly fetch manifest eslint@^9
60 silly packumentCache full:https://registry.npmjs.org/eslint cache-miss
61 http fetch GET 200 https://registry.npmjs.org/eslint 51ms (cache miss)
62 silly packumentCache full:https://registry.npmjs.org/eslint set size:undefined disposed:false
63 silly fetch manifest jiti@*
64 silly packumentCache full:https://registry.npmjs.org/jiti cache-miss
65 http fetch GET 200 https://registry.npmjs.org/jiti 42ms (cache miss)
66 silly packumentCache full:https://registry.npmjs.org/jiti set size:undefined disposed:false
67 silly fetch manifest eslint-config-next@16.0.3
68 silly packumentCache full:https://registry.npmjs.org/eslint-config-next cache-miss
69 http fetch GET 200 https://registry.npmjs.org/eslint-config-next 108ms (cache miss)
70 silly packumentCache full:https://registry.npmjs.org/eslint-config-next set size:undefined disposed:false
71 silly fetch manifest typescript@^5
72 silly packumentCache full:https://registry.npmjs.org/typescript cache-miss
73 http fetch GET 200 https://registry.npmjs.org/typescript 311ms (cache miss)
74 silly packumentCache full:https://registry.npmjs.org/typescript set size:undefined disposed:false
75 silly fetch manifest tailwindcss@^4
76 silly packumentCache full:https://registry.npmjs.org/tailwindcss cache-miss
77 http fetch GET 200 https://registry.npmjs.org/tailwindcss 114ms (cache miss)
78 silly packumentCache full:https://registry.npmjs.org/tailwindcss set size:undefined disposed:false
79 silly placeDep ROOT @tailwindcss/postcss@4.1.17 OK for: frontend@0.1.0 want: ^4
80 silly placeDep ROOT @types/node@20.19.25 OK for: frontend@0.1.0 want: ^20
81 silly placeDep ROOT @types/react@19.2.6 OK for: frontend@0.1.0 want: ^19
82 silly placeDep ROOT @types/react-dom@19.2.3 OK for: frontend@0.1.0 want: ^19
83 silly placeDep ROOT eslint@9.39.1 OK for: frontend@0.1.0 want: ^9
84 silly placeDep ROOT eslint-config-next@16.0.3 OK for: frontend@0.1.0 want: 16.0.3
85 silly placeDep ROOT next@16.0.3 OK for: frontend@0.1.0 want: 16.0.3
86 silly placeDep ROOT react@19.2.0 OK for: next@16.0.3 want: ^18.2.0 || 19.0.0-rc-de68d2f4-20241204 || ^19.0.0
87 silly placeDep ROOT react-dom@19.2.0 OK for: next@16.0.3 want: ^18.2.0 || 19.0.0-rc-de68d2f4-20241204 || ^19.0.0
88 silly placeDep ROOT tailwindcss@4.1.17 OK for: frontend@0.1.0 want: ^4
89 silly placeDep ROOT typescript@5.9.3 OK for: frontend@0.1.0 want: ^5
90 silly fetch manifest postcss@^8.4.41
91 silly packumentCache full:https://registry.npmjs.org/postcss cache-miss
92 silly fetch manifest tailwindcss@4.1.17
93 silly packumentCache full:https://registry.npmjs.org/tailwindcss cache-miss
94 silly fetch manifest @alloc/quick-lru@^5.2.0
95 silly packumentCache full:https://registry.npmjs.org/@alloc%2fquick-lru cache-miss
96 silly fetch manifest @tailwindcss/node@4.1.17
97 silly packumentCache full:https://registry.npmjs.org/@tailwindcss%2fnode cache-miss
98 silly fetch manifest @tailwindcss/oxide@4.1.17
99 silly packumentCache full:https://registry.npmjs.org/@tailwindcss%2foxide cache-miss
100 silly fetch manifest undici-types@~6.21.0
101 silly packumentCache full:https://registry.npmjs.org/undici-types cache-miss
102 silly fetch manifest csstype@^3.2.2
103 silly packumentCache full:https://registry.npmjs.org/csstype cache-miss
104 http cache https://registry.npmjs.org/tailwindcss 52ms (cache hit)
105 silly packumentCache full:https://registry.npmjs.org/tailwindcss set size:9871646 disposed:false
106 silly fetch manifest ajv@^6.12.4
107 silly packumentCache full:https://registry.npmjs.org/ajv cache-miss
108 http fetch GET 200 https://registry.npmjs.org/@alloc%2fquick-lru 93ms (cache miss)
109 silly packumentCache full:https://registry.npmjs.org/@alloc%2fquick-lru set size:undefined disposed:false
110 silly fetch manifest chalk@^4.0.0
111 silly packumentCache full:https://registry.npmjs.org/chalk cache-miss
112 http fetch GET 200 https://registry.npmjs.org/postcss 94ms (cache miss)
113 silly packumentCache full:https://registry.npmjs.org/postcss set size:undefined disposed:false
114 silly fetch manifest debug@^4.3.2
115 silly packumentCache full:https://registry.npmjs.org/debug cache-miss
116 http fetch GET 200 https://registry.npmjs.org/chalk 32ms (cache miss)
117 silly packumentCache full:https://registry.npmjs.org/chalk set size:undefined disposed:false
118 silly fetch manifest espree@^10.4.0
119 silly packumentCache full:https://registry.npmjs.org/espree cache-miss
120 http fetch GET 200 https://registry.npmjs.org/undici-types 129ms (cache miss)
121 silly packumentCache full:https://registry.npmjs.org/undici-types set size:undefined disposed:false
122 silly fetch manifest ignore@^5.2.0
123 silly packumentCache full:https://registry.npmjs.org/ignore cache-miss
124 http fetch GET 200 https://registry.npmjs.org/ajv 49ms (cache miss)
125 silly packumentCache full:https://registry.npmjs.org/ajv set size:undefined disposed:false
126 silly fetch manifest esquery@^1.5.0
127 silly packumentCache full:https://registry.npmjs.org/esquery cache-miss
128 http fetch GET 200 https://registry.npmjs.org/csstype 143ms (cache miss)
129 silly packumentCache full:https://registry.npmjs.org/csstype set size:undefined disposed:false
130 silly fetch manifest esutils@^2.0.2
131 silly packumentCache full:https://registry.npmjs.org/esutils cache-miss
132 http fetch GET 200 https://registry.npmjs.org/@tailwindcss%2fnode 160ms (cache miss)
133 silly packumentCache full:https://registry.npmjs.org/@tailwindcss%2fnode set size:undefined disposed:false
134 silly fetch manifest find-up@^5.0.0
135 silly packumentCache full:https://registry.npmjs.org/find-up cache-miss
136 http fetch GET 200 https://registry.npmjs.org/debug 67ms (cache miss)
137 silly packumentCache full:https://registry.npmjs.org/debug set size:undefined disposed:false
138 silly fetch manifest is-glob@^4.0.0
139 silly packumentCache full:https://registry.npmjs.org/is-glob cache-miss
140 http fetch GET 200 https://registry.npmjs.org/espree 42ms (cache miss)
141 silly packumentCache full:https://registry.npmjs.org/espree set size:undefined disposed:false
142 silly fetch manifest minimatch@^3.1.2
143 silly packumentCache full:https://registry.npmjs.org/minimatch cache-miss
144 http fetch GET 200 https://registry.npmjs.org/ignore 41ms (cache miss)
145 silly packumentCache full:https://registry.npmjs.org/ignore set size:undefined disposed:false
146 silly fetch manifest @eslint/js@9.39.1
147 silly packumentCache full:https://registry.npmjs.org/@eslint%2fjs cache-miss
148 http fetch GET 200 https://registry.npmjs.org/esquery 35ms (cache miss)
149 silly packumentCache full:https://registry.npmjs.org/esquery set size:undefined disposed:false
150 silly fetch manifest optionator@^0.9.3
151 silly packumentCache full:https://registry.npmjs.org/optionator cache-miss
152 http fetch GET 200 https://registry.npmjs.org/find-up 26ms (cache miss)
153 silly packumentCache full:https://registry.npmjs.org/find-up set size:undefined disposed:false
154 silly fetch manifest cross-spawn@^7.0.6
155 silly packumentCache full:https://registry.npmjs.org/cross-spawn cache-miss
156 http fetch GET 200 https://registry.npmjs.org/minimatch 34ms (cache miss)
157 silly packumentCache full:https://registry.npmjs.org/minimatch set size:undefined disposed:false
158 silly fetch manifest glob-parent@^6.0.2
159 silly packumentCache full:https://registry.npmjs.org/glob-parent cache-miss
160 http fetch GET 200 https://registry.npmjs.org/esutils 62ms (cache miss)
161 silly packumentCache full:https://registry.npmjs.org/esutils set size:undefined disposed:false
162 silly fetch manifest imurmurhash@^0.1.4
163 silly packumentCache full:https://registry.npmjs.org/imurmurhash cache-miss
164 http fetch GET 200 https://registry.npmjs.org/@eslint%2fjs 47ms (cache miss)
165 silly packumentCache full:https://registry.npmjs.org/@eslint%2fjs set size:undefined disposed:false
166 silly fetch manifest @eslint/core@^0.17.0
167 silly packumentCache full:https://registry.npmjs.org/@eslint%2fcore cache-miss
168 http fetch GET 200 https://registry.npmjs.org/is-glob 56ms (cache miss)
169 silly packumentCache full:https://registry.npmjs.org/is-glob set size:undefined disposed:false
170 silly fetch manifest eslint-scope@^8.4.0
171 silly packumentCache full:https://registry.npmjs.org/eslint-scope cache-miss
172 http fetch GET 200 https://registry.npmjs.org/cross-spawn 36ms (cache miss)
173 silly packumentCache full:https://registry.npmjs.org/cross-spawn set size:undefined disposed:false
174 silly fetch manifest lodash.merge@^4.6.2
175 silly packumentCache full:https://registry.npmjs.org/lodash.merge cache-miss
176 http fetch GET 200 https://registry.npmjs.org/optionator 54ms (cache miss)
177 silly packumentCache full:https://registry.npmjs.org/optionator set size:undefined disposed:false
178 silly fetch manifest @humanfs/node@^0.16.6
179 silly packumentCache full:https://registry.npmjs.org/@humanfs%2fnode cache-miss
180 http fetch GET 200 https://registry.npmjs.org/glob-parent 27ms (cache miss)
181 silly packumentCache full:https://registry.npmjs.org/glob-parent set size:undefined disposed:false
182 silly fetch manifest @types/estree@^1.0.6
183 silly packumentCache full:https://registry.npmjs.org/@types%2festree cache-miss
184 http fetch GET 200 https://registry.npmjs.org/eslint-scope 27ms (cache miss)
185 silly packumentCache full:https://registry.npmjs.org/eslint-scope set size:undefined disposed:false
186 silly fetch manifest fast-deep-equal@^3.1.3
187 silly packumentCache full:https://registry.npmjs.org/fast-deep-equal cache-miss
188 http fetch GET 200 https://registry.npmjs.org/lodash.merge 27ms (cache miss)
189 silly packumentCache full:https://registry.npmjs.org/lodash.merge set size:undefined disposed:false
190 silly fetch manifest natural-compare@^1.4.0
191 silly packumentCache full:https://registry.npmjs.org/natural-compare cache-miss
192 http fetch GET 200 https://registry.npmjs.org/imurmurhash 47ms (cache miss)
193 silly packumentCache full:https://registry.npmjs.org/imurmurhash set size:undefined disposed:false
194 silly fetch manifest @eslint/eslintrc@^3.3.1
195 silly packumentCache full:https://registry.npmjs.org/@eslint%2feslintrc cache-miss
196 http fetch GET 200 https://registry.npmjs.org/@eslint%2fcore 43ms (cache miss)
197 silly packumentCache full:https://registry.npmjs.org/@eslint%2fcore set size:undefined disposed:false
198 silly fetch manifest file-entry-cache@^8.0.0
199 silly packumentCache full:https://registry.npmjs.org/file-entry-cache cache-miss
200 http fetch GET 200 https://registry.npmjs.org/@tailwindcss%2foxide 279ms (cache miss)
201 silly packumentCache full:https://registry.npmjs.org/@tailwindcss%2foxide set size:undefined disposed:false
202 silly fetch manifest @eslint/plugin-kit@^0.4.1
203 silly packumentCache full:https://registry.npmjs.org/@eslint%2fplugin-kit cache-miss
204 http fetch GET 200 https://registry.npmjs.org/natural-compare 36ms (cache miss)
205 silly packumentCache full:https://registry.npmjs.org/natural-compare set size:undefined disposed:false
206 silly fetch manifest eslint-visitor-keys@^4.2.1
207 silly packumentCache full:https://registry.npmjs.org/eslint-visitor-keys cache-miss
208 http fetch GET 200 https://registry.npmjs.org/@humanfs%2fnode 62ms (cache miss)
209 silly packumentCache full:https://registry.npmjs.org/@humanfs%2fnode set size:undefined disposed:false
210 silly fetch manifest @eslint/config-array@^0.21.1
211 silly packumentCache full:https://registry.npmjs.org/@eslint%2fconfig-array cache-miss
212 http fetch GET 200 https://registry.npmjs.org/fast-deep-equal 42ms (cache miss)
213 silly packumentCache full:https://registry.npmjs.org/fast-deep-equal set size:undefined disposed:false
214 silly fetch manifest @humanwhocodes/retry@^0.4.2
215 silly packumentCache full:https://registry.npmjs.org/@humanwhocodes%2fretry cache-miss
216 http fetch GET 200 https://registry.npmjs.org/file-entry-cache 30ms (cache miss)
217 silly packumentCache full:https://registry.npmjs.org/file-entry-cache set size:undefined disposed:false
218 silly fetch manifest escape-string-regexp@^4.0.0
219 silly packumentCache full:https://registry.npmjs.org/escape-string-regexp cache-miss
220 http fetch GET 200 https://registry.npmjs.org/@types%2festree 72ms (cache miss)
221 silly packumentCache full:https://registry.npmjs.org/@types%2festree set size:undefined disposed:false
222 silly fetch manifest @eslint/config-helpers@^0.4.2
223 silly packumentCache full:https://registry.npmjs.org/@eslint%2fconfig-helpers cache-miss
224 http fetch GET 200 https://registry.npmjs.org/eslint-visitor-keys 28ms (cache miss)
225 silly packumentCache full:https://registry.npmjs.org/eslint-visitor-keys set size:undefined disposed:false
226 silly fetch manifest @eslint-community/regexpp@^4.12.1
227 silly packumentCache full:https://registry.npmjs.org/@eslint-community%2fregexpp cache-miss
228 http fetch GET 200 https://registry.npmjs.org/@eslint%2fplugin-kit 46ms (cache miss)
229 silly packumentCache full:https://registry.npmjs.org/@eslint%2fplugin-kit set size:undefined disposed:false
230 silly fetch manifest @eslint-community/eslint-utils@^4.8.0
231 silly packumentCache full:https://registry.npmjs.org/@eslint-community%2feslint-utils cache-miss
232 http fetch GET 200 https://registry.npmjs.org/escape-string-regexp 41ms (cache miss)
233 silly packumentCache full:https://registry.npmjs.org/escape-string-regexp set size:undefined disposed:false
234 silly fetch manifest @humanwhocodes/module-importer@^1.0.1
235 silly packumentCache full:https://registry.npmjs.org/@humanwhocodes%2fmodule-importer cache-miss
236 http fetch GET 200 https://registry.npmjs.org/@eslint%2feslintrc 84ms (cache miss)
237 silly packumentCache full:https://registry.npmjs.org/@eslint%2feslintrc set size:undefined disposed:false
238 silly fetch manifest json-stable-stringify-without-jsonify@^1.0.1
239 silly packumentCache full:https://registry.npmjs.org/json-stable-stringify-without-jsonify cache-miss
240 http fetch GET 200 https://registry.npmjs.org/@humanwhocodes%2fretry 47ms (cache miss)
241 silly packumentCache full:https://registry.npmjs.org/@humanwhocodes%2fretry set size:undefined disposed:false
242 silly fetch manifest globals@16.4.0
243 silly packumentCache full:https://registry.npmjs.org/globals cache-miss
244 http fetch GET 200 https://registry.npmjs.org/@eslint%2fconfig-array 49ms (cache miss)
245 silly packumentCache full:https://registry.npmjs.org/@eslint%2fconfig-array set size:undefined disposed:false
246 silly fetch manifest typescript-eslint@^8.46.0
247 silly packumentCache full:https://registry.npmjs.org/typescript-eslint cache-miss
248 http fetch GET 200 https://registry.npmjs.org/@eslint%2fconfig-helpers 42ms (cache miss)
249 silly packumentCache full:https://registry.npmjs.org/@eslint%2fconfig-helpers set size:undefined disposed:false
250 silly fetch manifest eslint-plugin-react@^7.37.0
251 silly packumentCache full:https://registry.npmjs.org/eslint-plugin-react cache-miss
252 http fetch GET 200 https://registry.npmjs.org/@eslint-community%2fregexpp 50ms (cache miss)
253 silly packumentCache full:https://registry.npmjs.org/@eslint-community%2fregexpp set size:undefined disposed:false
254 silly fetch manifest eslint-plugin-import@^2.32.0
255 silly packumentCache full:https://registry.npmjs.org/eslint-plugin-import cache-miss
256 http fetch GET 200 https://registry.npmjs.org/@eslint-community%2feslint-utils 44ms (cache miss)
257 silly packumentCache full:https://registry.npmjs.org/@eslint-community%2feslint-utils set size:undefined disposed:false
258 silly fetch manifest eslint-plugin-jsx-a11y@^6.10.0
259 silly packumentCache full:https://registry.npmjs.org/eslint-plugin-jsx-a11y cache-miss
260 http fetch GET 200 https://registry.npmjs.org/globals 40ms (cache miss)
261 silly packumentCache full:https://registry.npmjs.org/globals set size:undefined disposed:false
262 silly fetch manifest @next/eslint-plugin-next@16.0.3
263 silly packumentCache full:https://registry.npmjs.org/@next%2feslint-plugin-next cache-miss
264 http fetch GET 200 https://registry.npmjs.org/eslint-plugin-react 34ms (cache miss)
265 silly packumentCache full:https://registry.npmjs.org/eslint-plugin-react set size:undefined disposed:false
266 silly fetch manifest eslint-plugin-react-hooks@^7.0.0
267 silly packumentCache full:https://registry.npmjs.org/eslint-plugin-react-hooks cache-miss
268 http fetch GET 200 https://registry.npmjs.org/json-stable-stringify-without-jsonify 50ms (cache miss)
269 silly packumentCache full:https://registry.npmjs.org/json-stable-stringify-without-jsonify set size:undefined disposed:false
270 silly fetch manifest eslint-import-resolver-node@^0.3.6
271 silly packumentCache full:https://registry.npmjs.org/eslint-import-resolver-node cache-miss
272 http fetch GET 200 https://registry.npmjs.org/@humanwhocodes%2fmodule-importer 52ms (cache miss)
273 silly packumentCache full:https://registry.npmjs.org/@humanwhocodes%2fmodule-importer set size:undefined disposed:false
274 silly fetch manifest eslint-import-resolver-typescript@^3.5.2
275 silly packumentCache full:https://registry.npmjs.org/eslint-import-resolver-typescript cache-miss
276 http fetch GET 200 https://registry.npmjs.org/eslint-plugin-import 32ms (cache miss)
277 silly packumentCache full:https://registry.npmjs.org/eslint-plugin-import set size:undefined disposed:false
278 silly fetch manifest postcss@8.4.31
279 silly packumentCache full:https://registry.npmjs.org/postcss cache-miss
280 http cache https://registry.npmjs.org/postcss 3ms (cache hit)
281 silly packumentCache full:https://registry.npmjs.org/postcss set size:696248 disposed:false
282 silly fetch manifest @next/env@16.0.3
283 silly packumentCache full:https://registry.npmjs.org/@next%2fenv cache-miss
284 http fetch GET 200 https://registry.npmjs.org/eslint-plugin-jsx-a11y 33ms (cache miss)
285 silly packumentCache full:https://registry.npmjs.org/eslint-plugin-jsx-a11y set size:undefined disposed:false
286 silly fetch manifest styled-jsx@5.1.6
287 silly packumentCache full:https://registry.npmjs.org/styled-jsx cache-miss
288 http fetch GET 200 https://registry.npmjs.org/typescript-eslint 83ms (cache miss)
289 silly packumentCache full:https://registry.npmjs.org/typescript-eslint set size:undefined disposed:false
290 silly fetch manifest @swc/helpers@0.5.15
291 silly packumentCache full:https://registry.npmjs.org/@swc%2fhelpers cache-miss
292 http fetch GET 200 https://registry.npmjs.org/eslint-import-resolver-node 47ms (cache miss)
293 silly packumentCache full:https://registry.npmjs.org/eslint-import-resolver-node set size:undefined disposed:false
294 silly fetch manifest caniuse-lite@^1.0.30001579
295 silly packumentCache full:https://registry.npmjs.org/caniuse-lite cache-miss
296 http fetch GET 200 https://registry.npmjs.org/eslint-import-resolver-typescript 47ms (cache miss)
297 silly packumentCache full:https://registry.npmjs.org/eslint-import-resolver-typescript set size:undefined disposed:false
298 silly fetch manifest sharp@^0.34.4
299 silly packumentCache full:https://registry.npmjs.org/sharp cache-miss
300 http fetch GET 200 https://registry.npmjs.org/styled-jsx 44ms (cache miss)
301 silly packumentCache full:https://registry.npmjs.org/styled-jsx set size:undefined disposed:false
302 silly fetch manifest @next/swc-darwin-x64@16.0.3
303 silly packumentCache full:https://registry.npmjs.org/@next%2fswc-darwin-x64 cache-miss
304 http fetch GET 200 https://registry.npmjs.org/sharp 31ms (cache miss)
305 silly packumentCache full:https://registry.npmjs.org/sharp set size:undefined disposed:false
306 silly fetch manifest @next/swc-darwin-arm64@16.0.3
307 silly packumentCache full:https://registry.npmjs.org/@next%2fswc-darwin-arm64 cache-miss
308 http fetch GET 200 https://registry.npmjs.org/@swc%2fhelpers 65ms (cache miss)
309 silly packumentCache full:https://registry.npmjs.org/@swc%2fhelpers set size:undefined disposed:false
310 silly fetch manifest @next/swc-linux-x64-gnu@16.0.3
311 silly packumentCache full:https://registry.npmjs.org/@next%2fswc-linux-x64-gnu cache-miss
312 http fetch GET 200 https://registry.npmjs.org/eslint-plugin-react-hooks 125ms (cache miss)
313 silly packumentCache full:https://registry.npmjs.org/eslint-plugin-react-hooks set size:undefined disposed:false
314 silly fetch manifest @next/swc-linux-x64-musl@16.0.3
315 silly packumentCache full:https://registry.npmjs.org/@next%2fswc-linux-x64-musl cache-miss
316 http fetch GET 200 https://registry.npmjs.org/caniuse-lite 97ms (cache miss)
317 silly packumentCache full:https://registry.npmjs.org/caniuse-lite set size:undefined disposed:false
318 silly fetch manifest @next/swc-win32-x64-msvc@16.0.3
319 silly packumentCache full:https://registry.npmjs.org/@next%2fswc-win32-x64-msvc cache-miss
320 http fetch GET 200 https://registry.npmjs.org/@next%2fenv 143ms (cache miss)
321 silly packumentCache full:https://registry.npmjs.org/@next%2fenv set size:undefined disposed:false
322 silly fetch manifest @next/swc-linux-arm64-gnu@16.0.3
323 silly packumentCache full:https://registry.npmjs.org/@next%2fswc-linux-arm64-gnu cache-miss
324 http fetch GET 200 https://registry.npmjs.org/@next%2fswc-darwin-x64 141ms (cache miss)
325 silly packumentCache full:https://registry.npmjs.org/@next%2fswc-darwin-x64 set size:undefined disposed:false
326 silly fetch manifest @next/swc-linux-arm64-musl@16.0.3
327 silly packumentCache full:https://registry.npmjs.org/@next%2fswc-linux-arm64-musl cache-miss
328 http fetch GET 200 https://registry.npmjs.org/@next%2feslint-plugin-next 239ms (cache miss)
329 silly packumentCache full:https://registry.npmjs.org/@next%2feslint-plugin-next set size:undefined disposed:false
330 silly fetch manifest @next/swc-win32-arm64-msvc@16.0.3
331 silly packumentCache full:https://registry.npmjs.org/@next%2fswc-win32-arm64-msvc cache-miss
332 http fetch GET 200 https://registry.npmjs.org/@next%2fswc-darwin-arm64 194ms (cache miss)
333 silly packumentCache full:https://registry.npmjs.org/@next%2fswc-darwin-arm64 set size:undefined disposed:false
334 silly fetch manifest scheduler@^0.27.0
335 silly packumentCache full:https://registry.npmjs.org/scheduler cache-miss
336 http fetch GET 200 https://registry.npmjs.org/@next%2fswc-linux-x64-gnu 182ms (cache miss)
337 silly packumentCache full:https://registry.npmjs.org/@next%2fswc-linux-x64-gnu set size:undefined disposed:false
338 http fetch GET 200 https://registry.npmjs.org/@next%2fswc-linux-x64-musl 171ms (cache miss)
339 silly packumentCache full:https://registry.npmjs.org/@next%2fswc-linux-x64-musl set size:undefined disposed:false
340 http fetch GET 200 https://registry.npmjs.org/@next%2fswc-linux-arm64-gnu 163ms (cache miss)
341 silly packumentCache full:https://registry.npmjs.org/@next%2fswc-linux-arm64-gnu set size:undefined disposed:false
342 http fetch GET 200 https://registry.npmjs.org/@next%2fswc-linux-arm64-musl 168ms (cache miss)
343 silly packumentCache full:https://registry.npmjs.org/@next%2fswc-linux-arm64-musl set size:undefined disposed:false
344 http fetch GET 200 https://registry.npmjs.org/scheduler 116ms (cache miss)
345 silly packumentCache full:https://registry.npmjs.org/scheduler set size:undefined disposed:false
346 http fetch GET 200 https://registry.npmjs.org/@next%2fswc-win32-arm64-msvc 175ms (cache miss)
347 silly packumentCache full:https://registry.npmjs.org/@next%2fswc-win32-arm64-msvc set size:undefined disposed:false
348 http fetch GET 200 https://registry.npmjs.org/@next%2fswc-win32-x64-msvc 311ms (cache miss)
349 silly packumentCache full:https://registry.npmjs.org/@next%2fswc-win32-x64-msvc set size:undefined disposed:false
350 silly placeDep ROOT @alloc/quick-lru@5.2.0 OK for: @tailwindcss/postcss@4.1.17 want: ^5.2.0
351 silly placeDep ROOT @tailwindcss/node@4.1.17 OK for: @tailwindcss/postcss@4.1.17 want: 4.1.17
352 silly placeDep ROOT @tailwindcss/oxide@4.1.17 OK for: @tailwindcss/postcss@4.1.17 want: 4.1.17
353 silly placeDep ROOT postcss@8.5.6 OK for: @tailwindcss/postcss@4.1.17 want: ^8.4.41
354 silly fetch manifest jiti@^2.6.1
355 silly packumentCache full:https://registry.npmjs.org/jiti cache-miss
356 silly fetch manifest lightningcss@1.30.2
357 silly packumentCache full:https://registry.npmjs.org/lightningcss cache-miss
358 silly fetch manifest magic-string@^0.30.21
359 silly packumentCache full:https://registry.npmjs.org/magic-string cache-miss
360 silly fetch manifest source-map-js@^1.2.1
361 silly packumentCache full:https://registry.npmjs.org/source-map-js cache-miss
362 silly fetch manifest enhanced-resolve@^5.18.3
363 silly packumentCache full:https://registry.npmjs.org/enhanced-resolve cache-miss
364 silly fetch manifest @jridgewell/remapping@^2.3.4
365 silly packumentCache full:https://registry.npmjs.org/@jridgewell%2fremapping cache-miss
366 silly fetch manifest @tailwindcss/oxide-darwin-x64@4.1.17
367 silly packumentCache full:https://registry.npmjs.org/@tailwindcss%2foxide-darwin-x64 cache-miss
368 http cache https://registry.npmjs.org/jiti 4ms (cache hit)
369 silly packumentCache full:https://registry.npmjs.org/jiti set size:382310 disposed:false
370 silly fetch manifest @tailwindcss/oxide-freebsd-x64@4.1.17
371 silly packumentCache full:https://registry.npmjs.org/@tailwindcss%2foxide-freebsd-x64 cache-miss
372 http fetch GET 200 https://registry.npmjs.org/source-map-js 57ms (cache miss)
373 silly packumentCache full:https://registry.npmjs.org/source-map-js set size:undefined disposed:false
374 silly fetch manifest @tailwindcss/oxide-wasm32-wasi@4.1.17
375 silly packumentCache full:https://registry.npmjs.org/@tailwindcss%2foxide-wasm32-wasi cache-miss
376 http fetch GET 200 https://registry.npmjs.org/lightningcss 83ms (cache miss)
377 silly packumentCache full:https://registry.npmjs.org/lightningcss set size:undefined disposed:false
378 silly fetch manifest @tailwindcss/oxide-darwin-arm64@4.1.17
379 silly packumentCache full:https://registry.npmjs.org/@tailwindcss%2foxide-darwin-arm64 cache-miss
380 http fetch GET 200 https://registry.npmjs.org/@jridgewell%2fremapping 96ms (cache miss)
381 silly packumentCache full:https://registry.npmjs.org/@jridgewell%2fremapping set size:undefined disposed:false
382 silly fetch manifest @tailwindcss/oxide-android-arm64@4.1.17
383 silly packumentCache full:https://registry.npmjs.org/@tailwindcss%2foxide-android-arm64 cache-miss
384 http fetch GET 200 https://registry.npmjs.org/magic-string 98ms (cache miss)
385 silly packumentCache full:https://registry.npmjs.org/magic-string set size:undefined disposed:false
386 silly fetch manifest @tailwindcss/oxide-linux-x64-gnu@4.1.17
387 silly packumentCache full:https://registry.npmjs.org/@tailwindcss%2foxide-linux-x64-gnu cache-miss
388 http fetch GET 200 https://registry.npmjs.org/enhanced-resolve 101ms (cache miss)
389 silly packumentCache full:https://registry.npmjs.org/enhanced-resolve set size:undefined disposed:false
390 silly fetch manifest @tailwindcss/oxide-linux-x64-musl@4.1.17
391 silly packumentCache full:https://registry.npmjs.org/@tailwindcss%2foxide-linux-x64-musl cache-miss
392 http fetch GET 200 https://registry.npmjs.org/@tailwindcss%2foxide-darwin-x64 138ms (cache miss)
393 silly packumentCache full:https://registry.npmjs.org/@tailwindcss%2foxide-darwin-x64 set size:undefined disposed:false
394 silly fetch manifest @tailwindcss/oxide-win32-x64-msvc@4.1.17
395 silly packumentCache full:https://registry.npmjs.org/@tailwindcss%2foxide-win32-x64-msvc cache-miss
396 http fetch GET 200 https://registry.npmjs.org/@tailwindcss%2foxide-linux-x64-gnu 74ms (cache miss)
397 silly packumentCache full:https://registry.npmjs.org/@tailwindcss%2foxide-linux-x64-gnu set size:undefined disposed:false
398 silly fetch manifest @tailwindcss/oxide-linux-arm64-gnu@4.1.17
399 silly packumentCache full:https://registry.npmjs.org/@tailwindcss%2foxide-linux-arm64-gnu cache-miss
400 http fetch GET 200 https://registry.npmjs.org/@tailwindcss%2foxide-android-arm64 124ms (cache miss)
401 silly packumentCache full:https://registry.npmjs.org/@tailwindcss%2foxide-android-arm64 set size:undefined disposed:false
402 silly fetch manifest @tailwindcss/oxide-linux-arm64-musl@4.1.17
403 silly packumentCache full:https://registry.npmjs.org/@tailwindcss%2foxide-linux-arm64-musl cache-miss
404 http fetch GET 200 https://registry.npmjs.org/@tailwindcss%2foxide-darwin-arm64 143ms (cache miss)
405 silly packumentCache full:https://registry.npmjs.org/@tailwindcss%2foxide-darwin-arm64 set size:undefined disposed:false
406 silly fetch manifest @tailwindcss/oxide-win32-arm64-msvc@4.1.17
407 silly packumentCache full:https://registry.npmjs.org/@tailwindcss%2foxide-win32-arm64-msvc cache-miss
408 http fetch GET 200 https://registry.npmjs.org/@tailwindcss%2foxide-linux-x64-musl 151ms (cache miss)
409 silly packumentCache full:https://registry.npmjs.org/@tailwindcss%2foxide-linux-x64-musl set size:undefined disposed:false
410 silly fetch manifest @tailwindcss/oxide-linux-arm-gnueabihf@4.1.17
411 silly packumentCache full:https://registry.npmjs.org/@tailwindcss%2foxide-linux-arm-gnueabihf cache-miss
412 http fetch GET 200 https://registry.npmjs.org/@tailwindcss%2foxide-wasm32-wasi 207ms (cache miss)
413 silly packumentCache full:https://registry.npmjs.org/@tailwindcss%2foxide-wasm32-wasi set size:undefined disposed:false
414 silly fetch manifest nanoid@^3.3.11
415 silly packumentCache full:https://registry.npmjs.org/nanoid cache-miss
416 http fetch GET 200 https://registry.npmjs.org/@tailwindcss%2foxide-freebsd-x64 277ms (cache miss)
417 silly packumentCache full:https://registry.npmjs.org/@tailwindcss%2foxide-freebsd-x64 set size:undefined disposed:false
418 silly fetch manifest picocolors@^1.1.1
419 silly packumentCache full:https://registry.npmjs.org/picocolors cache-miss
420 http fetch GET 200 https://registry.npmjs.org/nanoid 32ms (cache miss)
421 silly packumentCache full:https://registry.npmjs.org/nanoid set size:undefined disposed:false
422 http fetch GET 200 https://registry.npmjs.org/@tailwindcss%2foxide-linux-arm64-musl 87ms (cache miss)
423 silly packumentCache full:https://registry.npmjs.org/@tailwindcss%2foxide-linux-arm64-musl set size:undefined disposed:false
424 http fetch GET 200 https://registry.npmjs.org/@tailwindcss%2foxide-win32-x64-msvc 170ms (cache miss)
425 silly packumentCache full:https://registry.npmjs.org/@tailwindcss%2foxide-win32-x64-msvc set size:undefined disposed:false
426 http fetch GET 200 https://registry.npmjs.org/picocolors 60ms (cache miss)
427 silly packumentCache full:https://registry.npmjs.org/picocolors set size:undefined disposed:false
428 http fetch GET 200 https://registry.npmjs.org/@tailwindcss%2foxide-linux-arm64-gnu 174ms (cache miss)
429 silly packumentCache full:https://registry.npmjs.org/@tailwindcss%2foxide-linux-arm64-gnu set size:undefined disposed:false
430 http fetch GET 200 https://registry.npmjs.org/@tailwindcss%2foxide-win32-arm64-msvc 171ms (cache miss)
431 silly packumentCache full:https://registry.npmjs.org/@tailwindcss%2foxide-win32-arm64-msvc set size:undefined disposed:false
432 http fetch GET 200 https://registry.npmjs.org/@tailwindcss%2foxide-linux-arm-gnueabihf 262ms (cache miss)
433 silly packumentCache full:https://registry.npmjs.org/@tailwindcss%2foxide-linux-arm-gnueabihf set size:undefined disposed:false
434 silly placeDep ROOT @jridgewell/remapping@2.3.5 OK for: @tailwindcss/node@4.1.17 want: ^2.3.4
435 silly placeDep ROOT enhanced-resolve@5.18.3 OK for: @tailwindcss/node@4.1.17 want: ^5.18.3
436 silly placeDep ROOT jiti@2.6.1 OK for: @tailwindcss/node@4.1.17 want: ^2.6.1
437 silly placeDep ROOT lightningcss@1.30.2 OK for: @tailwindcss/node@4.1.17 want: 1.30.2
438 silly placeDep ROOT magic-string@0.30.21 OK for: @tailwindcss/node@4.1.17 want: ^0.30.21
439 silly placeDep ROOT source-map-js@1.2.1 OK for: @tailwindcss/node@4.1.17 want: ^1.2.1
440 silly fetch manifest @jridgewell/gen-mapping@^0.3.5
441 silly packumentCache full:https://registry.npmjs.org/@jridgewell%2fgen-mapping cache-miss
442 silly fetch manifest @jridgewell/trace-mapping@^0.3.24
443 silly packumentCache full:https://registry.npmjs.org/@jridgewell%2ftrace-mapping cache-miss
444 silly fetch manifest graceful-fs@^4.2.4
445 silly packumentCache full:https://registry.npmjs.org/graceful-fs cache-miss
446 silly fetch manifest tapable@^2.2.0
447 silly packumentCache full:https://registry.npmjs.org/tapable cache-miss
448 silly fetch manifest detect-libc@^2.0.3
449 silly packumentCache full:https://registry.npmjs.org/detect-libc cache-miss
450 silly fetch manifest lightningcss-darwin-x64@1.30.2
451 silly packumentCache full:https://registry.npmjs.org/lightningcss-darwin-x64 cache-miss
452 silly fetch manifest lightningcss-linux-x64-gnu@1.30.2
453 silly packumentCache full:https://registry.npmjs.org/lightningcss-linux-x64-gnu cache-miss
454 http fetch GET 200 https://registry.npmjs.org/detect-libc 28ms (cache miss)
455 silly packumentCache full:https://registry.npmjs.org/detect-libc set size:undefined disposed:false
456 silly fetch manifest lightningcss-win32-x64-msvc@1.30.2
457 silly packumentCache full:https://registry.npmjs.org/lightningcss-win32-x64-msvc cache-miss
458 http fetch GET 200 https://registry.npmjs.org/graceful-fs 29ms (cache miss)
459 silly packumentCache full:https://registry.npmjs.org/graceful-fs set size:undefined disposed:false
460 silly fetch manifest lightningcss-win32-arm64-msvc@1.30.2
461 silly packumentCache full:https://registry.npmjs.org/lightningcss-win32-arm64-msvc cache-miss
462 http fetch GET 200 https://registry.npmjs.org/lightningcss-darwin-x64 32ms (cache miss)
463 silly packumentCache full:https://registry.npmjs.org/lightningcss-darwin-x64 set size:undefined disposed:false
464 silly fetch manifest lightningcss-darwin-arm64@1.30.2
465 silly packumentCache full:https://registry.npmjs.org/lightningcss-darwin-arm64 cache-miss
466 http fetch GET 200 https://registry.npmjs.org/lightningcss-linux-x64-gnu 33ms (cache miss)
467 silly packumentCache full:https://registry.npmjs.org/lightningcss-linux-x64-gnu set size:undefined disposed:false
468 silly fetch manifest lightningcss-linux-arm64-gnu@1.30.2
469 silly packumentCache full:https://registry.npmjs.org/lightningcss-linux-arm64-gnu cache-miss
470 http fetch GET 200 https://registry.npmjs.org/@jridgewell%2ftrace-mapping 51ms (cache miss)
471 silly packumentCache full:https://registry.npmjs.org/@jridgewell%2ftrace-mapping set size:undefined disposed:false
472 silly fetch manifest lightningcss-linux-arm-gnueabihf@1.30.2
473 silly packumentCache full:https://registry.npmjs.org/lightningcss-linux-arm-gnueabihf cache-miss
474 http fetch GET 200 https://registry.npmjs.org/@jridgewell%2fgen-mapping 55ms (cache miss)
475 silly packumentCache full:https://registry.npmjs.org/@jridgewell%2fgen-mapping set size:undefined disposed:false
476 silly fetch manifest lightningcss-linux-arm64-musl@1.30.2
477 silly packumentCache full:https://registry.npmjs.org/lightningcss-linux-arm64-musl cache-miss
478 http fetch GET 200 https://registry.npmjs.org/lightningcss-win32-arm64-msvc 32ms (cache miss)
479 silly packumentCache full:https://registry.npmjs.org/lightningcss-win32-arm64-msvc set size:undefined disposed:false
480 silly fetch manifest lightningcss-linux-x64-musl@1.30.2
481 silly packumentCache full:https://registry.npmjs.org/lightningcss-linux-x64-musl cache-miss
482 http fetch GET 200 https://registry.npmjs.org/lightningcss-darwin-arm64 30ms (cache miss)
483 silly packumentCache full:https://registry.npmjs.org/lightningcss-darwin-arm64 set size:undefined disposed:false
484 silly fetch manifest lightningcss-freebsd-x64@1.30.2
485 silly packumentCache full:https://registry.npmjs.org/lightningcss-freebsd-x64 cache-miss
486 http fetch GET 200 https://registry.npmjs.org/tapable 63ms (cache miss)
487 silly packumentCache full:https://registry.npmjs.org/tapable set size:undefined disposed:false
488 silly fetch manifest lightningcss-android-arm64@1.30.2
489 silly packumentCache full:https://registry.npmjs.org/lightningcss-android-arm64 cache-miss
490 http fetch GET 200 https://registry.npmjs.org/lightningcss-linux-arm-gnueabihf 27ms (cache miss)
491 silly packumentCache full:https://registry.npmjs.org/lightningcss-linux-arm-gnueabihf set size:undefined disposed:false
492 silly fetch manifest @jridgewell/sourcemap-codec@^1.5.5
493 silly packumentCache full:https://registry.npmjs.org/@jridgewell%2fsourcemap-codec cache-miss
494 http fetch GET 200 https://registry.npmjs.org/lightningcss-linux-arm64-musl 25ms (cache miss)
495 silly packumentCache full:https://registry.npmjs.org/lightningcss-linux-arm64-musl set size:undefined disposed:false
496 http fetch GET 200 https://registry.npmjs.org/lightningcss-freebsd-x64 25ms (cache miss)
497 silly packumentCache full:https://registry.npmjs.org/lightningcss-freebsd-x64 set size:undefined disposed:false
498 http fetch GET 200 https://registry.npmjs.org/lightningcss-linux-x64-musl 33ms (cache miss)
499 silly packumentCache full:https://registry.npmjs.org/lightningcss-linux-x64-musl set size:undefined disposed:false
500 http fetch GET 200 https://registry.npmjs.org/lightningcss-win32-x64-msvc 68ms (cache miss)
501 silly packumentCache full:https://registry.npmjs.org/lightningcss-win32-x64-msvc set size:undefined disposed:false
502 http fetch GET 200 https://registry.npmjs.org/lightningcss-linux-arm64-gnu 78ms (cache miss)
503 silly packumentCache full:https://registry.npmjs.org/lightningcss-linux-arm64-gnu set size:undefined disposed:false
504 http fetch GET 200 https://registry.npmjs.org/@jridgewell%2fsourcemap-codec 42ms (cache miss)
505 silly packumentCache full:https://registry.npmjs.org/@jridgewell%2fsourcemap-codec set size:undefined disposed:false
506 http fetch GET 200 https://registry.npmjs.org/lightningcss-android-arm64 86ms (cache miss)
507 silly packumentCache full:https://registry.npmjs.org/lightningcss-android-arm64 set size:undefined disposed:false
508 silly placeDep ROOT @jridgewell/gen-mapping@0.3.13 OK for: @jridgewell/remapping@2.3.5 want: ^0.3.5
509 silly placeDep ROOT @jridgewell/trace-mapping@0.3.31 OK for: @jridgewell/remapping@2.3.5 want: ^0.3.24
510 silly fetch manifest @jridgewell/sourcemap-codec@^1.5.0
511 silly packumentCache full:https://registry.npmjs.org/@jridgewell%2fsourcemap-codec cache-miss
512 silly fetch manifest @jridgewell/resolve-uri@^3.1.0
513 silly packumentCache full:https://registry.npmjs.org/@jridgewell%2fresolve-uri cache-miss
514 silly fetch manifest @jridgewell/sourcemap-codec@^1.4.14
515 silly packumentCache full:https://registry.npmjs.org/@jridgewell%2fsourcemap-codec cache-miss
516 http cache https://registry.npmjs.org/@jridgewell%2fsourcemap-codec 2ms (cache hit)
517 silly packumentCache full:https://registry.npmjs.org/@jridgewell%2fsourcemap-codec set size:59275 disposed:false
518 http cache https://registry.npmjs.org/@jridgewell%2fsourcemap-codec 2ms (cache hit)
519 silly packumentCache full:https://registry.npmjs.org/@jridgewell%2fsourcemap-codec set size:59275 disposed:false
520 silly packumentCache full:https://registry.npmjs.org/@jridgewell%2fsourcemap-codec dispose
521 http fetch GET 200 https://registry.npmjs.org/@jridgewell%2fresolve-uri 40ms (cache miss)
522 silly packumentCache full:https://registry.npmjs.org/@jridgewell%2fresolve-uri set size:undefined disposed:false
523 silly placeDep ROOT @jridgewell/sourcemap-codec@1.5.5 OK for: @jridgewell/gen-mapping@0.3.13 want: ^1.5.0
524 silly placeDep ROOT @jridgewell/resolve-uri@3.1.2 OK for: @jridgewell/trace-mapping@0.3.31 want: ^3.1.0
525 silly placeDep ROOT @tailwindcss/oxide-android-arm64@4.1.17 OK for: @tailwindcss/oxide@4.1.17 want: 4.1.17
526 silly placeDep ROOT @tailwindcss/oxide-darwin-arm64@4.1.17 OK for: @tailwindcss/oxide@4.1.17 want: 4.1.17
527 silly placeDep ROOT @tailwindcss/oxide-darwin-x64@4.1.17 OK for: @tailwindcss/oxide@4.1.17 want: 4.1.17
528 silly placeDep ROOT @tailwindcss/oxide-freebsd-x64@4.1.17 OK for: @tailwindcss/oxide@4.1.17 want: 4.1.17
529 silly placeDep ROOT @tailwindcss/oxide-linux-arm-gnueabihf@4.1.17 OK for: @tailwindcss/oxide@4.1.17 want: 4.1.17
530 silly placeDep ROOT @tailwindcss/oxide-linux-arm64-gnu@4.1.17 OK for: @tailwindcss/oxide@4.1.17 want: 4.1.17
531 silly placeDep ROOT @tailwindcss/oxide-linux-arm64-musl@4.1.17 OK for: @tailwindcss/oxide@4.1.17 want: 4.1.17
532 silly placeDep ROOT @tailwindcss/oxide-linux-x64-gnu@4.1.17 OK for: @tailwindcss/oxide@4.1.17 want: 4.1.17
533 silly placeDep ROOT @tailwindcss/oxide-linux-x64-musl@4.1.17 OK for: @tailwindcss/oxide@4.1.17 want: 4.1.17
534 silly placeDep ROOT @tailwindcss/oxide-wasm32-wasi@4.1.17 OK for: @tailwindcss/oxide@4.1.17 want: 4.1.17
535 silly placeDep ROOT @tailwindcss/oxide-win32-arm64-msvc@4.1.17 OK for: @tailwindcss/oxide@4.1.17 want: 4.1.17
536 silly placeDep ROOT @tailwindcss/oxide-win32-x64-msvc@4.1.17 OK for: @tailwindcss/oxide@4.1.17 want: 4.1.17
537 silly placeDep ROOT undici-types@6.21.0 OK for: @types/node@20.19.25 want: ~6.21.0
538 silly placeDep ROOT csstype@3.2.3 OK for: @types/react@19.2.6 want: ^3.2.2
539 silly placeDep ROOT graceful-fs@4.2.11 OK for: enhanced-resolve@5.18.3 want: ^4.2.4
540 silly placeDep ROOT tapable@2.3.0 OK for: enhanced-resolve@5.18.3 want: ^2.2.0
541 silly fetch manifest eslint@^6.0.0 || ^7.0.0 || >=8.0.0
542 silly packumentCache full:https://registry.npmjs.org/eslint cache-miss
543 http cache https://registry.npmjs.org/eslint 4ms (cache hit)
544 silly packumentCache full:https://registry.npmjs.org/eslint set size:1859273 disposed:false
545 silly placeDep ROOT @eslint-community/eslint-utils@4.9.0 OK for: eslint@9.39.1 want: ^4.8.0
546 silly placeDep ROOT @eslint-community/regexpp@4.12.2 OK for: eslint@9.39.1 want: ^4.12.1
547 silly placeDep ROOT @eslint/config-array@0.21.1 OK for: eslint@9.39.1 want: ^0.21.1
548 silly placeDep ROOT @eslint/config-helpers@0.4.2 OK for: eslint@9.39.1 want: ^0.4.2
549 silly placeDep ROOT @eslint/core@0.17.0 OK for: eslint@9.39.1 want: ^0.17.0
550 silly placeDep ROOT @eslint/eslintrc@3.3.1 OK for: eslint@9.39.1 want: ^3.3.1
551 silly placeDep ROOT @eslint/js@9.39.1 OK for: eslint@9.39.1 want: 9.39.1
552 silly placeDep ROOT @eslint/plugin-kit@0.4.1 OK for: eslint@9.39.1 want: ^0.4.1
553 silly placeDep ROOT @humanfs/node@0.16.7 OK for: eslint@9.39.1 want: ^0.16.6
554 silly placeDep ROOT @humanwhocodes/module-importer@1.0.1 OK for: eslint@9.39.1 want: ^1.0.1
555 silly placeDep ROOT @humanwhocodes/retry@0.4.3 OK for: eslint@9.39.1 want: ^0.4.2
556 silly placeDep ROOT @types/estree@1.0.8 OK for: eslint@9.39.1 want: ^1.0.6
557 silly placeDep ROOT ajv@6.12.6 OK for: eslint@9.39.1 want: ^6.12.4
558 silly placeDep ROOT chalk@4.1.2 OK for: eslint@9.39.1 want: ^4.0.0
559 silly placeDep ROOT cross-spawn@7.0.6 OK for: eslint@9.39.1 want: ^7.0.6
560 silly placeDep ROOT debug@4.4.3 OK for: eslint@9.39.1 want: ^4.3.2
561 silly placeDep ROOT escape-string-regexp@4.0.0 OK for: eslint@9.39.1 want: ^4.0.0
562 silly placeDep ROOT eslint-scope@8.4.0 OK for: eslint@9.39.1 want: ^8.4.0
563 silly placeDep ROOT eslint-visitor-keys@4.2.1 OK for: eslint@9.39.1 want: ^4.2.1
564 silly placeDep ROOT espree@10.4.0 OK for: eslint@9.39.1 want: ^10.4.0
565 silly placeDep ROOT esquery@1.6.0 OK for: eslint@9.39.1 want: ^1.5.0
566 silly placeDep ROOT esutils@2.0.3 OK for: eslint@9.39.1 want: ^2.0.2
567 silly placeDep ROOT fast-deep-equal@3.1.3 OK for: eslint@9.39.1 want: ^3.1.3
568 silly placeDep ROOT file-entry-cache@8.0.0 OK for: eslint@9.39.1 want: ^8.0.0
569 silly placeDep ROOT find-up@5.0.0 OK for: eslint@9.39.1 want: ^5.0.0
570 silly placeDep ROOT glob-parent@6.0.2 OK for: eslint@9.39.1 want: ^6.0.2
571 silly placeDep ROOT ignore@5.3.2 OK for: eslint@9.39.1 want: ^5.2.0
572 silly placeDep ROOT imurmurhash@0.1.4 OK for: eslint@9.39.1 want: ^0.1.4
573 silly placeDep ROOT is-glob@4.0.3 OK for: eslint@9.39.1 want: ^4.0.0
574 silly placeDep ROOT json-stable-stringify-without-jsonify@1.0.1 OK for: eslint@9.39.1 want: ^1.0.1
575 silly placeDep ROOT lodash.merge@4.6.2 OK for: eslint@9.39.1 want: ^4.6.2
576 silly placeDep ROOT minimatch@3.1.2 OK for: eslint@9.39.1 want: ^3.1.2
577 silly placeDep ROOT natural-compare@1.4.0 OK for: eslint@9.39.1 want: ^1.4.0
578 silly placeDep ROOT optionator@0.9.4 OK for: eslint@9.39.1 want: ^0.9.3
579 silly fetch manifest eslint-visitor-keys@^3.4.3
580 silly packumentCache full:https://registry.npmjs.org/eslint-visitor-keys cache-miss
581 silly fetch manifest debug@^4.3.1
582 silly packumentCache full:https://registry.npmjs.org/debug cache-miss
583 silly fetch manifest @eslint/object-schema@^2.1.7
584 silly packumentCache full:https://registry.npmjs.org/@eslint%2fobject-schema cache-miss
585 silly fetch manifest @types/json-schema@^7.0.15
586 silly packumentCache full:https://registry.npmjs.org/@types%2fjson-schema cache-miss
587 silly fetch manifest espree@^10.0.1
588 silly packumentCache full:https://registry.npmjs.org/espree cache-miss
589 silly fetch manifest globals@^14.0.0
590 silly packumentCache full:https://registry.npmjs.org/globals cache-miss
591 silly fetch manifest import-fresh@^3.2.1
592 silly packumentCache full:https://registry.npmjs.org/import-fresh cache-miss
593 http cache https://registry.npmjs.org/debug 3ms (cache hit)
594 silly packumentCache full:https://registry.npmjs.org/debug set size:195840 disposed:false
595 silly fetch manifest js-yaml@^4.1.0
596 silly packumentCache full:https://registry.npmjs.org/js-yaml cache-miss
597 http cache https://registry.npmjs.org/espree 5ms (cache hit)
598 silly packumentCache full:https://registry.npmjs.org/espree set size:317497 disposed:false
599 silly fetch manifest strip-json-comments@^3.1.1
600 silly packumentCache full:https://registry.npmjs.org/strip-json-comments cache-miss
601 http cache https://registry.npmjs.org/eslint-visitor-keys 8ms (cache hit)
602 silly packumentCache full:https://registry.npmjs.org/eslint-visitor-keys set size:67352 disposed:false
603 silly fetch manifest levn@^0.4.1
604 silly packumentCache full:https://registry.npmjs.org/levn cache-miss
605 http cache https://registry.npmjs.org/globals 11ms (cache hit)
606 silly packumentCache full:https://registry.npmjs.org/globals set size:290151 disposed:false
607 silly fetch manifest @humanwhocodes/retry@^0.4.0
608 silly packumentCache full:https://registry.npmjs.org/@humanwhocodes%2fretry cache-miss
609 http cache https://registry.npmjs.org/@humanwhocodes%2fretry 1ms (cache hit)
610 silly packumentCache full:https://registry.npmjs.org/@humanwhocodes%2fretry set size:42348 disposed:false
611 silly fetch manifest @humanfs/core@^0.19.1
612 silly packumentCache full:https://registry.npmjs.org/@humanfs%2fcore cache-miss
613 http fetch GET 200 https://registry.npmjs.org/strip-json-comments 27ms (cache miss)
614 silly packumentCache full:https://registry.npmjs.org/strip-json-comments set size:undefined disposed:false
615 silly fetch manifest uri-js@^4.2.2
616 silly packumentCache full:https://registry.npmjs.org/uri-js cache-miss
617 http fetch GET 200 https://registry.npmjs.org/import-fresh 39ms (cache miss)
618 silly packumentCache full:https://registry.npmjs.org/import-fresh set size:undefined disposed:false
619 silly fetch manifest fast-deep-equal@^3.1.1
620 silly packumentCache full:https://registry.npmjs.org/fast-deep-equal cache-miss
621 http fetch GET 200 https://registry.npmjs.org/@eslint%2fobject-schema 43ms (cache miss)
622 silly packumentCache full:https://registry.npmjs.org/@eslint%2fobject-schema set size:undefined disposed:false
623 silly fetch manifest json-schema-traverse@^0.4.1
624 silly packumentCache full:https://registry.npmjs.org/json-schema-traverse cache-miss
625 http fetch GET 200 https://registry.npmjs.org/@types%2fjson-schema 43ms (cache miss)
626 silly packumentCache full:https://registry.npmjs.org/@types%2fjson-schema set size:undefined disposed:false
627 silly fetch manifest fast-json-stable-stringify@^2.0.0
628 silly packumentCache full:https://registry.npmjs.org/fast-json-stable-stringify cache-miss
629 http cache https://registry.npmjs.org/fast-deep-equal 5ms (cache hit)
630 silly packumentCache full:https://registry.npmjs.org/fast-deep-equal set size:48634 disposed:false
631 silly fetch manifest ansi-styles@^4.1.0
632 silly packumentCache full:https://registry.npmjs.org/ansi-styles cache-miss
633 http fetch GET 200 https://registry.npmjs.org/js-yaml 41ms (cache miss)
634 silly packumentCache full:https://registry.npmjs.org/js-yaml set size:undefined disposed:false
635 silly fetch manifest supports-color@^7.1.0
636 silly packumentCache full:https://registry.npmjs.org/supports-color cache-miss
637 http fetch GET 200 https://registry.npmjs.org/levn 53ms (cache miss)
638 silly packumentCache full:https://registry.npmjs.org/levn set size:undefined disposed:false
639 silly fetch manifest which@^2.0.1
640 silly packumentCache full:https://registry.npmjs.org/which cache-miss
641 http fetch GET 200 https://registry.npmjs.org/@humanfs%2fcore 54ms (cache miss)
642 silly packumentCache full:https://registry.npmjs.org/@humanfs%2fcore set size:undefined disposed:false
643 silly fetch manifest path-key@^3.1.0
644 silly packumentCache full:https://registry.npmjs.org/path-key cache-miss
645 http fetch GET 200 https://registry.npmjs.org/ansi-styles 26ms (cache miss)
646 silly packumentCache full:https://registry.npmjs.org/ansi-styles set size:undefined disposed:false
647 silly fetch manifest shebang-command@^2.0.0
648 silly packumentCache full:https://registry.npmjs.org/shebang-command cache-miss
649 http fetch GET 200 https://registry.npmjs.org/fast-json-stable-stringify 30ms (cache miss)
650 silly packumentCache full:https://registry.npmjs.org/fast-json-stable-stringify set size:undefined disposed:false
651 silly fetch manifest ms@^2.1.3
652 silly packumentCache full:https://registry.npmjs.org/ms cache-miss
653 http fetch GET 200 https://registry.npmjs.org/uri-js 36ms (cache miss)
654 silly packumentCache full:https://registry.npmjs.org/uri-js set size:undefined disposed:false
655 silly fetch manifest esrecurse@^4.3.0
656 silly packumentCache full:https://registry.npmjs.org/esrecurse cache-miss
657 http fetch GET 200 https://registry.npmjs.org/supports-color 36ms (cache miss)
658 silly packumentCache full:https://registry.npmjs.org/supports-color set size:undefined disposed:false
659 silly fetch manifest estraverse@^5.2.0
660 silly packumentCache full:https://registry.npmjs.org/estraverse cache-miss
661 http fetch GET 200 https://registry.npmjs.org/json-schema-traverse 51ms (cache miss)
662 silly packumentCache full:https://registry.npmjs.org/json-schema-traverse set size:undefined disposed:false
663 silly fetch manifest acorn@^8.15.0
664 silly packumentCache full:https://registry.npmjs.org/acorn cache-miss
665 http fetch GET 200 https://registry.npmjs.org/shebang-command 24ms (cache miss)
666 silly packumentCache full:https://registry.npmjs.org/shebang-command set size:undefined disposed:false
667 silly fetch manifest acorn-jsx@^5.3.2
668 silly packumentCache full:https://registry.npmjs.org/acorn-jsx cache-miss
669 http fetch GET 200 https://registry.npmjs.org/path-key 37ms (cache miss)
670 silly packumentCache full:https://registry.npmjs.org/path-key set size:undefined disposed:false
671 silly fetch manifest estraverse@^5.1.0
672 silly packumentCache full:https://registry.npmjs.org/estraverse cache-miss
673 http fetch GET 200 https://registry.npmjs.org/esrecurse 32ms (cache miss)
674 silly packumentCache full:https://registry.npmjs.org/esrecurse set size:undefined disposed:false
675 silly fetch manifest flat-cache@^4.0.0
676 silly packumentCache full:https://registry.npmjs.org/flat-cache cache-miss
677 http fetch GET 200 https://registry.npmjs.org/estraverse 26ms (cache miss)
678 silly packumentCache full:https://registry.npmjs.org/estraverse set size:undefined disposed:false
679 silly fetch manifest locate-path@^6.0.0
680 silly packumentCache full:https://registry.npmjs.org/locate-path cache-miss
681 http fetch GET 200 https://registry.npmjs.org/ms 40ms (cache miss)
682 silly packumentCache full:https://registry.npmjs.org/ms set size:undefined disposed:false
683 silly fetch manifest path-exists@^4.0.0
684 silly packumentCache full:https://registry.npmjs.org/path-exists cache-miss
685 http fetch GET 200 https://registry.npmjs.org/which 59ms (cache miss)
686 silly packumentCache full:https://registry.npmjs.org/which set size:undefined disposed:false
687 silly fetch manifest is-glob@^4.0.3
688 silly packumentCache full:https://registry.npmjs.org/is-glob cache-miss
689 http fetch GET 200 https://registry.npmjs.org/acorn-jsx 27ms (cache miss)
690 silly packumentCache full:https://registry.npmjs.org/acorn-jsx set size:undefined disposed:false
691 silly fetch manifest is-extglob@^2.1.1
692 silly packumentCache full:https://registry.npmjs.org/is-extglob cache-miss
693 http cache https://registry.npmjs.org/is-glob 4ms (cache hit)
694 silly packumentCache full:https://registry.npmjs.org/is-glob set size:40530 disposed:false
695 silly fetch manifest brace-expansion@^1.1.7
696 silly packumentCache full:https://registry.npmjs.org/brace-expansion cache-miss
697 http fetch GET 200 https://registry.npmjs.org/acorn 32ms (cache miss)
698 silly packumentCache full:https://registry.npmjs.org/acorn set size:undefined disposed:false
699 silly fetch manifest prelude-ls@^1.2.1
700 silly packumentCache full:https://registry.npmjs.org/prelude-ls cache-miss
701 http fetch GET 200 https://registry.npmjs.org/flat-cache 25ms (cache miss)
702 silly packumentCache full:https://registry.npmjs.org/flat-cache set size:undefined disposed:false
703 silly fetch manifest deep-is@^0.1.3
704 silly packumentCache full:https://registry.npmjs.org/deep-is cache-miss
705 http fetch GET 200 https://registry.npmjs.org/locate-path 27ms (cache miss)
706 silly packumentCache full:https://registry.npmjs.org/locate-path set size:undefined disposed:false
707 silly fetch manifest word-wrap@^1.2.5
708 silly packumentCache full:https://registry.npmjs.org/word-wrap cache-miss
709 http fetch GET 200 https://registry.npmjs.org/estraverse 34ms (cache miss)
710 silly packumentCache full:https://registry.npmjs.org/estraverse set size:undefined disposed:false
711 silly fetch manifest type-check@^0.4.0
712 silly packumentCache full:https://registry.npmjs.org/type-check cache-miss
713 http fetch GET 200 https://registry.npmjs.org/path-exists 27ms (cache miss)
714 silly packumentCache full:https://registry.npmjs.org/path-exists set size:undefined disposed:false
715 silly fetch manifest fast-levenshtein@^2.0.6
716 silly packumentCache full:https://registry.npmjs.org/fast-levenshtein cache-miss
717 http fetch GET 200 https://registry.npmjs.org/brace-expansion 24ms (cache miss)
718 silly packumentCache full:https://registry.npmjs.org/brace-expansion set size:undefined disposed:false
719 http fetch GET 200 https://registry.npmjs.org/prelude-ls 30ms (cache miss)
720 silly packumentCache full:https://registry.npmjs.org/prelude-ls set size:undefined disposed:false
721 http fetch GET 200 https://registry.npmjs.org/is-extglob 38ms (cache miss)
722 silly packumentCache full:https://registry.npmjs.org/is-extglob set size:undefined disposed:false
723 http fetch GET 200 https://registry.npmjs.org/deep-is 27ms (cache miss)
724 silly packumentCache full:https://registry.npmjs.org/deep-is set size:undefined disposed:false
725 http fetch GET 200 https://registry.npmjs.org/fast-levenshtein 23ms (cache miss)
726 silly packumentCache full:https://registry.npmjs.org/fast-levenshtein set size:undefined disposed:false
727 http fetch GET 200 https://registry.npmjs.org/word-wrap 32ms (cache miss)
728 silly packumentCache full:https://registry.npmjs.org/word-wrap set size:undefined disposed:false
729 http fetch GET 200 https://registry.npmjs.org/type-check 31ms (cache miss)
730 silly packumentCache full:https://registry.npmjs.org/type-check set size:undefined disposed:false
731 silly placeDep node_modules/@eslint-community/eslint-utils eslint-visitor-keys@3.4.3 OK for: @eslint-community/eslint-utils@4.9.0 want: ^3.4.3
732 silly placeDep ROOT @eslint/object-schema@2.1.7 OK for: @eslint/config-array@0.21.1 want: ^2.1.7
733 silly placeDep ROOT @types/json-schema@7.0.15 OK for: @eslint/core@0.17.0 want: ^7.0.15
734 silly placeDep ROOT globals@14.0.0 OK for: @eslint/eslintrc@3.3.1 want: ^14.0.0
735 silly placeDep ROOT import-fresh@3.3.1 OK for: @eslint/eslintrc@3.3.1 want: ^3.2.1
736 silly placeDep ROOT js-yaml@4.1.1 OK for: @eslint/eslintrc@3.3.1 want: ^4.1.0
737 silly placeDep ROOT strip-json-comments@3.1.1 OK for: @eslint/eslintrc@3.3.1 want: ^3.1.1
738 silly fetch manifest parent-module@^1.0.0
739 silly packumentCache full:https://registry.npmjs.org/parent-module cache-miss
740 silly fetch manifest resolve-from@^4.0.0
741 silly packumentCache full:https://registry.npmjs.org/resolve-from cache-miss
742 silly fetch manifest argparse@^2.0.1
743 silly packumentCache full:https://registry.npmjs.org/argparse cache-miss
744 http fetch GET 200 https://registry.npmjs.org/resolve-from 26ms (cache miss)
745 silly packumentCache full:https://registry.npmjs.org/resolve-from set size:undefined disposed:false
746 http fetch GET 200 https://registry.npmjs.org/parent-module 41ms (cache miss)
747 silly packumentCache full:https://registry.npmjs.org/parent-module set size:undefined disposed:false
748 http fetch GET 200 https://registry.npmjs.org/argparse 44ms (cache miss)
749 silly packumentCache full:https://registry.npmjs.org/argparse set size:undefined disposed:false
750 silly placeDep ROOT levn@0.4.1 OK for: @eslint/plugin-kit@0.4.1 want: ^0.4.1
751 silly fetch manifest type-check@~0.4.0
752 silly packumentCache full:https://registry.npmjs.org/type-check cache-miss
753 http cache https://registry.npmjs.org/type-check 1ms (cache hit)
754 silly packumentCache full:https://registry.npmjs.org/type-check set size:21221 disposed:false
755 silly placeDep ROOT @humanfs/core@0.19.1 OK for: @humanfs/node@0.16.7 want: ^0.19.1
756 silly placeDep ROOT fast-json-stable-stringify@2.1.0 OK for: ajv@6.12.6 want: ^2.0.0
757 silly placeDep ROOT json-schema-traverse@0.4.1 OK for: ajv@6.12.6 want: ^0.4.1
758 silly placeDep ROOT uri-js@4.4.1 OK for: ajv@6.12.6 want: ^4.2.2
759 silly fetch manifest punycode@^2.1.0
760 silly packumentCache full:https://registry.npmjs.org/punycode cache-miss
761 http fetch GET 200 https://registry.npmjs.org/punycode 40ms (cache miss)
762 silly packumentCache full:https://registry.npmjs.org/punycode set size:undefined disposed:false
763 silly placeDep ROOT ansi-styles@4.3.0 OK for: chalk@4.1.2 want: ^4.1.0
764 silly placeDep ROOT supports-color@7.2.0 OK for: chalk@4.1.2 want: ^7.1.0
765 silly fetch manifest color-convert@^2.0.1
766 silly packumentCache full:https://registry.npmjs.org/color-convert cache-miss
767 silly fetch manifest has-flag@^4.0.0
768 silly packumentCache full:https://registry.npmjs.org/has-flag cache-miss
769 http fetch GET 200 https://registry.npmjs.org/color-convert 31ms (cache miss)
770 silly packumentCache full:https://registry.npmjs.org/color-convert set size:undefined disposed:false
771 http fetch GET 200 https://registry.npmjs.org/has-flag 34ms (cache miss)
772 silly packumentCache full:https://registry.npmjs.org/has-flag set size:undefined disposed:false
773 silly placeDep ROOT color-convert@2.0.1 OK for: ansi-styles@4.3.0 want: ^2.0.1
774 silly fetch manifest color-name@~1.1.4
775 silly packumentCache full:https://registry.npmjs.org/color-name cache-miss
776 http fetch GET 200 https://registry.npmjs.org/color-name 34ms (cache miss)
777 silly packumentCache full:https://registry.npmjs.org/color-name set size:undefined disposed:false
778 silly placeDep ROOT color-name@1.1.4 OK for: color-convert@2.0.1 want: ~1.1.4
779 silly placeDep ROOT path-key@3.1.1 OK for: cross-spawn@7.0.6 want: ^3.1.0
780 silly placeDep ROOT shebang-command@2.0.0 OK for: cross-spawn@7.0.6 want: ^2.0.0
781 silly placeDep ROOT which@2.0.2 OK for: cross-spawn@7.0.6 want: ^2.0.1
782 silly fetch manifest shebang-regex@^3.0.0
783 silly packumentCache full:https://registry.npmjs.org/shebang-regex cache-miss
784 silly fetch manifest isexe@^2.0.0
785 silly packumentCache full:https://registry.npmjs.org/isexe cache-miss
786 http fetch GET 200 https://registry.npmjs.org/isexe 29ms (cache miss)
787 silly packumentCache full:https://registry.npmjs.org/isexe set size:undefined disposed:false
788 http fetch GET 200 https://registry.npmjs.org/shebang-regex 30ms (cache miss)
789 silly packumentCache full:https://registry.npmjs.org/shebang-regex set size:undefined disposed:false
790 silly placeDep ROOT ms@2.1.3 OK for: debug@4.4.3 want: ^2.1.3
791 silly fetch manifest eslint@>=9.0.0
792 silly packumentCache full:https://registry.npmjs.org/eslint cache-miss
793 http cache https://registry.npmjs.org/eslint 4ms (cache hit)
794 silly packumentCache full:https://registry.npmjs.org/eslint set size:1859273 disposed:false
795 silly fetch manifest typescript@>=3.3.1
796 silly packumentCache full:https://registry.npmjs.org/typescript cache-miss
797 http cache https://registry.npmjs.org/typescript 23ms (cache hit)
798 silly packumentCache full:https://registry.npmjs.org/typescript set size:14919089 disposed:false
799 silly fetch manifest eslint-plugin-import-x@*
800 silly packumentCache full:https://registry.npmjs.org/eslint-plugin-import-x cache-miss
801 http fetch GET 200 https://registry.npmjs.org/eslint-plugin-import-x 46ms (cache miss)
802 silly packumentCache full:https://registry.npmjs.org/eslint-plugin-import-x set size:undefined disposed:false
803 silly fetch manifest @typescript-eslint/utils@^8.0.0
804 silly packumentCache full:https://registry.npmjs.org/@typescript-eslint%2futils cache-miss
805 http fetch GET 200 https://registry.npmjs.org/@typescript-eslint%2futils 167ms (cache miss)
806 silly packumentCache full:https://registry.npmjs.org/@typescript-eslint%2futils set size:undefined disposed:false
807 silly placeDep ROOT @next/eslint-plugin-next@16.0.3 OK for: eslint-config-next@16.0.3 want: 16.0.3
808 silly placeDep ROOT eslint-import-resolver-node@0.3.9 OK for: eslint-config-next@16.0.3 want: ^0.3.6
809 silly placeDep ROOT eslint-import-resolver-typescript@3.10.1 OK for: eslint-config-next@16.0.3 want: ^3.5.2
810 silly placeDep ROOT eslint-plugin-import@2.32.0 OK for: eslint-config-next@16.0.3 want: ^2.32.0
811 silly placeDep ROOT eslint-plugin-jsx-a11y@6.10.2 OK for: eslint-config-next@16.0.3 want: ^6.10.0
812 silly placeDep ROOT eslint-plugin-react@7.37.5 OK for: eslint-config-next@16.0.3 want: ^7.37.0
813 silly placeDep ROOT eslint-plugin-react-hooks@7.0.1 OK for: eslint-config-next@16.0.3 want: ^7.0.0
814 silly placeDep node_modules/eslint-config-next globals@16.4.0 OK for: eslint-config-next@16.0.3 want: 16.4.0
815 silly placeDep ROOT typescript-eslint@8.47.0 OK for: eslint-config-next@16.0.3 want: ^8.46.0
816 silly fetch manifest fast-glob@3.3.1
817 silly packumentCache full:https://registry.npmjs.org/fast-glob cache-miss
818 silly fetch manifest debug@^3.2.7
819 silly packumentCache full:https://registry.npmjs.org/debug cache-hit
820 silly fetch manifest is-core-module@^2.13.0
821 silly packumentCache full:https://registry.npmjs.org/is-core-module cache-miss
822 silly fetch manifest resolve@^1.22.4
823 silly packumentCache full:https://registry.npmjs.org/resolve cache-miss
824 silly fetch manifest tinyglobby@^0.2.13
825 silly packumentCache full:https://registry.npmjs.org/tinyglobby cache-miss
826 silly fetch manifest stable-hash@^0.0.5
827 silly packumentCache full:https://registry.npmjs.org/stable-hash cache-miss
828 silly fetch manifest get-tsconfig@^4.10.0
829 silly packumentCache full:https://registry.npmjs.org/get-tsconfig cache-miss
830 silly fetch manifest is-bun-module@^2.0.0
831 silly packumentCache full:https://registry.npmjs.org/is-bun-module cache-miss
832 http fetch GET 200 https://registry.npmjs.org/tinyglobby 27ms (cache miss)
833 silly packumentCache full:https://registry.npmjs.org/tinyglobby set size:undefined disposed:false
834 silly fetch manifest unrs-resolver@^1.6.2
835 silly packumentCache full:https://registry.npmjs.org/unrs-resolver cache-miss
836 http fetch GET 200 https://registry.npmjs.org/is-core-module 29ms (cache miss)
837 silly packumentCache full:https://registry.npmjs.org/is-core-module set size:undefined disposed:false
838 silly fetch manifest @nolyfill/is-core-module@1.0.39
839 silly packumentCache full:https://registry.npmjs.org/@nolyfill%2fis-core-module cache-miss
840 http fetch GET 200 https://registry.npmjs.org/stable-hash 30ms (cache miss)
841 silly packumentCache full:https://registry.npmjs.org/stable-hash set size:undefined disposed:false
842 silly fetch manifest @rtsao/scc@^1.1.0
843 silly packumentCache full:https://registry.npmjs.org/@rtsao%2fscc cache-miss
844 http fetch GET 200 https://registry.npmjs.org/fast-glob 31ms (cache miss)
845 silly packumentCache full:https://registry.npmjs.org/fast-glob set size:undefined disposed:false
846 silly fetch manifest array-includes@^3.1.9
847 silly packumentCache full:https://registry.npmjs.org/array-includes cache-miss
848 http fetch GET 200 https://registry.npmjs.org/is-bun-module 32ms (cache miss)
849 silly packumentCache full:https://registry.npmjs.org/is-bun-module set size:undefined disposed:false
850 silly fetch manifest array.prototype.findlastindex@^1.2.6
851 silly packumentCache full:https://registry.npmjs.org/array.prototype.findlastindex cache-miss
852 http fetch GET 200 https://registry.npmjs.org/resolve 35ms (cache miss)
853 silly packumentCache full:https://registry.npmjs.org/resolve set size:undefined disposed:false
854 silly fetch manifest array.prototype.flat@^1.3.3
855 silly packumentCache full:https://registry.npmjs.org/array.prototype.flat cache-miss
856 http fetch GET 200 https://registry.npmjs.org/unrs-resolver 30ms (cache miss)
857 silly packumentCache full:https://registry.npmjs.org/unrs-resolver set size:undefined disposed:false
858 silly fetch manifest array.prototype.flatmap@^1.3.3
859 silly packumentCache full:https://registry.npmjs.org/array.prototype.flatmap cache-miss
860 http fetch GET 200 https://registry.npmjs.org/array-includes 29ms (cache miss)
861 silly packumentCache full:https://registry.npmjs.org/array-includes set size:undefined disposed:false
862 silly fetch manifest doctrine@^2.1.0
863 silly packumentCache full:https://registry.npmjs.org/doctrine cache-miss
864 http fetch GET 200 https://registry.npmjs.org/array.prototype.findlastindex 29ms (cache miss)
865 silly packumentCache full:https://registry.npmjs.org/array.prototype.findlastindex set size:undefined disposed:false
866 silly fetch manifest eslint-module-utils@^2.12.1
867 silly packumentCache full:https://registry.npmjs.org/eslint-module-utils cache-miss
868 http fetch GET 200 https://registry.npmjs.org/get-tsconfig 62ms (cache miss)
869 silly packumentCache full:https://registry.npmjs.org/get-tsconfig set size:undefined disposed:false
870 silly fetch manifest hasown@^2.0.2
871 silly packumentCache full:https://registry.npmjs.org/hasown cache-miss
872 http fetch GET 200 https://registry.npmjs.org/array.prototype.flat 34ms (cache miss)
873 silly packumentCache full:https://registry.npmjs.org/array.prototype.flat set size:undefined disposed:false
874 silly fetch manifest is-core-module@^2.16.1
875 silly packumentCache full:https://registry.npmjs.org/is-core-module cache-miss
876 http cache https://registry.npmjs.org/is-core-module 1ms (cache hit)
877 silly packumentCache full:https://registry.npmjs.org/is-core-module set size:71788 disposed:false
878 silly fetch manifest object.fromentries@^2.0.8
879 silly packumentCache full:https://registry.npmjs.org/object.fromentries cache-miss
880 http fetch GET 200 https://registry.npmjs.org/@rtsao%2fscc 43ms (cache miss)
881 silly packumentCache full:https://registry.npmjs.org/@rtsao%2fscc set size:undefined disposed:false
882 silly fetch manifest object.groupby@^1.0.3
883 silly packumentCache full:https://registry.npmjs.org/object.groupby cache-miss
884 http fetch GET 200 https://registry.npmjs.org/@nolyfill%2fis-core-module 46ms (cache miss)
885 silly packumentCache full:https://registry.npmjs.org/@nolyfill%2fis-core-module set size:undefined disposed:false
886 silly fetch manifest object.values@^1.2.1
887 silly packumentCache full:https://registry.npmjs.org/object.values cache-miss
888 http fetch GET 200 https://registry.npmjs.org/array.prototype.flatmap 28ms (cache miss)
889 silly packumentCache full:https://registry.npmjs.org/array.prototype.flatmap set size:undefined disposed:false
890 silly fetch manifest semver@^6.3.1
891 silly packumentCache full:https://registry.npmjs.org/semver cache-miss
892 http fetch GET 200 https://registry.npmjs.org/doctrine 27ms (cache miss)
893 silly packumentCache full:https://registry.npmjs.org/doctrine set size:undefined disposed:false
894 silly fetch manifest string.prototype.trimend@^1.0.9
895 silly packumentCache full:https://registry.npmjs.org/string.prototype.trimend cache-miss
896 http fetch GET 200 https://registry.npmjs.org/object.fromentries 28ms (cache miss)
897 silly packumentCache full:https://registry.npmjs.org/object.fromentries set size:undefined disposed:false
898 silly fetch manifest tsconfig-paths@^3.15.0
899 silly packumentCache full:https://registry.npmjs.org/tsconfig-paths cache-miss
900 http fetch GET 200 https://registry.npmjs.org/object.values 26ms (cache miss)
901 silly packumentCache full:https://registry.npmjs.org/object.values set size:undefined disposed:false
902 silly fetch manifest aria-query@^5.3.2
903 silly packumentCache full:https://registry.npmjs.org/aria-query cache-miss
904 http fetch GET 200 https://registry.npmjs.org/object.groupby 32ms (cache miss)
905 silly packumentCache full:https://registry.npmjs.org/object.groupby set size:undefined disposed:false
906 silly fetch manifest array-includes@^3.1.8
907 silly packumentCache full:https://registry.npmjs.org/array-includes cache-miss
908 http cache https://registry.npmjs.org/array-includes 1ms (cache hit)
909 silly packumentCache full:https://registry.npmjs.org/array-includes set size:77143 disposed:false
910 silly fetch manifest array.prototype.flatmap@^1.3.2
911 silly packumentCache full:https://registry.npmjs.org/array.prototype.flatmap cache-miss
912 http cache https://registry.npmjs.org/array.prototype.flatmap 1ms (cache hit)
913 silly packumentCache full:https://registry.npmjs.org/array.prototype.flatmap set size:51458 disposed:false
914 silly fetch manifest ast-types-flow@^0.0.8
915 silly packumentCache full:https://registry.npmjs.org/ast-types-flow cache-miss
916 http fetch GET 200 https://registry.npmjs.org/semver 25ms (cache miss)
917 silly packumentCache full:https://registry.npmjs.org/semver set size:undefined disposed:false
918 silly fetch manifest axe-core@^4.10.0
919 silly packumentCache full:https://registry.npmjs.org/axe-core cache-miss
920 http fetch GET 200 https://registry.npmjs.org/string.prototype.trimend 27ms (cache miss)
921 silly packumentCache full:https://registry.npmjs.org/string.prototype.trimend set size:undefined disposed:false
922 silly fetch manifest axobject-query@^4.1.0
923 silly packumentCache full:https://registry.npmjs.org/axobject-query cache-miss
924 http fetch GET 200 https://registry.npmjs.org/hasown 63ms (cache miss)
925 silly packumentCache full:https://registry.npmjs.org/hasown set size:undefined disposed:false
926 silly fetch manifest damerau-levenshtein@^1.0.8
927 silly packumentCache full:https://registry.npmjs.org/damerau-levenshtein cache-miss
928 http fetch GET 200 https://registry.npmjs.org/tsconfig-paths 31ms (cache miss)
929 silly packumentCache full:https://registry.npmjs.org/tsconfig-paths set size:undefined disposed:false
930 silly fetch manifest emoji-regex@^9.2.2
931 silly packumentCache full:https://registry.npmjs.org/emoji-regex cache-miss
932 http fetch GET 200 https://registry.npmjs.org/aria-query 34ms (cache miss)
933 silly packumentCache full:https://registry.npmjs.org/aria-query set size:undefined disposed:false
934 silly fetch manifest jsx-ast-utils@^3.3.5
935 silly packumentCache full:https://registry.npmjs.org/jsx-ast-utils cache-miss
936 http fetch GET 200 https://registry.npmjs.org/eslint-module-utils 75ms (cache miss)
937 silly packumentCache full:https://registry.npmjs.org/eslint-module-utils set size:undefined disposed:false
938 silly fetch manifest language-tags@^1.0.9
939 silly packumentCache full:https://registry.npmjs.org/language-tags cache-miss
940 http fetch GET 200 https://registry.npmjs.org/axobject-query 25ms (cache miss)
941 silly packumentCache full:https://registry.npmjs.org/axobject-query set size:undefined disposed:false
942 silly fetch manifest safe-regex-test@^1.0.3
943 silly packumentCache full:https://registry.npmjs.org/safe-regex-test cache-miss
944 http fetch GET 200 https://registry.npmjs.org/ast-types-flow 39ms (cache miss)
945 silly packumentCache full:https://registry.npmjs.org/ast-types-flow set size:undefined disposed:false
946 silly fetch manifest string.prototype.includes@^2.0.1
947 silly packumentCache full:https://registry.npmjs.org/string.prototype.includes cache-miss
948 http fetch GET 200 https://registry.npmjs.org/damerau-levenshtein 27ms (cache miss)
949 silly packumentCache full:https://registry.npmjs.org/damerau-levenshtein set size:undefined disposed:false
950 silly fetch manifest array.prototype.findlast@^1.2.5
951 silly packumentCache full:https://registry.npmjs.org/array.prototype.findlast cache-miss
952 http fetch GET 200 https://registry.npmjs.org/emoji-regex 31ms (cache miss)
953 silly packumentCache full:https://registry.npmjs.org/emoji-regex set size:undefined disposed:false
954 silly fetch manifest array.prototype.tosorted@^1.1.4
955 silly packumentCache full:https://registry.npmjs.org/array.prototype.tosorted cache-miss
956 http fetch GET 200 https://registry.npmjs.org/jsx-ast-utils 29ms (cache miss)
957 silly packumentCache full:https://registry.npmjs.org/jsx-ast-utils set size:undefined disposed:false
958 silly fetch manifest es-iterator-helpers@^1.2.1
959 silly packumentCache full:https://registry.npmjs.org/es-iterator-helpers cache-miss
960 http fetch GET 200 https://registry.npmjs.org/array.prototype.findlast 26ms (cache miss)
961 silly packumentCache full:https://registry.npmjs.org/array.prototype.findlast set size:undefined disposed:false
962 silly fetch manifest estraverse@^5.3.0
963 silly packumentCache full:https://registry.npmjs.org/estraverse cache-miss
964 http fetch GET 200 https://registry.npmjs.org/string.prototype.includes 32ms (cache miss)
965 silly packumentCache full:https://registry.npmjs.org/string.prototype.includes set size:undefined disposed:false
966 silly fetch manifest jsx-ast-utils@^2.4.1 || ^3.0.0
967 silly packumentCache full:https://registry.npmjs.org/jsx-ast-utils cache-miss
968 http cache https://registry.npmjs.org/estraverse 3ms (cache hit)
969 silly packumentCache full:https://registry.npmjs.org/estraverse set size:62412 disposed:false
970 silly fetch manifest object.entries@^1.1.9
971 silly packumentCache full:https://registry.npmjs.org/object.entries cache-miss
972 http cache https://registry.npmjs.org/jsx-ast-utils 3ms (cache hit)
973 silly packumentCache full:https://registry.npmjs.org/jsx-ast-utils set size:115998 disposed:false
974 silly fetch manifest prop-types@^15.8.1
975 silly packumentCache full:https://registry.npmjs.org/prop-types cache-miss
976 http fetch GET 200 https://registry.npmjs.org/array.prototype.tosorted 25ms (cache miss)
977 silly packumentCache full:https://registry.npmjs.org/array.prototype.tosorted set size:undefined disposed:false
978 silly fetch manifest resolve@^2.0.0-next.5
979 silly packumentCache full:https://registry.npmjs.org/resolve cache-miss
980 http fetch GET 200 https://registry.npmjs.org/language-tags 53ms (cache miss)
981 silly packumentCache full:https://registry.npmjs.org/language-tags set size:undefined disposed:false
982 silly fetch manifest string.prototype.matchall@^4.0.12
983 silly packumentCache full:https://registry.npmjs.org/string.prototype.matchall cache-miss
984 http cache https://registry.npmjs.org/resolve 2ms (cache hit)
985 silly packumentCache full:https://registry.npmjs.org/resolve set size:246681 disposed:false
986 silly fetch manifest string.prototype.repeat@^1.0.0
987 silly packumentCache full:https://registry.npmjs.org/string.prototype.repeat cache-miss
988 http fetch GET 200 https://registry.npmjs.org/safe-regex-test 53ms (cache miss)
989 silly packumentCache full:https://registry.npmjs.org/safe-regex-test set size:undefined disposed:false
990 silly fetch manifest zod@^3.25.0 || ^4.0.0
991 silly packumentCache full:https://registry.npmjs.org/zod cache-miss
992 http fetch GET 200 https://registry.npmjs.org/es-iterator-helpers 39ms (cache miss)
993 silly packumentCache full:https://registry.npmjs.org/es-iterator-helpers set size:undefined disposed:false
994 silly fetch manifest @babel/core@^7.24.4
995 silly packumentCache full:https://registry.npmjs.org/@babel%2fcore cache-miss
996 http fetch GET 200 https://registry.npmjs.org/prop-types 29ms (cache miss)
997 silly packumentCache full:https://registry.npmjs.org/prop-types set size:undefined disposed:false
998 silly fetch manifest @babel/parser@^7.24.4
999 silly packumentCache full:https://registry.npmjs.org/@babel%2fparser cache-miss
1000 http fetch GET 200 https://registry.npmjs.org/object.entries 32ms (cache miss)
1001 silly packumentCache full:https://registry.npmjs.org/object.entries set size:undefined disposed:false
1002 silly fetch manifest hermes-parser@^0.25.1
1003 silly packumentCache full:https://registry.npmjs.org/hermes-parser cache-miss
1004 http fetch GET 200 https://registry.npmjs.org/string.prototype.matchall 26ms (cache miss)
1005 silly packumentCache full:https://registry.npmjs.org/string.prototype.matchall set size:undefined disposed:false
1006 silly fetch manifest zod-validation-error@^3.5.0 || ^4.0.0
1007 silly packumentCache full:https://registry.npmjs.org/zod-validation-error cache-miss
1008 http fetch GET 200 https://registry.npmjs.org/axe-core 124ms (cache miss)
1009 silly packumentCache full:https://registry.npmjs.org/axe-core set size:undefined disposed:false
1010 silly fetch manifest @typescript-eslint/utils@8.47.0
1011 silly packumentCache full:https://registry.npmjs.org/@typescript-eslint%2futils cache-miss
1012 http fetch GET 200 https://registry.npmjs.org/string.prototype.repeat 74ms (cache miss)
1013 silly packumentCache full:https://registry.npmjs.org/string.prototype.repeat set size:undefined disposed:false
1014 silly fetch manifest @typescript-eslint/parser@8.47.0
1015 silly packumentCache full:https://registry.npmjs.org/@typescript-eslint%2fparser cache-miss
1016 http fetch GET 200 https://registry.npmjs.org/zod-validation-error 52ms (cache miss)
1017 silly packumentCache full:https://registry.npmjs.org/zod-validation-error set size:undefined disposed:false
1018 silly fetch manifest @typescript-eslint/eslint-plugin@8.47.0
1019 silly packumentCache full:https://registry.npmjs.org/@typescript-eslint%2feslint-plugin cache-miss
1020 http cache https://registry.npmjs.org/@typescript-eslint%2futils 17ms (cache hit)
1021 silly packumentCache full:https://registry.npmjs.org/@typescript-eslint%2futils set size:9307141 disposed:false
1022 silly fetch manifest @typescript-eslint/typescript-estree@8.47.0
1023 silly packumentCache full:https://registry.npmjs.org/@typescript-eslint%2ftypescript-estree cache-miss
1024 http fetch GET 200 https://registry.npmjs.org/hermes-parser 85ms (cache miss)
1025 silly packumentCache full:https://registry.npmjs.org/hermes-parser set size:undefined disposed:false
1026 http fetch GET 200 https://registry.npmjs.org/@babel%2fparser 90ms (cache miss)
1027 silly packumentCache full:https://registry.npmjs.org/@babel%2fparser set size:undefined disposed:false
1028 http fetch GET 200 https://registry.npmjs.org/@babel%2fcore 100ms (cache miss)
1029 silly packumentCache full:https://registry.npmjs.org/@babel%2fcore set size:undefined disposed:false
1030 http fetch GET 200 https://registry.npmjs.org/zod 123ms (cache miss)
1031 silly packumentCache full:https://registry.npmjs.org/zod set size:undefined disposed:false
1032 http fetch GET 200 https://registry.npmjs.org/@typescript-eslint%2fparser 254ms (cache miss)
1033 silly packumentCache full:https://registry.npmjs.org/@typescript-eslint%2fparser set size:undefined disposed:false
1034 http fetch GET 200 https://registry.npmjs.org/@typescript-eslint%2feslint-plugin 335ms (cache miss)
1035 silly packumentCache full:https://registry.npmjs.org/@typescript-eslint%2feslint-plugin set size:undefined disposed:false
1036 http fetch GET 200 https://registry.npmjs.org/@typescript-eslint%2ftypescript-estree 684ms (cache miss)
1037 silly packumentCache full:https://registry.npmjs.org/@typescript-eslint%2ftypescript-estree set size:undefined disposed:false
1038 silly placeDep ROOT fast-glob@3.3.1 OK for: @next/eslint-plugin-next@16.0.3 want: 3.3.1
1039 silly fetch manifest merge2@^1.3.0
1040 silly packumentCache full:https://registry.npmjs.org/merge2 cache-miss
1041 silly fetch manifest micromatch@^4.0.4
1042 silly packumentCache full:https://registry.npmjs.org/micromatch cache-miss
1043 silly fetch manifest glob-parent@^5.1.2
1044 silly packumentCache full:https://registry.npmjs.org/glob-parent cache-miss
1045 silly fetch manifest @nodelib/fs.stat@^2.0.2
1046 silly packumentCache full:https://registry.npmjs.org/@nodelib%2ffs.stat cache-miss
1047 silly fetch manifest @nodelib/fs.walk@^1.2.3
1048 silly packumentCache full:https://registry.npmjs.org/@nodelib%2ffs.walk cache-miss
1049 http cache https://registry.npmjs.org/glob-parent 7ms (cache hit)
1050 silly packumentCache full:https://registry.npmjs.org/glob-parent set size:42445 disposed:false
1051 http fetch GET 200 https://registry.npmjs.org/merge2 27ms (cache miss)
1052 silly packumentCache full:https://registry.npmjs.org/merge2 set size:undefined disposed:false
1053 http fetch GET 200 https://registry.npmjs.org/micromatch 37ms (cache miss)
1054 silly packumentCache full:https://registry.npmjs.org/micromatch set size:undefined disposed:false
1055 http fetch GET 200 https://registry.npmjs.org/@nodelib%2ffs.stat 44ms (cache miss)
1056 silly packumentCache full:https://registry.npmjs.org/@nodelib%2ffs.stat set size:undefined disposed:false
1057 http fetch GET 200 https://registry.npmjs.org/@nodelib%2ffs.walk 52ms (cache miss)
1058 silly packumentCache full:https://registry.npmjs.org/@nodelib%2ffs.walk set size:undefined disposed:false
1059 silly placeDep node_modules/eslint-import-resolver-node debug@3.2.7 OK for: eslint-import-resolver-node@0.3.9 want: ^3.2.7
1060 silly placeDep ROOT is-core-module@2.16.1 OK for: eslint-import-resolver-node@0.3.9 want: ^2.13.0
1061 silly placeDep ROOT resolve@1.22.11 OK for: eslint-import-resolver-node@0.3.9 want: ^1.22.4
1062 silly fetch manifest path-parse@^1.0.7
1063 silly packumentCache full:https://registry.npmjs.org/path-parse cache-miss
1064 silly fetch manifest supports-preserve-symlinks-flag@^1.0.0
1065 silly packumentCache full:https://registry.npmjs.org/supports-preserve-symlinks-flag cache-miss
1066 http fetch GET 200 https://registry.npmjs.org/supports-preserve-symlinks-flag 30ms (cache miss)
1067 silly packumentCache full:https://registry.npmjs.org/supports-preserve-symlinks-flag set size:undefined disposed:false
1068 http fetch GET 200 https://registry.npmjs.org/path-parse 30ms (cache miss)
1069 silly packumentCache full:https://registry.npmjs.org/path-parse set size:undefined disposed:false
1070 silly placeDep ROOT @nolyfill/is-core-module@1.0.39 OK for: eslint-import-resolver-typescript@3.10.1 want: 1.0.39
1071 silly placeDep ROOT get-tsconfig@4.13.0 OK for: eslint-import-resolver-typescript@3.10.1 want: ^4.10.0
1072 silly placeDep ROOT is-bun-module@2.0.0 OK for: eslint-import-resolver-typescript@3.10.1 want: ^2.0.0
1073 silly placeDep ROOT stable-hash@0.0.5 OK for: eslint-import-resolver-typescript@3.10.1 want: ^0.0.5
1074 silly placeDep ROOT tinyglobby@0.2.15 OK for: eslint-import-resolver-typescript@3.10.1 want: ^0.2.13
1075 silly placeDep ROOT unrs-resolver@1.11.1 OK for: eslint-import-resolver-typescript@3.10.1 want: ^1.6.2
1076 silly fetch manifest resolve-pkg-maps@^1.0.0
1077 silly packumentCache full:https://registry.npmjs.org/resolve-pkg-maps cache-miss
1078 silly fetch manifest semver@^7.7.1
1079 silly packumentCache full:https://registry.npmjs.org/semver cache-miss
1080 silly fetch manifest fdir@^6.5.0
1081 silly packumentCache full:https://registry.npmjs.org/fdir cache-miss
1082 silly fetch manifest picomatch@^4.0.3
1083 silly packumentCache full:https://registry.npmjs.org/picomatch cache-miss
1084 silly fetch manifest napi-postinstall@^0.3.0
1085 silly packumentCache full:https://registry.npmjs.org/napi-postinstall cache-miss
1086 silly fetch manifest @unrs/resolver-binding-win32-x64-msvc@1.11.1
1087 silly packumentCache full:https://registry.npmjs.org/@unrs%2fresolver-binding-win32-x64-msvc cache-miss
1088 silly fetch manifest @unrs/resolver-binding-win32-arm64-msvc@1.11.1
1089 silly packumentCache full:https://registry.npmjs.org/@unrs%2fresolver-binding-win32-arm64-msvc cache-miss
1090 http cache https://registry.npmjs.org/semver 3ms (cache hit)
1091 silly packumentCache full:https://registry.npmjs.org/semver set size:226907 disposed:false
1092 silly fetch manifest @unrs/resolver-binding-win32-ia32-msvc@1.11.1
1093 silly packumentCache full:https://registry.npmjs.org/@unrs%2fresolver-binding-win32-ia32-msvc cache-miss
1094 http fetch GET 200 https://registry.npmjs.org/picomatch 26ms (cache miss)
1095 silly packumentCache full:https://registry.npmjs.org/picomatch set size:undefined disposed:false
1096 silly fetch manifest @unrs/resolver-binding-linux-x64-gnu@1.11.1
1097 silly packumentCache full:https://registry.npmjs.org/@unrs%2fresolver-binding-linux-x64-gnu cache-miss
1098 http fetch GET 200 https://registry.npmjs.org/fdir 27ms (cache miss)
1099 silly packumentCache full:https://registry.npmjs.org/fdir set size:undefined disposed:false
1100 silly fetch manifest @unrs/resolver-binding-linux-x64-musl@1.11.1
1101 silly packumentCache full:https://registry.npmjs.org/@unrs%2fresolver-binding-linux-x64-musl cache-miss
1102 http fetch GET 200 https://registry.npmjs.org/napi-postinstall 47ms (cache miss)
1103 silly packumentCache full:https://registry.npmjs.org/napi-postinstall set size:undefined disposed:false
1104 silly fetch manifest @unrs/resolver-binding-freebsd-x64@1.11.1
1105 silly packumentCache full:https://registry.npmjs.org/@unrs%2fresolver-binding-freebsd-x64 cache-miss
1106 http fetch GET 200 https://registry.npmjs.org/@unrs%2fresolver-binding-win32-ia32-msvc 44ms (cache miss)
1107 silly packumentCache full:https://registry.npmjs.org/@unrs%2fresolver-binding-win32-ia32-msvc set size:undefined disposed:false
1108 silly fetch manifest @unrs/resolver-binding-android-arm64@1.11.1
1109 silly packumentCache full:https://registry.npmjs.org/@unrs%2fresolver-binding-android-arm64 cache-miss
1110 http fetch GET 200 https://registry.npmjs.org/resolve-pkg-maps 53ms (cache miss)
1111 silly packumentCache full:https://registry.npmjs.org/resolve-pkg-maps set size:undefined disposed:false
1112 silly fetch manifest @unrs/resolver-binding-linux-arm64-gnu@1.11.1
1113 silly packumentCache full:https://registry.npmjs.org/@unrs%2fresolver-binding-linux-arm64-gnu cache-miss
1114 http fetch GET 200 https://registry.npmjs.org/@unrs%2fresolver-binding-win32-x64-msvc 53ms (cache miss)
1115 silly packumentCache full:https://registry.npmjs.org/@unrs%2fresolver-binding-win32-x64-msvc set size:undefined disposed:false
1116 silly fetch manifest @unrs/resolver-binding-linux-arm64-musl@1.11.1
1117 silly packumentCache full:https://registry.npmjs.org/@unrs%2fresolver-binding-linux-arm64-musl cache-miss
1118 http fetch GET 200 https://registry.npmjs.org/@unrs%2fresolver-binding-win32-arm64-msvc 53ms (cache miss)
1119 silly packumentCache full:https://registry.npmjs.org/@unrs%2fresolver-binding-win32-arm64-msvc set size:undefined disposed:false
1120 silly fetch manifest @unrs/resolver-binding-android-arm-eabi@1.11.1
1121 silly packumentCache full:https://registry.npmjs.org/@unrs%2fresolver-binding-android-arm-eabi cache-miss
1122 http fetch GET 200 https://registry.npmjs.org/@unrs%2fresolver-binding-android-arm64 41ms (cache miss)
1123 silly packumentCache full:https://registry.npmjs.org/@unrs%2fresolver-binding-android-arm64 set size:undefined disposed:false
1124 silly fetch manifest @unrs/resolver-binding-linux-arm-gnueabihf@1.11.1
1125 silly packumentCache full:https://registry.npmjs.org/@unrs%2fresolver-binding-linux-arm-gnueabihf cache-miss
1126 http fetch GET 200 https://registry.npmjs.org/@unrs%2fresolver-binding-android-arm-eabi 43ms (cache miss)
1127 silly packumentCache full:https://registry.npmjs.org/@unrs%2fresolver-binding-android-arm-eabi set size:undefined disposed:false
1128 silly fetch manifest @unrs/resolver-binding-linux-arm-musleabihf@1.11.1
1129 silly packumentCache full:https://registry.npmjs.org/@unrs%2fresolver-binding-linux-arm-musleabihf cache-miss
1130 http fetch GET 200 https://registry.npmjs.org/@unrs%2fresolver-binding-freebsd-x64 51ms (cache miss)
1131 silly packumentCache full:https://registry.npmjs.org/@unrs%2fresolver-binding-freebsd-x64 set size:undefined disposed:false
1132 silly fetch manifest @unrs/resolver-binding-linux-ppc64-gnu@1.11.1
1133 silly packumentCache full:https://registry.npmjs.org/@unrs%2fresolver-binding-linux-ppc64-gnu cache-miss
1134 http fetch GET 200 https://registry.npmjs.org/@unrs%2fresolver-binding-linux-arm64-musl 47ms (cache miss)
1135 silly packumentCache full:https://registry.npmjs.org/@unrs%2fresolver-binding-linux-arm64-musl set size:undefined disposed:false
1136 silly fetch manifest @unrs/resolver-binding-linux-riscv64-gnu@1.11.1
1137 silly packumentCache full:https://registry.npmjs.org/@unrs%2fresolver-binding-linux-riscv64-gnu cache-miss
1138 http fetch GET 200 https://registry.npmjs.org/@unrs%2fresolver-binding-linux-x64-gnu 91ms (cache miss)
1139 silly packumentCache full:https://registry.npmjs.org/@unrs%2fresolver-binding-linux-x64-gnu set size:undefined disposed:false
1140 silly fetch manifest @unrs/resolver-binding-linux-riscv64-musl@1.11.1
1141 silly packumentCache full:https://registry.npmjs.org/@unrs%2fresolver-binding-linux-riscv64-musl cache-miss
1142 http fetch GET 200 https://registry.npmjs.org/@unrs%2fresolver-binding-linux-arm64-gnu 67ms (cache miss)
1143 silly packumentCache full:https://registry.npmjs.org/@unrs%2fresolver-binding-linux-arm64-gnu set size:undefined disposed:false
1144 silly fetch manifest @unrs/resolver-binding-linux-s390x-gnu@1.11.1
1145 silly packumentCache full:https://registry.npmjs.org/@unrs%2fresolver-binding-linux-s390x-gnu cache-miss
1146 http fetch GET 200 https://registry.npmjs.org/@unrs%2fresolver-binding-linux-x64-musl 90ms (cache miss)
1147 silly packumentCache full:https://registry.npmjs.org/@unrs%2fresolver-binding-linux-x64-musl set size:undefined disposed:false
1148 silly fetch manifest @unrs/resolver-binding-darwin-x64@1.11.1
1149 silly packumentCache full:https://registry.npmjs.org/@unrs%2fresolver-binding-darwin-x64 cache-miss
1150 http fetch GET 200 https://registry.npmjs.org/@unrs%2fresolver-binding-linux-ppc64-gnu 87ms (cache miss)
1151 silly packumentCache full:https://registry.npmjs.org/@unrs%2fresolver-binding-linux-ppc64-gnu set size:undefined disposed:false
1152 silly fetch manifest @unrs/resolver-binding-darwin-arm64@1.11.1
1153 silly packumentCache full:https://registry.npmjs.org/@unrs%2fresolver-binding-darwin-arm64 cache-miss
1154 http fetch GET 200 https://registry.npmjs.org/@unrs%2fresolver-binding-linux-s390x-gnu 77ms (cache miss)
1155 silly packumentCache full:https://registry.npmjs.org/@unrs%2fresolver-binding-linux-s390x-gnu set size:undefined disposed:false
1156 silly fetch manifest @unrs/resolver-binding-wasm32-wasi@1.11.1
1157 silly packumentCache full:https://registry.npmjs.org/@unrs%2fresolver-binding-wasm32-wasi cache-miss
1158 http fetch GET 200 https://registry.npmjs.org/@unrs%2fresolver-binding-linux-riscv64-gnu 114ms (cache miss)
1159 silly packumentCache full:https://registry.npmjs.org/@unrs%2fresolver-binding-linux-riscv64-gnu set size:undefined disposed:false
1160 http fetch GET 200 https://registry.npmjs.org/@unrs%2fresolver-binding-linux-arm-gnueabihf 128ms (cache miss)
1161 silly packumentCache full:https://registry.npmjs.org/@unrs%2fresolver-binding-linux-arm-gnueabihf set size:undefined disposed:false
1162 http fetch GET 200 https://registry.npmjs.org/@unrs%2fresolver-binding-darwin-x64 113ms (cache miss)
1163 silly packumentCache full:https://registry.npmjs.org/@unrs%2fresolver-binding-darwin-x64 set size:undefined disposed:false
1164 http fetch GET 200 https://registry.npmjs.org/@unrs%2fresolver-binding-linux-arm-musleabihf 136ms (cache miss)
1165 silly packumentCache full:https://registry.npmjs.org/@unrs%2fresolver-binding-linux-arm-musleabihf set size:undefined disposed:false
1166 http fetch GET 200 https://registry.npmjs.org/@unrs%2fresolver-binding-linux-riscv64-musl 116ms (cache miss)
1167 silly packumentCache full:https://registry.npmjs.org/@unrs%2fresolver-binding-linux-riscv64-musl set size:undefined disposed:false
1168 http fetch GET 200 https://registry.npmjs.org/@unrs%2fresolver-binding-darwin-arm64 48ms (cache miss)
1169 silly packumentCache full:https://registry.npmjs.org/@unrs%2fresolver-binding-darwin-arm64 set size:undefined disposed:false
1170 http fetch GET 200 https://registry.npmjs.org/@unrs%2fresolver-binding-wasm32-wasi 70ms (cache miss)
1171 silly packumentCache full:https://registry.npmjs.org/@unrs%2fresolver-binding-wasm32-wasi set size:undefined disposed:false
1172 silly placeDep ROOT @rtsao/scc@1.1.0 OK for: eslint-plugin-import@2.32.0 want: ^1.1.0
1173 silly placeDep ROOT array-includes@3.1.9 OK for: eslint-plugin-import@2.32.0 want: ^3.1.9
1174 silly placeDep ROOT array.prototype.findlastindex@1.2.6 OK for: eslint-plugin-import@2.32.0 want: ^1.2.6
1175 silly placeDep ROOT array.prototype.flat@1.3.3 OK for: eslint-plugin-import@2.32.0 want: ^1.3.3
1176 silly placeDep ROOT array.prototype.flatmap@1.3.3 OK for: eslint-plugin-import@2.32.0 want: ^1.3.3
1177 silly placeDep node_modules/eslint-plugin-import debug@3.2.7 OK for: eslint-plugin-import@2.32.0 want: ^3.2.7
1178 silly placeDep ROOT doctrine@2.1.0 OK for: eslint-plugin-import@2.32.0 want: ^2.1.0
1179 silly placeDep ROOT eslint-module-utils@2.12.1 OK for: eslint-plugin-import@2.32.0 want: ^2.12.1
1180 silly placeDep ROOT hasown@2.0.2 OK for: eslint-plugin-import@2.32.0 want: ^2.0.2
1181 silly placeDep ROOT object.fromentries@2.0.8 OK for: eslint-plugin-import@2.32.0 want: ^2.0.8
1182 silly placeDep ROOT object.groupby@1.0.3 OK for: eslint-plugin-import@2.32.0 want: ^1.0.3
1183 silly placeDep ROOT object.values@1.2.1 OK for: eslint-plugin-import@2.32.0 want: ^1.2.1
1184 silly placeDep ROOT semver@6.3.1 OK for: eslint-plugin-import@2.32.0 want: ^6.3.1
1185 silly placeDep ROOT string.prototype.trimend@1.0.9 OK for: eslint-plugin-import@2.32.0 want: ^1.0.9
1186 silly placeDep ROOT tsconfig-paths@3.15.0 OK for: eslint-plugin-import@2.32.0 want: ^3.15.0
1187 silly fetch manifest call-bind@^1.0.8
1188 silly packumentCache full:https://registry.npmjs.org/call-bind cache-miss
1189 silly fetch manifest call-bound@^1.0.4
1190 silly packumentCache full:https://registry.npmjs.org/call-bound cache-miss
1191 silly fetch manifest define-properties@^1.2.1
1192 silly packumentCache full:https://registry.npmjs.org/define-properties cache-miss
1193 silly fetch manifest es-abstract@^1.24.0
1194 silly packumentCache full:https://registry.npmjs.org/es-abstract cache-miss
1195 silly fetch manifest es-object-atoms@^1.1.1
1196 silly packumentCache full:https://registry.npmjs.org/es-object-atoms cache-miss
1197 silly fetch manifest get-intrinsic@^1.3.0
1198 silly packumentCache full:https://registry.npmjs.org/get-intrinsic cache-miss
1199 silly fetch manifest is-string@^1.1.1
1200 silly packumentCache full:https://registry.npmjs.org/is-string cache-miss
1201 http fetch GET 200 https://registry.npmjs.org/call-bound 26ms (cache miss)
1202 silly packumentCache full:https://registry.npmjs.org/call-bound set size:undefined disposed:false
1203 silly fetch manifest math-intrinsics@^1.1.0
1204 silly packumentCache full:https://registry.npmjs.org/math-intrinsics cache-miss
1205 http fetch GET 200 https://registry.npmjs.org/get-intrinsic 27ms (cache miss)
1206 silly packumentCache full:https://registry.npmjs.org/get-intrinsic set size:undefined disposed:false
1207 silly fetch manifest call-bind@^1.0.8
1208 silly packumentCache full:https://registry.npmjs.org/call-bind cache-miss
1209 http fetch GET 200 https://registry.npmjs.org/call-bind 31ms (cache miss)
1210 silly packumentCache full:https://registry.npmjs.org/call-bind set size:undefined disposed:false
1211 silly fetch manifest define-properties@^1.2.1
1212 silly packumentCache full:https://registry.npmjs.org/define-properties cache-miss
1213 http fetch GET 200 https://registry.npmjs.org/es-abstract 35ms (cache miss)
1214 silly packumentCache full:https://registry.npmjs.org/es-abstract set size:undefined disposed:false
1215 silly fetch manifest es-abstract@^1.23.9
1216 silly packumentCache full:https://registry.npmjs.org/es-abstract cache-miss
1217 http fetch GET 200 https://registry.npmjs.org/is-string 41ms (cache miss)
1218 silly packumentCache full:https://registry.npmjs.org/is-string set size:undefined disposed:false
1219 silly fetch manifest es-errors@^1.3.0
1220 silly packumentCache full:https://registry.npmjs.org/es-errors cache-miss
1221 http fetch GET 200 https://registry.npmjs.org/define-properties 43ms (cache miss)
1222 silly packumentCache full:https://registry.npmjs.org/define-properties set size:undefined disposed:false
1223 silly fetch manifest es-object-atoms@^1.1.1
1224 silly packumentCache full:https://registry.npmjs.org/es-object-atoms cache-miss
1225 http cache https://registry.npmjs.org/es-abstract 5ms (cache hit)
1226 silly packumentCache full:https://registry.npmjs.org/es-abstract set size:373045 disposed:false
1227 silly fetch manifest es-shim-unscopables@^1.1.0
1228 silly packumentCache full:https://registry.npmjs.org/es-shim-unscopables cache-miss
1229 http fetch GET 200 https://registry.npmjs.org/define-properties 24ms (cache miss)
1230 silly packumentCache full:https://registry.npmjs.org/define-properties set size:undefined disposed:false
1231 silly fetch manifest es-abstract@^1.23.5
1232 silly packumentCache full:https://registry.npmjs.org/es-abstract cache-hit
1233 silly fetch manifest es-shim-unscopables@^1.0.2
1234 silly packumentCache full:https://registry.npmjs.org/es-shim-unscopables cache-miss
1235 http fetch GET 200 https://registry.npmjs.org/es-object-atoms 56ms (cache miss)
1236 silly packumentCache full:https://registry.npmjs.org/es-object-atoms set size:undefined disposed:false
1237 silly fetch manifest es-shim-unscopables@^1.0.2
1238 silly packumentCache full:https://registry.npmjs.org/es-shim-unscopables cache-miss
1239 http fetch GET 200 https://registry.npmjs.org/math-intrinsics 31ms (cache miss)
1240 silly packumentCache full:https://registry.npmjs.org/math-intrinsics set size:undefined disposed:false
1241 silly fetch manifest function-bind@^1.1.2
1242 silly packumentCache full:https://registry.npmjs.org/function-bind cache-miss
1243 http fetch GET 200 https://registry.npmjs.org/call-bind 31ms (cache miss)
1244 silly packumentCache full:https://registry.npmjs.org/call-bind set size:undefined disposed:false
1245 silly fetch manifest call-bind@^1.0.7
1246 silly packumentCache full:https://registry.npmjs.org/call-bind cache-miss
1247 http cache https://registry.npmjs.org/call-bind 1ms (cache hit)
1248 silly packumentCache full:https://registry.npmjs.org/call-bind set size:30096 disposed:false
1249 silly fetch manifest es-abstract@^1.23.2
1250 silly packumentCache full:https://registry.npmjs.org/es-abstract cache-hit
1251 silly fetch manifest es-object-atoms@^1.0.0
1252 silly packumentCache full:https://registry.npmjs.org/es-object-atoms cache-miss
1253 http cache https://registry.npmjs.org/es-object-atoms 0ms (cache hit)
1254 silly packumentCache full:https://registry.npmjs.org/es-object-atoms set size:15304 disposed:false
1255 silly fetch manifest call-bound@^1.0.3
1256 silly packumentCache full:https://registry.npmjs.org/call-bound cache-miss
1257 http cache https://registry.npmjs.org/call-bound 1ms (cache hit)
1258 silly packumentCache full:https://registry.npmjs.org/call-bound set size:15317 disposed:false
1259 silly fetch manifest call-bound@^1.0.2
1260 silly packumentCache full:https://registry.npmjs.org/call-bound cache-hit
1261 silly fetch manifest json5@^1.0.2
1262 silly packumentCache full:https://registry.npmjs.org/json5 cache-miss
1263 http fetch GET 200 https://registry.npmjs.org/es-object-atoms 26ms (cache miss)
1264 silly packumentCache full:https://registry.npmjs.org/es-object-atoms set size:undefined disposed:false
1265 silly packumentCache full:https://registry.npmjs.org/es-object-atoms dispose
1266 silly fetch manifest minimist@^1.2.6
1267 silly packumentCache full:https://registry.npmjs.org/minimist cache-miss
1268 http fetch GET 200 https://registry.npmjs.org/es-shim-unscopables 26ms (cache miss)
1269 silly packumentCache full:https://registry.npmjs.org/es-shim-unscopables set size:undefined disposed:false
1270 silly fetch manifest strip-bom@^3.0.0
1271 silly packumentCache full:https://registry.npmjs.org/strip-bom cache-miss
1272 http fetch GET 200 https://registry.npmjs.org/es-shim-unscopables 27ms (cache miss)
1273 silly packumentCache full:https://registry.npmjs.org/es-shim-unscopables set size:undefined disposed:false
1274 silly fetch manifest @types/json5@^0.0.29
1275 silly packumentCache full:https://registry.npmjs.org/@types%2fjson5 cache-miss
1276 http fetch GET 200 https://registry.npmjs.org/es-shim-unscopables 29ms (cache miss)
1277 silly packumentCache full:https://registry.npmjs.org/es-shim-unscopables set size:undefined disposed:false
1278 http fetch GET 200 https://registry.npmjs.org/es-errors 43ms (cache miss)
1279 silly packumentCache full:https://registry.npmjs.org/es-errors set size:undefined disposed:false
1280 http fetch GET 200 https://registry.npmjs.org/minimist 26ms (cache miss)
1281 silly packumentCache full:https://registry.npmjs.org/minimist set size:undefined disposed:false
1282 http fetch GET 200 https://registry.npmjs.org/strip-bom 26ms (cache miss)
1283 silly packumentCache full:https://registry.npmjs.org/strip-bom set size:undefined disposed:false
1284 http fetch GET 200 https://registry.npmjs.org/json5 37ms (cache miss)
1285 silly packumentCache full:https://registry.npmjs.org/json5 set size:undefined disposed:false
1286 http fetch GET 200 https://registry.npmjs.org/function-bind 60ms (cache miss)
1287 silly packumentCache full:https://registry.npmjs.org/function-bind set size:undefined disposed:false
1288 http fetch GET 200 https://registry.npmjs.org/@types%2fjson5 34ms (cache miss)
1289 silly packumentCache full:https://registry.npmjs.org/@types%2fjson5 set size:undefined disposed:false
1290 silly placeDep ROOT call-bind@1.0.8 OK for: array-includes@3.1.9 want: ^1.0.8
1291 silly placeDep ROOT call-bound@1.0.4 OK for: array-includes@3.1.9 want: ^1.0.4
1292 silly placeDep ROOT define-properties@1.2.1 OK for: array-includes@3.1.9 want: ^1.2.1
1293 silly placeDep ROOT es-abstract@1.24.0 OK for: array-includes@3.1.9 want: ^1.24.0
1294 silly placeDep ROOT es-object-atoms@1.1.1 OK for: array-includes@3.1.9 want: ^1.1.1
1295 silly placeDep ROOT get-intrinsic@1.3.0 OK for: array-includes@3.1.9 want: ^1.3.0
1296 silly placeDep ROOT is-string@1.1.1 OK for: array-includes@3.1.9 want: ^1.1.1
1297 silly placeDep ROOT math-intrinsics@1.1.0 OK for: array-includes@3.1.9 want: ^1.1.0
1298 silly fetch manifest call-bind-apply-helpers@^1.0.0
1299 silly packumentCache full:https://registry.npmjs.org/call-bind-apply-helpers cache-miss
1300 silly fetch manifest es-define-property@^1.0.0
1301 silly packumentCache full:https://registry.npmjs.org/es-define-property cache-miss
1302 silly fetch manifest get-intrinsic@^1.2.4
1303 silly packumentCache full:https://registry.npmjs.org/get-intrinsic cache-miss
1304 silly fetch manifest set-function-length@^1.2.2
1305 silly packumentCache full:https://registry.npmjs.org/set-function-length cache-miss
1306 silly fetch manifest call-bind-apply-helpers@^1.0.2
1307 silly packumentCache full:https://registry.npmjs.org/call-bind-apply-helpers cache-miss
1308 silly fetch manifest define-data-property@^1.0.1
1309 silly packumentCache full:https://registry.npmjs.org/define-data-property cache-miss
1310 silly fetch manifest has-property-descriptors@^1.0.0
1311 silly packumentCache full:https://registry.npmjs.org/has-property-descriptors cache-miss
1312 http cache https://registry.npmjs.org/get-intrinsic 2ms (cache hit)
1313 silly packumentCache full:https://registry.npmjs.org/get-intrinsic set size:60985 disposed:false
1314 silly fetch manifest object-keys@^1.1.1
1315 silly packumentCache full:https://registry.npmjs.org/object-keys cache-miss
1316 http fetch GET 200 https://registry.npmjs.org/es-define-property 26ms (cache miss)
1317 silly packumentCache full:https://registry.npmjs.org/es-define-property set size:undefined disposed:false
1318 silly fetch manifest array-buffer-byte-length@^1.0.2
1319 silly packumentCache full:https://registry.npmjs.org/array-buffer-byte-length cache-miss
1320 http fetch GET 200 https://registry.npmjs.org/set-function-length 26ms (cache miss)
1321 silly packumentCache full:https://registry.npmjs.org/set-function-length set size:undefined disposed:false
1322 silly fetch manifest arraybuffer.prototype.slice@^1.0.4
1323 silly packumentCache full:https://registry.npmjs.org/arraybuffer.prototype.slice cache-miss
1324 http fetch GET 200 https://registry.npmjs.org/define-data-property 31ms (cache miss)
1325 silly packumentCache full:https://registry.npmjs.org/define-data-property set size:undefined disposed:false
1326 silly fetch manifest available-typed-arrays@^1.0.7
1327 silly packumentCache full:https://registry.npmjs.org/available-typed-arrays cache-miss
1328 http fetch GET 200 https://registry.npmjs.org/call-bind-apply-helpers 32ms (cache miss)
1329 silly packumentCache full:https://registry.npmjs.org/call-bind-apply-helpers set size:undefined disposed:false
1330 silly fetch manifest data-view-buffer@^1.0.2
1331 silly packumentCache full:https://registry.npmjs.org/data-view-buffer cache-miss
1332 http fetch GET 200 https://registry.npmjs.org/has-property-descriptors 34ms (cache miss)
1333 silly packumentCache full:https://registry.npmjs.org/has-property-descriptors set size:undefined disposed:false
1334 silly fetch manifest data-view-byte-length@^1.0.2
1335 silly packumentCache full:https://registry.npmjs.org/data-view-byte-length cache-miss
1336 http fetch GET 200 https://registry.npmjs.org/call-bind-apply-helpers 35ms (cache miss)
1337 silly packumentCache full:https://registry.npmjs.org/call-bind-apply-helpers set size:undefined disposed:false
1338 silly fetch manifest data-view-byte-offset@^1.0.1
1339 silly packumentCache full:https://registry.npmjs.org/data-view-byte-offset cache-miss
1340 http fetch GET 200 https://registry.npmjs.org/object-keys 40ms (cache miss)
1341 silly packumentCache full:https://registry.npmjs.org/object-keys set size:undefined disposed:false
1342 silly fetch manifest es-define-property@^1.0.1
1343 silly packumentCache full:https://registry.npmjs.org/es-define-property cache-miss
1344 http cache https://registry.npmjs.org/es-define-property 1ms (cache hit)
1345 silly packumentCache full:https://registry.npmjs.org/es-define-property set size:8542 disposed:false
1346 silly fetch manifest es-set-tostringtag@^2.1.0
1347 silly packumentCache full:https://registry.npmjs.org/es-set-tostringtag cache-miss
1348 http fetch GET 200 https://registry.npmjs.org/arraybuffer.prototype.slice 24ms (cache miss)
1349 silly packumentCache full:https://registry.npmjs.org/arraybuffer.prototype.slice set size:undefined disposed:false
1350 silly fetch manifest es-to-primitive@^1.3.0
1351 silly packumentCache full:https://registry.npmjs.org/es-to-primitive cache-miss
1352 http fetch GET 200 https://registry.npmjs.org/array-buffer-byte-length 27ms (cache miss)
1353 silly packumentCache full:https://registry.npmjs.org/array-buffer-byte-length set size:undefined disposed:false
1354 silly fetch manifest function.prototype.name@^1.1.8
1355 silly packumentCache full:https://registry.npmjs.org/function.prototype.name cache-miss
1356 http fetch GET 200 https://registry.npmjs.org/data-view-byte-length 25ms (cache miss)
1357 silly packumentCache full:https://registry.npmjs.org/data-view-byte-length set size:undefined disposed:false
1358 silly fetch manifest get-proto@^1.0.1
1359 silly packumentCache full:https://registry.npmjs.org/get-proto cache-miss
1360 http fetch GET 200 https://registry.npmjs.org/available-typed-arrays 32ms (cache miss)
1361 silly packumentCache full:https://registry.npmjs.org/available-typed-arrays set size:undefined disposed:false
1362 silly fetch manifest get-symbol-description@^1.1.0
1363 silly packumentCache full:https://registry.npmjs.org/get-symbol-description cache-miss
1364 http fetch GET 200 https://registry.npmjs.org/data-view-byte-offset 34ms (cache miss)
1365 silly packumentCache full:https://registry.npmjs.org/data-view-byte-offset set size:undefined disposed:false
1366 silly fetch manifest globalthis@^1.0.4
1367 silly packumentCache full:https://registry.npmjs.org/globalthis cache-miss
1368 http fetch GET 200 https://registry.npmjs.org/es-to-primitive 22ms (cache miss)
1369 silly packumentCache full:https://registry.npmjs.org/es-to-primitive set size:undefined disposed:false
1370 silly fetch manifest gopd@^1.2.0
1371 silly packumentCache full:https://registry.npmjs.org/gopd cache-miss
1372 http fetch GET 200 https://registry.npmjs.org/function.prototype.name 25ms (cache miss)
1373 silly packumentCache full:https://registry.npmjs.org/function.prototype.name set size:undefined disposed:false
1374 silly fetch manifest has-property-descriptors@^1.0.2
1375 silly packumentCache full:https://registry.npmjs.org/has-property-descriptors cache-miss
1376 http cache https://registry.npmjs.org/has-property-descriptors 1ms (cache hit)
1377 silly packumentCache full:https://registry.npmjs.org/has-property-descriptors set size:12452 disposed:false
1378 silly fetch manifest has-proto@^1.2.0
1379 silly packumentCache full:https://registry.npmjs.org/has-proto cache-miss
1380 http fetch GET 200 https://registry.npmjs.org/data-view-buffer 53ms (cache miss)
1381 silly packumentCache full:https://registry.npmjs.org/data-view-buffer set size:undefined disposed:false
1382 silly fetch manifest has-symbols@^1.1.0
1383 silly packumentCache full:https://registry.npmjs.org/has-symbols cache-miss
1384 http fetch GET 200 https://registry.npmjs.org/get-proto 25ms (cache miss)
1385 silly packumentCache full:https://registry.npmjs.org/get-proto set size:undefined disposed:false
1386 silly fetch manifest internal-slot@^1.1.0
1387 silly packumentCache full:https://registry.npmjs.org/internal-slot cache-miss
1388 http fetch GET 200 https://registry.npmjs.org/get-symbol-description 32ms (cache miss)
1389 silly packumentCache full:https://registry.npmjs.org/get-symbol-description set size:undefined disposed:false
1390 silly fetch manifest is-array-buffer@^3.0.5
1391 silly packumentCache full:https://registry.npmjs.org/is-array-buffer cache-miss
1392 http fetch GET 200 https://registry.npmjs.org/globalthis 27ms (cache miss)
1393 silly packumentCache full:https://registry.npmjs.org/globalthis set size:undefined disposed:false
1394 silly fetch manifest is-callable@^1.2.7
1395 silly packumentCache full:https://registry.npmjs.org/is-callable cache-miss
1396 http fetch GET 200 https://registry.npmjs.org/es-set-tostringtag 54ms (cache miss)
1397 silly packumentCache full:https://registry.npmjs.org/es-set-tostringtag set size:undefined disposed:false
1398 silly fetch manifest is-data-view@^1.0.2
1399 silly packumentCache full:https://registry.npmjs.org/is-data-view cache-miss
1400 http fetch GET 200 https://registry.npmjs.org/has-proto 24ms (cache miss)
1401 silly packumentCache full:https://registry.npmjs.org/has-proto set size:undefined disposed:false
1402 silly fetch manifest is-negative-zero@^2.0.3
1403 silly packumentCache full:https://registry.npmjs.org/is-negative-zero cache-miss
1404 http fetch GET 200 https://registry.npmjs.org/gopd 35ms (cache miss)
1405 silly packumentCache full:https://registry.npmjs.org/gopd set size:undefined disposed:false
1406 silly fetch manifest is-regex@^1.2.1
1407 silly packumentCache full:https://registry.npmjs.org/is-regex cache-miss
1408 http fetch GET 200 https://registry.npmjs.org/internal-slot 24ms (cache miss)
1409 silly packumentCache full:https://registry.npmjs.org/internal-slot set size:undefined disposed:false
1410 silly fetch manifest is-set@^2.0.3
1411 silly packumentCache full:https://registry.npmjs.org/is-set cache-miss
1412 http fetch GET 200 https://registry.npmjs.org/has-symbols 26ms (cache miss)
1413 silly packumentCache full:https://registry.npmjs.org/has-symbols set size:undefined disposed:false
1414 silly fetch manifest is-shared-array-buffer@^1.0.4
1415 silly packumentCache full:https://registry.npmjs.org/is-shared-array-buffer cache-miss
1416 http fetch GET 200 https://registry.npmjs.org/is-array-buffer 25ms (cache miss)
1417 silly packumentCache full:https://registry.npmjs.org/is-array-buffer set size:undefined disposed:false
1418 silly fetch manifest is-typed-array@^1.1.15
1419 silly packumentCache full:https://registry.npmjs.org/is-typed-array cache-miss
1420 http fetch GET 200 https://registry.npmjs.org/is-callable 27ms (cache miss)
1421 silly packumentCache full:https://registry.npmjs.org/is-callable set size:undefined disposed:false
1422 silly fetch manifest is-weakref@^1.1.1
1423 silly packumentCache full:https://registry.npmjs.org/is-weakref cache-miss
1424 http fetch GET 200 https://registry.npmjs.org/is-negative-zero 26ms (cache miss)
1425 silly packumentCache full:https://registry.npmjs.org/is-negative-zero set size:undefined disposed:false
1426 silly fetch manifest object-inspect@^1.13.4
1427 silly packumentCache full:https://registry.npmjs.org/object-inspect cache-miss
1428 http fetch GET 200 https://registry.npmjs.org/is-shared-array-buffer 22ms (cache miss)
1429 silly packumentCache full:https://registry.npmjs.org/is-shared-array-buffer set size:undefined disposed:false
1430 silly fetch manifest object.assign@^4.1.7
1431 silly packumentCache full:https://registry.npmjs.org/object.assign cache-miss
1432 http fetch GET 200 https://registry.npmjs.org/is-regex 31ms (cache miss)
1433 silly packumentCache full:https://registry.npmjs.org/is-regex set size:undefined disposed:false
1434 silly fetch manifest own-keys@^1.0.1
1435 silly packumentCache full:https://registry.npmjs.org/own-keys cache-miss
1436 http fetch GET 200 https://registry.npmjs.org/is-typed-array 22ms (cache miss)
1437 silly packumentCache full:https://registry.npmjs.org/is-typed-array set size:undefined disposed:false
1438 silly fetch manifest regexp.prototype.flags@^1.5.4
1439 silly packumentCache full:https://registry.npmjs.org/regexp.prototype.flags cache-miss
1440 http fetch GET 200 https://registry.npmjs.org/is-set 36ms (cache miss)
1441 silly packumentCache full:https://registry.npmjs.org/is-set set size:undefined disposed:false
1442 silly fetch manifest safe-array-concat@^1.1.3
1443 silly packumentCache full:https://registry.npmjs.org/safe-array-concat cache-miss
1444 http fetch GET 200 https://registry.npmjs.org/is-weakref 27ms (cache miss)
1445 silly packumentCache full:https://registry.npmjs.org/is-weakref set size:undefined disposed:false
1446 silly fetch manifest safe-push-apply@^1.0.0
1447 silly packumentCache full:https://registry.npmjs.org/safe-push-apply cache-miss
1448 http fetch GET 200 https://registry.npmjs.org/object-inspect 24ms (cache miss)
1449 silly packumentCache full:https://registry.npmjs.org/object-inspect set size:undefined disposed:false
1450 silly fetch manifest safe-regex-test@^1.1.0
1451 silly packumentCache full:https://registry.npmjs.org/safe-regex-test cache-miss
1452 http cache https://registry.npmjs.org/safe-regex-test 1ms (cache hit)
1453 silly packumentCache full:https://registry.npmjs.org/safe-regex-test set size:17412 disposed:false
1454 silly fetch manifest set-proto@^1.0.0
1455 silly packumentCache full:https://registry.npmjs.org/set-proto cache-miss
1456 http fetch GET 200 https://registry.npmjs.org/object.assign 28ms (cache miss)
1457 silly packumentCache full:https://registry.npmjs.org/object.assign set size:undefined disposed:false
1458 silly fetch manifest stop-iteration-iterator@^1.1.0
1459 silly packumentCache full:https://registry.npmjs.org/stop-iteration-iterator cache-miss
1460 http fetch GET 200 https://registry.npmjs.org/regexp.prototype.flags 27ms (cache miss)
1461 silly packumentCache full:https://registry.npmjs.org/regexp.prototype.flags set size:undefined disposed:false
1462 silly fetch manifest string.prototype.trim@^1.2.10
1463 silly packumentCache full:https://registry.npmjs.org/string.prototype.trim cache-miss
1464 http fetch GET 200 https://registry.npmjs.org/own-keys 32ms (cache miss)
1465 silly packumentCache full:https://registry.npmjs.org/own-keys set size:undefined disposed:false
1466 silly fetch manifest string.prototype.trimstart@^1.0.8
1467 silly packumentCache full:https://registry.npmjs.org/string.prototype.trimstart cache-miss
1468 http fetch GET 200 https://registry.npmjs.org/safe-array-concat 28ms (cache miss)
1469 silly packumentCache full:https://registry.npmjs.org/safe-array-concat set size:undefined disposed:false
1470 silly fetch manifest typed-array-buffer@^1.0.3
1471 silly packumentCache full:https://registry.npmjs.org/typed-array-buffer cache-miss
1472 http fetch GET 200 https://registry.npmjs.org/safe-push-apply 30ms (cache miss)
1473 silly packumentCache full:https://registry.npmjs.org/safe-push-apply set size:undefined disposed:false
1474 silly fetch manifest typed-array-byte-length@^1.0.3
1475 silly packumentCache full:https://registry.npmjs.org/typed-array-byte-length cache-miss
1476 http fetch GET 200 https://registry.npmjs.org/set-proto 27ms (cache miss)
1477 silly packumentCache full:https://registry.npmjs.org/set-proto set size:undefined disposed:false
1478 silly fetch manifest typed-array-byte-offset@^1.0.4
1479 silly packumentCache full:https://registry.npmjs.org/typed-array-byte-offset cache-miss
1480 http fetch GET 200 https://registry.npmjs.org/stop-iteration-iterator 24ms (cache miss)
1481 silly packumentCache full:https://registry.npmjs.org/stop-iteration-iterator set size:undefined disposed:false
1482 silly fetch manifest typed-array-length@^1.0.7
1483 silly packumentCache full:https://registry.npmjs.org/typed-array-length cache-miss
1484 http fetch GET 200 https://registry.npmjs.org/is-data-view 104ms (cache miss)
1485 silly packumentCache full:https://registry.npmjs.org/is-data-view set size:undefined disposed:false
1486 silly fetch manifest unbox-primitive@^1.1.0
1487 silly packumentCache full:https://registry.npmjs.org/unbox-primitive cache-miss
1488 http fetch GET 200 https://registry.npmjs.org/string.prototype.trimstart 30ms (cache miss)
1489 silly packumentCache full:https://registry.npmjs.org/string.prototype.trimstart set size:undefined disposed:false
1490 silly fetch manifest which-typed-array@^1.1.19
1491 silly packumentCache full:https://registry.npmjs.org/which-typed-array cache-miss
1492 http fetch GET 200 https://registry.npmjs.org/typed-array-byte-length 27ms (cache miss)
1493 silly packumentCache full:https://registry.npmjs.org/typed-array-byte-length set size:undefined disposed:false
1494 silly fetch manifest has-tostringtag@^1.0.2
1495 silly packumentCache full:https://registry.npmjs.org/has-tostringtag cache-miss
1496 http fetch GET 200 https://registry.npmjs.org/string.prototype.trim 39ms (cache miss)
1497 silly packumentCache full:https://registry.npmjs.org/string.prototype.trim set size:undefined disposed:false
1498 http fetch GET 200 https://registry.npmjs.org/typed-array-length 27ms (cache miss)
1499 silly packumentCache full:https://registry.npmjs.org/typed-array-length set size:undefined disposed:false
1500 http fetch GET 200 https://registry.npmjs.org/typed-array-byte-offset 36ms (cache miss)
1501 silly packumentCache full:https://registry.npmjs.org/typed-array-byte-offset set size:undefined disposed:false
1502 http fetch GET 200 https://registry.npmjs.org/typed-array-buffer 47ms (cache miss)
1503 silly packumentCache full:https://registry.npmjs.org/typed-array-buffer set size:undefined disposed:false
1504 http fetch GET 200 https://registry.npmjs.org/which-typed-array 28ms (cache miss)
1505 silly packumentCache full:https://registry.npmjs.org/which-typed-array set size:undefined disposed:false
1506 http fetch GET 200 https://registry.npmjs.org/has-tostringtag 35ms (cache miss)
1507 silly packumentCache full:https://registry.npmjs.org/has-tostringtag set size:undefined disposed:false
1508 http fetch GET 200 https://registry.npmjs.org/unbox-primitive 47ms (cache miss)
1509 silly packumentCache full:https://registry.npmjs.org/unbox-primitive set size:undefined disposed:false
1510 silly placeDep ROOT es-errors@1.3.0 OK for: array.prototype.findlastindex@1.2.6 want: ^1.3.0
1511 silly placeDep ROOT es-shim-unscopables@1.1.0 OK for: array.prototype.findlastindex@1.2.6 want: ^1.1.0
1512 silly placeDep ROOT call-bind-apply-helpers@1.0.2 OK for: call-bind@1.0.8 want: ^1.0.0
1513 silly placeDep ROOT es-define-property@1.0.1 OK for: call-bind@1.0.8 want: ^1.0.0
1514 silly placeDep ROOT set-function-length@1.2.2 OK for: call-bind@1.0.8 want: ^1.2.2
1515 silly fetch manifest define-data-property@^1.1.4
1516 silly packumentCache full:https://registry.npmjs.org/define-data-property cache-miss
1517 silly fetch manifest gopd@^1.0.1
1518 silly packumentCache full:https://registry.npmjs.org/gopd cache-miss
1519 http cache https://registry.npmjs.org/gopd 1ms (cache hit)
1520 silly packumentCache full:https://registry.npmjs.org/gopd set size:11458 disposed:false
1521 http cache https://registry.npmjs.org/define-data-property 1ms (cache hit)
1522 silly packumentCache full:https://registry.npmjs.org/define-data-property set size:28048 disposed:false
1523 silly placeDep ROOT function-bind@1.1.2 OK for: call-bind-apply-helpers@1.0.2 want: ^1.1.2
1524 silly placeDep ROOT define-data-property@1.1.4 OK for: define-properties@1.2.1 want: ^1.0.1
1525 silly placeDep ROOT has-property-descriptors@1.0.2 OK for: define-properties@1.2.1 want: ^1.0.0
1526 silly placeDep ROOT object-keys@1.1.1 OK for: define-properties@1.2.1 want: ^1.1.1
1527 silly placeDep ROOT gopd@1.2.0 OK for: define-data-property@1.1.4 want: ^1.0.1
1528 silly placeDep ROOT array-buffer-byte-length@1.0.2 OK for: es-abstract@1.24.0 want: ^1.0.2
1529 silly placeDep ROOT arraybuffer.prototype.slice@1.0.4 OK for: es-abstract@1.24.0 want: ^1.0.4
1530 silly placeDep ROOT available-typed-arrays@1.0.7 OK for: es-abstract@1.24.0 want: ^1.0.7
1531 silly placeDep ROOT data-view-buffer@1.0.2 OK for: es-abstract@1.24.0 want: ^1.0.2
1532 silly placeDep ROOT data-view-byte-length@1.0.2 OK for: es-abstract@1.24.0 want: ^1.0.2
1533 silly placeDep ROOT data-view-byte-offset@1.0.1 OK for: es-abstract@1.24.0 want: ^1.0.1
1534 silly placeDep ROOT es-set-tostringtag@2.1.0 OK for: es-abstract@1.24.0 want: ^2.1.0
1535 silly placeDep ROOT es-to-primitive@1.3.0 OK for: es-abstract@1.24.0 want: ^1.3.0
1536 silly placeDep ROOT function.prototype.name@1.1.8 OK for: es-abstract@1.24.0 want: ^1.1.8
1537 silly placeDep ROOT get-proto@1.0.1 OK for: es-abstract@1.24.0 want: ^1.0.1
1538 silly placeDep ROOT get-symbol-description@1.1.0 OK for: es-abstract@1.24.0 want: ^1.1.0
1539 silly placeDep ROOT globalthis@1.0.4 OK for: es-abstract@1.24.0 want: ^1.0.4
1540 silly placeDep ROOT has-proto@1.2.0 OK for: es-abstract@1.24.0 want: ^1.2.0
1541 silly placeDep ROOT has-symbols@1.1.0 OK for: es-abstract@1.24.0 want: ^1.1.0
1542 silly placeDep ROOT internal-slot@1.1.0 OK for: es-abstract@1.24.0 want: ^1.1.0
1543 silly placeDep ROOT is-array-buffer@3.0.5 OK for: es-abstract@1.24.0 want: ^3.0.5
1544 silly placeDep ROOT is-callable@1.2.7 OK for: es-abstract@1.24.0 want: ^1.2.7
1545 silly placeDep ROOT is-data-view@1.0.2 OK for: es-abstract@1.24.0 want: ^1.0.2
1546 silly placeDep ROOT is-negative-zero@2.0.3 OK for: es-abstract@1.24.0 want: ^2.0.3
1547 silly placeDep ROOT is-regex@1.2.1 OK for: es-abstract@1.24.0 want: ^1.2.1
1548 silly placeDep ROOT is-set@2.0.3 OK for: es-abstract@1.24.0 want: ^2.0.3
1549 silly placeDep ROOT is-shared-array-buffer@1.0.4 OK for: es-abstract@1.24.0 want: ^1.0.4
1550 silly placeDep ROOT is-typed-array@1.1.15 OK for: es-abstract@1.24.0 want: ^1.1.15
1551 silly placeDep ROOT is-weakref@1.1.1 OK for: es-abstract@1.24.0 want: ^1.1.1
1552 silly placeDep ROOT object-inspect@1.13.4 OK for: es-abstract@1.24.0 want: ^1.13.4
1553 silly placeDep ROOT object.assign@4.1.7 OK for: es-abstract@1.24.0 want: ^4.1.7
1554 silly placeDep ROOT own-keys@1.0.1 OK for: es-abstract@1.24.0 want: ^1.0.1
1555 silly placeDep ROOT regexp.prototype.flags@1.5.4 OK for: es-abstract@1.24.0 want: ^1.5.4
1556 silly placeDep ROOT safe-array-concat@1.1.3 OK for: es-abstract@1.24.0 want: ^1.1.3
1557 silly placeDep ROOT safe-push-apply@1.0.0 OK for: es-abstract@1.24.0 want: ^1.0.0
1558 silly placeDep ROOT safe-regex-test@1.1.0 OK for: es-abstract@1.24.0 want: ^1.1.0
1559 silly placeDep ROOT set-proto@1.0.0 OK for: es-abstract@1.24.0 want: ^1.0.0
1560 silly placeDep ROOT stop-iteration-iterator@1.1.0 OK for: es-abstract@1.24.0 want: ^1.1.0
1561 silly placeDep ROOT string.prototype.trim@1.2.10 OK for: es-abstract@1.24.0 want: ^1.2.10
1562 silly placeDep ROOT string.prototype.trimstart@1.0.8 OK for: es-abstract@1.24.0 want: ^1.0.8
1563 silly placeDep ROOT typed-array-buffer@1.0.3 OK for: es-abstract@1.24.0 want: ^1.0.3
1564 silly placeDep ROOT typed-array-byte-length@1.0.3 OK for: es-abstract@1.24.0 want: ^1.0.3
1565 silly placeDep ROOT typed-array-byte-offset@1.0.4 OK for: es-abstract@1.24.0 want: ^1.0.4
1566 silly placeDep ROOT typed-array-length@1.0.7 OK for: es-abstract@1.24.0 want: ^1.0.7
1567 silly placeDep ROOT unbox-primitive@1.1.0 OK for: es-abstract@1.24.0 want: ^1.1.0
1568 silly placeDep ROOT which-typed-array@1.1.19 OK for: es-abstract@1.24.0 want: ^1.1.19
1569 silly fetch manifest is-array-buffer@^3.0.4
1570 silly packumentCache full:https://registry.npmjs.org/is-array-buffer cache-miss
1571 silly fetch manifest possible-typed-array-names@^1.0.0
1572 silly packumentCache full:https://registry.npmjs.org/possible-typed-array-names cache-miss
1573 silly fetch manifest is-data-view@^1.0.1
1574 silly packumentCache full:https://registry.npmjs.org/is-data-view cache-miss
1575 silly fetch manifest is-date-object@^1.0.5
1576 silly packumentCache full:https://registry.npmjs.org/is-date-object cache-miss
1577 silly fetch manifest is-symbol@^1.0.4
1578 silly packumentCache full:https://registry.npmjs.org/is-symbol cache-miss
1579 silly fetch manifest functions-have-names@^1.2.3
1580 silly packumentCache full:https://registry.npmjs.org/functions-have-names cache-miss
1581 silly fetch manifest dunder-proto@^1.0.1
1582 silly packumentCache full:https://registry.npmjs.org/dunder-proto cache-miss
1583 http cache https://registry.npmjs.org/is-data-view 3ms (cache hit)
1584 silly packumentCache full:https://registry.npmjs.org/is-data-view set size:13756 disposed:false
1585 silly fetch manifest dunder-proto@^1.0.0
1586 silly packumentCache full:https://registry.npmjs.org/dunder-proto cache-miss
1587 http cache https://registry.npmjs.org/is-array-buffer 4ms (cache hit)
1588 silly packumentCache full:https://registry.npmjs.org/is-array-buffer set size:33562 disposed:false
1589 silly fetch manifest side-channel@^1.1.0
1590 silly packumentCache full:https://registry.npmjs.org/side-channel cache-miss
1591 http fetch GET 200 https://registry.npmjs.org/is-date-object 26ms (cache miss)
1592 silly packumentCache full:https://registry.npmjs.org/is-date-object set size:undefined disposed:false
1593 silly fetch manifest is-typed-array@^1.1.13
1594 silly packumentCache full:https://registry.npmjs.org/is-typed-array cache-miss
1595 http cache https://registry.npmjs.org/is-typed-array 1ms (cache hit)
1596 silly packumentCache full:https://registry.npmjs.org/is-typed-array set size:79965 disposed:false
1597 silly fetch manifest which-typed-array@^1.1.16
1598 silly packumentCache full:https://registry.npmjs.org/which-typed-array cache-miss
1599 http fetch GET 200 https://registry.npmjs.org/is-symbol 28ms (cache miss)
1600 silly packumentCache full:https://registry.npmjs.org/is-symbol set size:undefined disposed:false
1601 silly fetch manifest set-function-name@^2.0.2
1602 silly packumentCache full:https://registry.npmjs.org/set-function-name cache-miss
1603 http cache https://registry.npmjs.org/which-typed-array 2ms (cache hit)
1604 silly packumentCache full:https://registry.npmjs.org/which-typed-array set size:89701 disposed:false
1605 silly fetch manifest isarray@^2.0.5
1606 silly packumentCache full:https://registry.npmjs.org/isarray cache-miss
1607 http fetch GET 200 https://registry.npmjs.org/functions-have-names 31ms (cache miss)
1608 silly packumentCache full:https://registry.npmjs.org/functions-have-names set size:undefined disposed:false
1609 silly fetch manifest isarray@^2.0.5
1610 silly packumentCache full:https://registry.npmjs.org/isarray cache-miss
1611 http fetch GET 200 https://registry.npmjs.org/possible-typed-array-names 31ms (cache miss)
1612 silly packumentCache full:https://registry.npmjs.org/possible-typed-array-names set size:undefined disposed:false
1613 silly fetch manifest dunder-proto@^1.0.1
1614 silly packumentCache full:https://registry.npmjs.org/dunder-proto cache-miss
1615 http fetch GET 200 https://registry.npmjs.org/dunder-proto 31ms (cache miss)
1616 silly packumentCache full:https://registry.npmjs.org/dunder-proto set size:undefined disposed:false
1617 silly fetch manifest for-each@^0.3.3
1618 silly packumentCache full:https://registry.npmjs.org/for-each cache-miss
1619 http fetch GET 200 https://registry.npmjs.org/side-channel 31ms (cache miss)
1620 silly packumentCache full:https://registry.npmjs.org/side-channel set size:undefined disposed:false
1621 silly fetch manifest for-each@^0.3.3
1622 silly packumentCache full:https://registry.npmjs.org/for-each cache-miss
1623 http fetch GET 200 https://registry.npmjs.org/dunder-proto 38ms (cache miss)
1624 silly packumentCache full:https://registry.npmjs.org/dunder-proto set size:undefined disposed:false
1625 silly fetch manifest reflect.getprototypeof@^1.0.9
1626 silly packumentCache full:https://registry.npmjs.org/reflect.getprototypeof cache-miss
1627 http fetch GET 200 https://registry.npmjs.org/set-function-name 27ms (cache miss)
1628 silly packumentCache full:https://registry.npmjs.org/set-function-name set size:undefined disposed:false
1629 silly fetch manifest for-each@^0.3.3
1630 silly packumentCache full:https://registry.npmjs.org/for-each cache-miss
1631 http fetch GET 200 https://registry.npmjs.org/isarray 29ms (cache miss)
1632 silly packumentCache full:https://registry.npmjs.org/isarray set size:undefined disposed:false
1633 silly fetch manifest reflect.getprototypeof@^1.0.6
1634 silly packumentCache full:https://registry.npmjs.org/reflect.getprototypeof cache-miss
1635 http fetch GET 200 https://registry.npmjs.org/isarray 30ms (cache miss)
1636 silly packumentCache full:https://registry.npmjs.org/isarray set size:undefined disposed:false
1637 silly fetch manifest has-bigints@^1.0.2
1638 silly packumentCache full:https://registry.npmjs.org/has-bigints cache-miss
1639 http fetch GET 200 https://registry.npmjs.org/dunder-proto 37ms (cache miss)
1640 silly packumentCache full:https://registry.npmjs.org/dunder-proto set size:undefined disposed:false
1641 silly fetch manifest which-boxed-primitive@^1.1.1
1642 silly packumentCache full:https://registry.npmjs.org/which-boxed-primitive cache-miss
1643 http fetch GET 200 https://registry.npmjs.org/for-each 39ms (cache miss)
1644 silly packumentCache full:https://registry.npmjs.org/for-each set size:undefined disposed:false
1645 silly fetch manifest for-each@^0.3.5
1646 silly packumentCache full:https://registry.npmjs.org/for-each cache-miss
1647 http cache https://registry.npmjs.org/for-each 1ms (cache hit)
1648 silly packumentCache full:https://registry.npmjs.org/for-each set size:14327 disposed:false
1649 http fetch GET 200 https://registry.npmjs.org/reflect.getprototypeof 39ms (cache miss)
1650 silly packumentCache full:https://registry.npmjs.org/reflect.getprototypeof set size:undefined disposed:false
1651 http fetch GET 200 https://registry.npmjs.org/for-each 23ms (cache miss)
1652 silly packumentCache full:https://registry.npmjs.org/for-each set size:undefined disposed:false
1653 silly packumentCache full:https://registry.npmjs.org/for-each dispose
1654 http fetch GET 200 https://registry.npmjs.org/has-bigints 29ms (cache miss)
1655 silly packumentCache full:https://registry.npmjs.org/has-bigints set size:undefined disposed:false
1656 http fetch GET 200 https://registry.npmjs.org/which-boxed-primitive 23ms (cache miss)
1657 silly packumentCache full:https://registry.npmjs.org/which-boxed-primitive set size:undefined disposed:false
1658 http fetch GET 200 https://registry.npmjs.org/reflect.getprototypeof 35ms (cache miss)
1659 silly packumentCache full:https://registry.npmjs.org/reflect.getprototypeof set size:undefined disposed:false
1660 http fetch GET 200 https://registry.npmjs.org/for-each 81ms (cache miss)
1661 silly packumentCache full:https://registry.npmjs.org/for-each set size:undefined disposed:true
1662 silly placeDep ROOT possible-typed-array-names@1.1.0 OK for: available-typed-arrays@1.0.7 want: ^1.0.0
1663 silly placeDep ROOT has-tostringtag@1.0.2 OK for: es-set-tostringtag@2.1.0 want: ^1.0.2
1664 silly placeDep ROOT is-date-object@1.1.0 OK for: es-to-primitive@1.3.0 want: ^1.0.5
1665 silly placeDep ROOT is-symbol@1.1.1 OK for: es-to-primitive@1.3.0 want: ^1.0.4
1666 silly placeDep node_modules/eslint-module-utils debug@3.2.7 OK for: eslint-module-utils@2.12.1 want: ^3.2.7
1667 silly placeDep ROOT aria-query@5.3.2 OK for: eslint-plugin-jsx-a11y@6.10.2 want: ^5.3.2
1668 silly placeDep ROOT ast-types-flow@0.0.8 OK for: eslint-plugin-jsx-a11y@6.10.2 want: ^0.0.8
1669 silly placeDep ROOT axe-core@4.11.0 OK for: eslint-plugin-jsx-a11y@6.10.2 want: ^4.10.0
1670 silly placeDep ROOT axobject-query@4.1.0 OK for: eslint-plugin-jsx-a11y@6.10.2 want: ^4.1.0
1671 silly placeDep ROOT damerau-levenshtein@1.0.8 OK for: eslint-plugin-jsx-a11y@6.10.2 want: ^1.0.8
1672 silly placeDep ROOT emoji-regex@9.2.2 OK for: eslint-plugin-jsx-a11y@6.10.2 want: ^9.2.2
1673 silly placeDep ROOT jsx-ast-utils@3.3.5 OK for: eslint-plugin-jsx-a11y@6.10.2 want: ^3.3.5
1674 silly placeDep ROOT language-tags@1.0.9 OK for: eslint-plugin-jsx-a11y@6.10.2 want: ^1.0.9
1675 silly placeDep ROOT string.prototype.includes@2.0.1 OK for: eslint-plugin-jsx-a11y@6.10.2 want: ^2.0.1
1676 silly fetch manifest language-subtag-registry@^0.3.20
1677 silly packumentCache full:https://registry.npmjs.org/language-subtag-registry cache-miss
1678 http fetch GET 200 https://registry.npmjs.org/language-subtag-registry 95ms (cache miss)
1679 silly packumentCache full:https://registry.npmjs.org/language-subtag-registry set size:undefined disposed:false
1680 silly placeDep ROOT array.prototype.findlast@1.2.5 OK for: eslint-plugin-react@7.37.5 want: ^1.2.5
1681 silly placeDep ROOT array.prototype.tosorted@1.1.4 OK for: eslint-plugin-react@7.37.5 want: ^1.1.4
1682 silly placeDep ROOT es-iterator-helpers@1.2.1 OK for: eslint-plugin-react@7.37.5 want: ^1.2.1
1683 silly placeDep ROOT estraverse@5.3.0 OK for: eslint-plugin-react@7.37.5 want: ^5.3.0
1684 silly placeDep ROOT object.entries@1.1.9 OK for: eslint-plugin-react@7.37.5 want: ^1.1.9
1685 silly placeDep ROOT prop-types@15.8.1 OK for: eslint-plugin-react@7.37.5 want: ^15.8.1
1686 silly placeDep node_modules/eslint-plugin-react resolve@2.0.0-next.5 OK for: eslint-plugin-react@7.37.5 want: ^2.0.0-next.5
1687 silly placeDep ROOT string.prototype.matchall@4.0.12 OK for: eslint-plugin-react@7.37.5 want: ^4.0.12
1688 silly placeDep ROOT string.prototype.repeat@1.0.0 OK for: eslint-plugin-react@7.37.5 want: ^1.0.0
1689 silly fetch manifest iterator.prototype@^1.1.4
1690 silly packumentCache full:https://registry.npmjs.org/iterator.prototype cache-miss
1691 silly fetch manifest loose-envify@^1.4.0
1692 silly packumentCache full:https://registry.npmjs.org/loose-envify cache-miss
1693 silly fetch manifest object-assign@^4.1.1
1694 silly packumentCache full:https://registry.npmjs.org/object-assign cache-miss
1695 silly fetch manifest react-is@^16.13.1
1696 silly packumentCache full:https://registry.npmjs.org/react-is cache-miss
1697 http fetch GET 200 https://registry.npmjs.org/object-assign 28ms (cache miss)
1698 silly packumentCache full:https://registry.npmjs.org/object-assign set size:undefined disposed:false
1699 http fetch GET 200 https://registry.npmjs.org/loose-envify 29ms (cache miss)
1700 silly packumentCache full:https://registry.npmjs.org/loose-envify set size:undefined disposed:false
1701 http fetch GET 200 https://registry.npmjs.org/iterator.prototype 50ms (cache miss)
1702 silly packumentCache full:https://registry.npmjs.org/iterator.prototype set size:undefined disposed:false
1703 http fetch GET 200 https://registry.npmjs.org/react-is 127ms (cache miss)
1704 silly packumentCache full:https://registry.npmjs.org/react-is set size:undefined disposed:false
1705 silly placeDep ROOT iterator.prototype@1.1.5 OK for: es-iterator-helpers@1.2.1 want: ^1.1.4
1706 silly placeDep ROOT @babel/core@7.28.5 OK for: eslint-plugin-react-hooks@7.0.1 want: ^7.24.4
1707 silly placeDep ROOT @babel/parser@7.28.5 OK for: eslint-plugin-react-hooks@7.0.1 want: ^7.24.4
1708 silly placeDep ROOT hermes-parser@0.25.1 OK for: eslint-plugin-react-hooks@7.0.1 want: ^0.25.1
1709 silly placeDep ROOT zod@4.1.12 OK for: eslint-plugin-react-hooks@7.0.1 want: ^3.25.0 || ^4.0.0
1710 silly placeDep ROOT zod-validation-error@4.0.2 OK for: eslint-plugin-react-hooks@7.0.1 want: ^3.5.0 || ^4.0.0
1711 silly fetch manifest @babel/code-frame@^7.27.1
1712 silly packumentCache full:https://registry.npmjs.org/@babel%2fcode-frame cache-miss
1713 silly fetch manifest @babel/generator@^7.28.5
1714 silly packumentCache full:https://registry.npmjs.org/@babel%2fgenerator cache-miss
1715 silly fetch manifest @babel/helper-compilation-targets@^7.27.2
1716 silly packumentCache full:https://registry.npmjs.org/@babel%2fhelper-compilation-targets cache-miss
1717 silly fetch manifest @babel/helper-module-transforms@^7.28.3
1718 silly packumentCache full:https://registry.npmjs.org/@babel%2fhelper-module-transforms cache-miss
1719 silly fetch manifest @babel/helpers@^7.28.4
1720 silly packumentCache full:https://registry.npmjs.org/@babel%2fhelpers cache-miss
1721 silly fetch manifest @babel/parser@^7.28.5
1722 silly packumentCache full:https://registry.npmjs.org/@babel%2fparser cache-miss
1723 silly fetch manifest @babel/template@^7.27.2
1724 silly packumentCache full:https://registry.npmjs.org/@babel%2ftemplate cache-miss
1725 http cache https://registry.npmjs.org/@babel%2fparser 8ms (cache hit)
1726 silly packumentCache full:https://registry.npmjs.org/@babel%2fparser set size:702781 disposed:false
1727 silly fetch manifest @babel/traverse@^7.28.5
1728 silly packumentCache full:https://registry.npmjs.org/@babel%2ftraverse cache-miss
1729 http fetch GET 200 https://registry.npmjs.org/@babel%2fhelper-module-transforms 43ms (cache miss)
1730 silly packumentCache full:https://registry.npmjs.org/@babel%2fhelper-module-transforms set size:undefined disposed:false
1731 silly fetch manifest @babel/types@^7.28.5
1732 silly packumentCache full:https://registry.npmjs.org/@babel%2ftypes cache-miss
1733 http fetch GET 200 https://registry.npmjs.org/@babel%2fcode-frame 47ms (cache miss)
1734 silly packumentCache full:https://registry.npmjs.org/@babel%2fcode-frame set size:undefined disposed:false
1735 silly fetch manifest convert-source-map@^2.0.0
1736 silly packumentCache full:https://registry.npmjs.org/convert-source-map cache-miss
1737 http fetch GET 200 https://registry.npmjs.org/@babel%2fgenerator 49ms (cache miss)
1738 silly packumentCache full:https://registry.npmjs.org/@babel%2fgenerator set size:undefined disposed:false
1739 silly fetch manifest gensync@^1.0.0-beta.2
1740 silly packumentCache full:https://registry.npmjs.org/gensync cache-miss
1741 http fetch GET 200 https://registry.npmjs.org/@babel%2fhelpers 52ms (cache miss)
1742 silly packumentCache full:https://registry.npmjs.org/@babel%2fhelpers set size:undefined disposed:false
1743 silly fetch manifest json5@^2.2.3
1744 silly packumentCache full:https://registry.npmjs.org/json5 cache-miss
1745 http fetch GET 200 https://registry.npmjs.org/@babel%2ftemplate 53ms (cache miss)
1746 silly packumentCache full:https://registry.npmjs.org/@babel%2ftemplate set size:undefined disposed:false
1747 silly fetch manifest @babel/types@^7.28.5
1748 silly packumentCache full:https://registry.npmjs.org/@babel%2ftypes cache-miss
1749 http fetch GET 200 https://registry.npmjs.org/@babel%2ftraverse 43ms (cache miss)
1750 silly packumentCache full:https://registry.npmjs.org/@babel%2ftraverse set size:undefined disposed:false
1751 silly fetch manifest hermes-estree@0.25.1
1752 silly packumentCache full:https://registry.npmjs.org/hermes-estree cache-miss
1753 http cache https://registry.npmjs.org/json5 5ms (cache hit)
1754 silly packumentCache full:https://registry.npmjs.org/json5 set size:86136 disposed:false
1755 http fetch GET 200 https://registry.npmjs.org/gensync 26ms (cache miss)
1756 silly packumentCache full:https://registry.npmjs.org/gensync set size:undefined disposed:false
1757 http fetch GET 200 https://registry.npmjs.org/hermes-estree 32ms (cache miss)
1758 silly packumentCache full:https://registry.npmjs.org/hermes-estree set size:undefined disposed:false
1759 http fetch GET 200 https://registry.npmjs.org/convert-source-map 41ms (cache miss)
1760 silly packumentCache full:https://registry.npmjs.org/convert-source-map set size:undefined disposed:false
1761 http fetch GET 200 https://registry.npmjs.org/@babel%2fhelper-compilation-targets 91ms (cache miss)
1762 silly packumentCache full:https://registry.npmjs.org/@babel%2fhelper-compilation-targets set size:undefined disposed:false
1763 http fetch GET 200 https://registry.npmjs.org/@babel%2ftypes 58ms (cache miss)
1764 silly packumentCache full:https://registry.npmjs.org/@babel%2ftypes set size:undefined disposed:false
1765 http fetch GET 200 https://registry.npmjs.org/@babel%2ftypes 50ms (cache miss)
1766 silly packumentCache full:https://registry.npmjs.org/@babel%2ftypes set size:undefined disposed:false
1767 silly fetch manifest @babel/core@^7.0.0
1768 silly packumentCache full:https://registry.npmjs.org/@babel%2fcore cache-miss
1769 http cache https://registry.npmjs.org/@babel%2fcore 1ms (cache hit)
1770 silly packumentCache full:https://registry.npmjs.org/@babel%2fcore set size:738278 disposed:false
1771 silly placeDep ROOT @babel/code-frame@7.27.1 OK for: @babel/core@7.28.5 want: ^7.27.1
1772 silly placeDep ROOT @babel/generator@7.28.5 OK for: @babel/core@7.28.5 want: ^7.28.5
1773 silly placeDep ROOT @babel/helper-compilation-targets@7.27.2 OK for: @babel/core@7.28.5 want: ^7.27.2
1774 silly placeDep ROOT @babel/helper-module-transforms@7.28.3 OK for: @babel/core@7.28.5 want: ^7.28.3
1775 silly placeDep ROOT @babel/helpers@7.28.4 OK for: @babel/core@7.28.5 want: ^7.28.4
1776 silly placeDep ROOT @babel/template@7.27.2 OK for: @babel/core@7.28.5 want: ^7.27.2
1777 silly placeDep ROOT @babel/traverse@7.28.5 OK for: @babel/core@7.28.5 want: ^7.28.5
1778 silly placeDep ROOT @babel/types@7.28.5 OK for: @babel/core@7.28.5 want: ^7.28.5
1779 silly placeDep ROOT convert-source-map@2.0.0 OK for: @babel/core@7.28.5 want: ^2.0.0
1780 silly placeDep ROOT gensync@1.0.0-beta.2 OK for: @babel/core@7.28.5 want: ^1.0.0-beta.2
1781 silly placeDep ROOT json5@2.2.3 OK for: @babel/core@7.28.5 want: ^2.2.3
1782 silly fetch manifest js-tokens@^4.0.0
1783 silly packumentCache full:https://registry.npmjs.org/js-tokens cache-miss
1784 silly fetch manifest @babel/helper-validator-identifier@^7.27.1
1785 silly packumentCache full:https://registry.npmjs.org/@babel%2fhelper-validator-identifier cache-miss
1786 silly fetch manifest jsesc@^3.0.2
1787 silly packumentCache full:https://registry.npmjs.org/jsesc cache-miss
1788 silly fetch manifest lru-cache@^5.1.1
1789 silly packumentCache full:https://registry.npmjs.org/lru-cache cache-miss
1790 silly fetch manifest browserslist@^4.24.0
1791 silly packumentCache full:https://registry.npmjs.org/browserslist cache-miss
1792 silly fetch manifest @babel/compat-data@^7.27.2
1793 silly packumentCache full:https://registry.npmjs.org/@babel%2fcompat-data cache-miss
1794 silly fetch manifest @babel/helper-validator-option@^7.27.1
1795 silly packumentCache full:https://registry.npmjs.org/@babel%2fhelper-validator-option cache-miss
1796 http fetch GET 200 https://registry.npmjs.org/js-tokens 26ms (cache miss)
1797 silly packumentCache full:https://registry.npmjs.org/js-tokens set size:undefined disposed:false
1798 silly fetch manifest @babel/traverse@^7.28.3
1799 silly packumentCache full:https://registry.npmjs.org/@babel%2ftraverse cache-miss
1800 http cache https://registry.npmjs.org/@babel%2ftraverse 1ms (cache hit)
1801 silly packumentCache full:https://registry.npmjs.org/@babel%2ftraverse set size:535703 disposed:false
1802 silly fetch manifest @babel/helper-module-imports@^7.27.1
1803 silly packumentCache full:https://registry.npmjs.org/@babel%2fhelper-module-imports cache-miss
1804 http fetch GET 200 https://registry.npmjs.org/jsesc 32ms (cache miss)
1805 silly packumentCache full:https://registry.npmjs.org/jsesc set size:undefined disposed:false
1806 silly fetch manifest @babel/helper-validator-identifier@^7.27.1
1807 silly packumentCache full:https://registry.npmjs.org/@babel%2fhelper-validator-identifier cache-miss
1808 http fetch GET 200 https://registry.npmjs.org/@babel%2fcompat-data 34ms (cache miss)
1809 silly packumentCache full:https://registry.npmjs.org/@babel%2fcompat-data set size:undefined disposed:false
1810 silly fetch manifest @babel/types@^7.28.4
1811 silly packumentCache full:https://registry.npmjs.org/@babel%2ftypes cache-miss
1812 http cache https://registry.npmjs.org/@babel%2ftypes 2ms (cache hit)
1813 silly packumentCache full:https://registry.npmjs.org/@babel%2ftypes set size:475698 disposed:false
1814 silly fetch manifest @babel/types@^7.27.1
1815 silly packumentCache full:https://registry.npmjs.org/@babel%2ftypes cache-hit
1816 silly fetch manifest @babel/helper-globals@^7.28.0
1817 silly packumentCache full:https://registry.npmjs.org/@babel%2fhelper-globals cache-miss
1818 http fetch GET 200 https://registry.npmjs.org/@babel%2fhelper-validator-option 40ms (cache miss)
1819 silly packumentCache full:https://registry.npmjs.org/@babel%2fhelper-validator-option set size:undefined disposed:false
1820 silly fetch manifest @babel/helper-string-parser@^7.27.1
1821 silly packumentCache full:https://registry.npmjs.org/@babel%2fhelper-string-parser cache-miss
1822 http fetch GET 200 https://registry.npmjs.org/lru-cache 41ms (cache miss)
1823 silly packumentCache full:https://registry.npmjs.org/lru-cache set size:undefined disposed:false
1824 silly fetch manifest @babel/helper-validator-identifier@^7.28.5
1825 silly packumentCache full:https://registry.npmjs.org/@babel%2fhelper-validator-identifier cache-miss
1826 http fetch GET 200 https://registry.npmjs.org/@babel%2fhelper-validator-identifier 44ms (cache miss)
1827 silly packumentCache full:https://registry.npmjs.org/@babel%2fhelper-validator-identifier set size:undefined disposed:false
1828 http fetch GET 200 https://registry.npmjs.org/@babel%2fhelper-validator-identifier 42ms (cache miss)
1829 silly packumentCache full:https://registry.npmjs.org/@babel%2fhelper-validator-identifier set size:undefined disposed:false
1830 http fetch GET 200 https://registry.npmjs.org/@babel%2fhelper-validator-identifier 34ms (cache miss)
1831 silly packumentCache full:https://registry.npmjs.org/@babel%2fhelper-validator-identifier set size:undefined disposed:false
1832 http fetch GET 200 https://registry.npmjs.org/@babel%2fhelper-string-parser 37ms (cache miss)
1833 silly packumentCache full:https://registry.npmjs.org/@babel%2fhelper-string-parser set size:undefined disposed:false
1834 http fetch GET 200 https://registry.npmjs.org/@babel%2fhelper-globals 39ms (cache miss)
1835 silly packumentCache full:https://registry.npmjs.org/@babel%2fhelper-globals set size:undefined disposed:false
1836 http fetch GET 200 https://registry.npmjs.org/@babel%2fhelper-module-imports 76ms (cache miss)
1837 silly packumentCache full:https://registry.npmjs.org/@babel%2fhelper-module-imports set size:undefined disposed:false
1838 http fetch GET 200 https://registry.npmjs.org/browserslist 179ms (cache miss)
1839 silly packumentCache full:https://registry.npmjs.org/browserslist set size:undefined disposed:false
1840 silly placeDep ROOT @babel/helper-validator-identifier@7.28.5 OK for: @babel/code-frame@7.27.1 want: ^7.27.1
1841 silly placeDep ROOT js-tokens@4.0.0 OK for: @babel/code-frame@7.27.1 want: ^4.0.0
1842 silly placeDep ROOT picocolors@1.1.1 OK for: @babel/code-frame@7.27.1 want: ^1.1.1
1843 silly placeDep ROOT jsesc@3.1.0 OK for: @babel/generator@7.28.5 want: ^3.0.2
1844 silly placeDep ROOT @babel/compat-data@7.28.5 OK for: @babel/helper-compilation-targets@7.27.2 want: ^7.27.2
1845 silly placeDep ROOT @babel/helper-validator-option@7.27.1 OK for: @babel/helper-compilation-targets@7.27.2 want: ^7.27.1
1846 silly placeDep ROOT browserslist@4.28.0 OK for: @babel/helper-compilation-targets@7.27.2 want: ^4.24.0
1847 silly placeDep ROOT lru-cache@5.1.1 OK for: @babel/helper-compilation-targets@7.27.2 want: ^5.1.1
1848 silly fetch manifest baseline-browser-mapping@^2.8.25
1849 silly packumentCache full:https://registry.npmjs.org/baseline-browser-mapping cache-miss
1850 silly fetch manifest caniuse-lite@^1.0.30001754
1851 silly packumentCache full:https://registry.npmjs.org/caniuse-lite cache-miss
1852 silly fetch manifest electron-to-chromium@^1.5.249
1853 silly packumentCache full:https://registry.npmjs.org/electron-to-chromium cache-miss
1854 silly fetch manifest node-releases@^2.0.27
1855 silly packumentCache full:https://registry.npmjs.org/node-releases cache-miss
1856 silly fetch manifest update-browserslist-db@^1.1.4
1857 silly packumentCache full:https://registry.npmjs.org/update-browserslist-db cache-miss
1858 silly fetch manifest yallist@^3.0.2
1859 silly packumentCache full:https://registry.npmjs.org/yallist cache-miss
1860 http cache https://registry.npmjs.org/caniuse-lite 5ms (cache hit)
1861 silly packumentCache full:https://registry.npmjs.org/caniuse-lite set size:2228194 disposed:false
1862 http fetch GET 200 https://registry.npmjs.org/yallist 26ms (cache miss)
1863 silly packumentCache full:https://registry.npmjs.org/yallist set size:undefined disposed:false
1864 http fetch GET 200 https://registry.npmjs.org/update-browserslist-db 29ms (cache miss)
1865 silly packumentCache full:https://registry.npmjs.org/update-browserslist-db set size:undefined disposed:false
1866 http fetch GET 200 https://registry.npmjs.org/node-releases 30ms (cache miss)
1867 silly packumentCache full:https://registry.npmjs.org/node-releases set size:undefined disposed:false
1868 http fetch GET 200 https://registry.npmjs.org/baseline-browser-mapping 34ms (cache miss)
1869 silly packumentCache full:https://registry.npmjs.org/baseline-browser-mapping set size:undefined disposed:false
1870 http fetch GET 200 https://registry.npmjs.org/electron-to-chromium 97ms (cache miss)
1871 silly packumentCache full:https://registry.npmjs.org/electron-to-chromium set size:undefined disposed:false
1872 silly placeDep ROOT @babel/helper-module-imports@7.27.1 OK for: @babel/helper-module-transforms@7.28.3 want: ^7.27.1
1873 silly placeDep ROOT @babel/helper-globals@7.28.0 OK for: @babel/traverse@7.28.5 want: ^7.28.0
1874 silly placeDep ROOT @babel/helper-string-parser@7.27.1 OK for: @babel/types@7.28.5 want: ^7.27.1
1875 silly fetch manifest browserslist@>= 4.21.0
1876 silly packumentCache full:https://registry.npmjs.org/browserslist cache-miss
1877 http cache https://registry.npmjs.org/browserslist 2ms (cache hit)
1878 silly packumentCache full:https://registry.npmjs.org/browserslist set size:500962 disposed:false
1879 silly placeDep ROOT baseline-browser-mapping@2.8.29 OK for: browserslist@4.28.0 want: ^2.8.25
1880 silly placeDep ROOT caniuse-lite@1.0.30001756 OK for: browserslist@4.28.0 want: ^1.0.30001754
1881 silly placeDep ROOT electron-to-chromium@1.5.258 OK for: browserslist@4.28.0 want: ^1.5.249
1882 silly placeDep ROOT node-releases@2.0.27 OK for: browserslist@4.28.0 want: ^2.0.27
1883 silly placeDep ROOT update-browserslist-db@1.1.4 OK for: browserslist@4.28.0 want: ^1.1.4
1884 silly fetch manifest escalade@^3.2.0
1885 silly packumentCache full:https://registry.npmjs.org/escalade cache-miss
1886 http fetch GET 200 https://registry.npmjs.org/escalade 27ms (cache miss)
1887 silly packumentCache full:https://registry.npmjs.org/escalade set size:undefined disposed:false
1888 silly placeDep ROOT esrecurse@4.3.0 OK for: eslint-scope@8.4.0 want: ^4.3.0
1889 silly placeDep ROOT acorn@8.15.0 OK for: espree@10.4.0 want: ^8.15.0
1890 silly placeDep ROOT acorn-jsx@5.3.2 OK for: espree@10.4.0 want: ^5.3.2
1891 silly placeDep ROOT @nodelib/fs.stat@2.0.5 OK for: fast-glob@3.3.1 want: ^2.0.2
1892 silly placeDep ROOT @nodelib/fs.walk@1.2.8 OK for: fast-glob@3.3.1 want: ^1.2.3
1893 silly placeDep node_modules/fast-glob glob-parent@5.1.2 OK for: fast-glob@3.3.1 want: ^5.1.2
1894 silly placeDep ROOT merge2@1.4.1 OK for: fast-glob@3.3.1 want: ^1.3.0
1895 silly placeDep ROOT micromatch@4.0.8 OK for: fast-glob@3.3.1 want: ^4.0.4
1896 silly fetch manifest fastq@^1.6.0
1897 silly packumentCache full:https://registry.npmjs.org/fastq cache-miss
1898 silly fetch manifest @nodelib/fs.scandir@2.1.5
1899 silly packumentCache full:https://registry.npmjs.org/@nodelib%2ffs.scandir cache-miss
1900 silly fetch manifest braces@^3.0.3
1901 silly packumentCache full:https://registry.npmjs.org/braces cache-miss
1902 silly fetch manifest picomatch@^2.3.1
1903 silly packumentCache full:https://registry.npmjs.org/picomatch cache-miss
1904 http cache https://registry.npmjs.org/picomatch 2ms (cache hit)
1905 silly packumentCache full:https://registry.npmjs.org/picomatch set size:118818 disposed:false
1906 http fetch GET 200 https://registry.npmjs.org/braces 28ms (cache miss)
1907 silly packumentCache full:https://registry.npmjs.org/braces set size:undefined disposed:false
1908 http fetch GET 200 https://registry.npmjs.org/@nodelib%2ffs.scandir 47ms (cache miss)
1909 silly packumentCache full:https://registry.npmjs.org/@nodelib%2ffs.scandir set size:undefined disposed:false
1910 http fetch GET 200 https://registry.npmjs.org/fastq 64ms (cache miss)
1911 silly packumentCache full:https://registry.npmjs.org/fastq set size:undefined disposed:false
1912 silly placeDep ROOT @nodelib/fs.scandir@2.1.5 OK for: @nodelib/fs.walk@1.2.8 want: 2.1.5
1913 silly placeDep ROOT fastq@1.19.1 OK for: @nodelib/fs.walk@1.2.8 want: ^1.6.0
1914 silly fetch manifest run-parallel@^1.1.9
1915 silly packumentCache full:https://registry.npmjs.org/run-parallel cache-miss
1916 silly fetch manifest reusify@^1.0.4
1917 silly packumentCache full:https://registry.npmjs.org/reusify cache-miss
1918 http fetch GET 200 https://registry.npmjs.org/reusify 29ms (cache miss)
1919 silly packumentCache full:https://registry.npmjs.org/reusify set size:undefined disposed:false
1920 http fetch GET 200 https://registry.npmjs.org/run-parallel 29ms (cache miss)
1921 silly packumentCache full:https://registry.npmjs.org/run-parallel set size:undefined disposed:false
1922 silly placeDep ROOT run-parallel@1.2.0 OK for: @nodelib/fs.scandir@2.1.5 want: ^1.1.9
1923 silly fetch manifest queue-microtask@^1.2.2
1924 silly packumentCache full:https://registry.npmjs.org/queue-microtask cache-miss
1925 http fetch GET 200 https://registry.npmjs.org/queue-microtask 29ms (cache miss)
1926 silly packumentCache full:https://registry.npmjs.org/queue-microtask set size:undefined disposed:false
1927 silly placeDep ROOT reusify@1.1.0 OK for: fastq@1.19.1 want: ^1.0.4
1928 silly placeDep ROOT flat-cache@4.0.1 OK for: file-entry-cache@8.0.0 want: ^4.0.0
1929 silly fetch manifest keyv@^4.5.4
1930 silly packumentCache full:https://registry.npmjs.org/keyv cache-miss
1931 silly fetch manifest flatted@^3.2.9
1932 silly packumentCache full:https://registry.npmjs.org/flatted cache-miss
1933 http fetch GET 200 https://registry.npmjs.org/keyv 31ms (cache miss)
1934 silly packumentCache full:https://registry.npmjs.org/keyv set size:undefined disposed:false
1935 http fetch GET 200 https://registry.npmjs.org/flatted 35ms (cache miss)
1936 silly packumentCache full:https://registry.npmjs.org/flatted set size:undefined disposed:false
1937 silly placeDep ROOT locate-path@6.0.0 OK for: find-up@5.0.0 want: ^6.0.0
1938 silly placeDep ROOT path-exists@4.0.0 OK for: find-up@5.0.0 want: ^4.0.0
1939 silly fetch manifest p-locate@^5.0.0
1940 silly packumentCache full:https://registry.npmjs.org/p-locate cache-miss
1941 http fetch GET 200 https://registry.npmjs.org/p-locate 26ms (cache miss)
1942 silly packumentCache full:https://registry.npmjs.org/p-locate set size:undefined disposed:false
1943 silly placeDep ROOT flatted@3.3.3 OK for: flat-cache@4.0.1 want: ^3.2.9
1944 silly placeDep ROOT keyv@4.5.4 OK for: flat-cache@4.0.1 want: ^4.5.4
1945 silly fetch manifest json-buffer@3.0.1
1946 silly packumentCache full:https://registry.npmjs.org/json-buffer cache-miss
1947 http fetch GET 200 https://registry.npmjs.org/json-buffer 60ms (cache miss)
1948 silly packumentCache full:https://registry.npmjs.org/json-buffer set size:undefined disposed:false
1949 silly placeDep ROOT functions-have-names@1.2.3 OK for: function.prototype.name@1.1.8 want: ^1.2.3
1950 silly placeDep ROOT dunder-proto@1.0.1 OK for: get-proto@1.0.1 want: ^1.0.1
1951 silly placeDep ROOT resolve-pkg-maps@1.0.0 OK for: get-tsconfig@4.13.0 want: ^1.0.0
1952 silly placeDep ROOT hermes-estree@0.25.1 OK for: hermes-parser@0.25.1 want: 0.25.1
1953 silly placeDep ROOT parent-module@1.0.1 OK for: import-fresh@3.3.1 want: ^1.0.0
1954 silly placeDep ROOT resolve-from@4.0.0 OK for: import-fresh@3.3.1 want: ^4.0.0
1955 silly fetch manifest callsites@^3.0.0
1956 silly packumentCache full:https://registry.npmjs.org/callsites cache-miss
1957 http fetch GET 200 https://registry.npmjs.org/callsites 44ms (cache miss)
1958 silly packumentCache full:https://registry.npmjs.org/callsites set size:undefined disposed:false
1959 silly placeDep ROOT side-channel@1.1.0 OK for: internal-slot@1.1.0 want: ^1.1.0
1960 silly fetch manifest side-channel-list@^1.0.0
1961 silly packumentCache full:https://registry.npmjs.org/side-channel-list cache-miss
1962 silly fetch manifest side-channel-map@^1.0.1
1963 silly packumentCache full:https://registry.npmjs.org/side-channel-map cache-miss
1964 silly fetch manifest side-channel-weakmap@^1.0.2
1965 silly packumentCache full:https://registry.npmjs.org/side-channel-weakmap cache-miss
1966 http fetch GET 200 https://registry.npmjs.org/side-channel-map 29ms (cache miss)
1967 silly packumentCache full:https://registry.npmjs.org/side-channel-map set size:undefined disposed:false
1968 http fetch GET 200 https://registry.npmjs.org/side-channel-list 30ms (cache miss)
1969 silly packumentCache full:https://registry.npmjs.org/side-channel-list set size:undefined disposed:false
1970 http fetch GET 200 https://registry.npmjs.org/side-channel-weakmap 35ms (cache miss)
1971 silly packumentCache full:https://registry.npmjs.org/side-channel-weakmap set size:undefined disposed:false
1972 silly placeDep node_modules/is-bun-module semver@7.7.3 OK for: is-bun-module@2.0.0 want: ^7.7.1
1973 silly placeDep ROOT is-extglob@2.1.1 OK for: is-glob@4.0.3 want: ^2.1.1
1974 silly placeDep ROOT set-function-name@2.0.2 OK for: iterator.prototype@1.1.5 want: ^2.0.2
1975 silly placeDep ROOT argparse@2.0.1 OK for: js-yaml@4.1.1 want: ^2.0.1
1976 silly placeDep ROOT json-buffer@3.0.1 OK for: keyv@4.5.4 want: 3.0.1
1977 silly placeDep ROOT language-subtag-registry@0.3.23 OK for: language-tags@1.0.9 want: ^0.3.20
1978 silly placeDep ROOT prelude-ls@1.2.1 OK for: levn@0.4.1 want: ^1.2.1
1979 silly placeDep ROOT type-check@0.4.0 OK for: levn@0.4.1 want: ~0.4.0
1980 silly placeDep ROOT detect-libc@2.1.2 OK for: lightningcss@1.30.2 want: ^2.0.3
1981 silly placeDep ROOT lightningcss-android-arm64@1.30.2 OK for: lightningcss@1.30.2 want: 1.30.2
1982 silly placeDep ROOT lightningcss-darwin-arm64@1.30.2 OK for: lightningcss@1.30.2 want: 1.30.2
1983 silly placeDep ROOT lightningcss-darwin-x64@1.30.2 OK for: lightningcss@1.30.2 want: 1.30.2
1984 silly placeDep ROOT lightningcss-freebsd-x64@1.30.2 OK for: lightningcss@1.30.2 want: 1.30.2
1985 silly placeDep ROOT lightningcss-linux-arm-gnueabihf@1.30.2 OK for: lightningcss@1.30.2 want: 1.30.2
1986 silly placeDep ROOT lightningcss-linux-arm64-gnu@1.30.2 OK for: lightningcss@1.30.2 want: 1.30.2
1987 silly placeDep ROOT lightningcss-linux-arm64-musl@1.30.2 OK for: lightningcss@1.30.2 want: 1.30.2
1988 silly placeDep ROOT lightningcss-linux-x64-gnu@1.30.2 OK for: lightningcss@1.30.2 want: 1.30.2
1989 silly placeDep ROOT lightningcss-linux-x64-musl@1.30.2 OK for: lightningcss@1.30.2 want: 1.30.2
1990 silly placeDep ROOT lightningcss-win32-arm64-msvc@1.30.2 OK for: lightningcss@1.30.2 want: 1.30.2
1991 silly placeDep ROOT lightningcss-win32-x64-msvc@1.30.2 OK for: lightningcss@1.30.2 want: 1.30.2
1992 silly placeDep ROOT p-locate@5.0.0 OK for: locate-path@6.0.0 want: ^5.0.0
1993 silly fetch manifest p-limit@^3.0.2
1994 silly packumentCache full:https://registry.npmjs.org/p-limit cache-miss
1995 http fetch GET 200 https://registry.npmjs.org/p-limit 44ms (cache miss)
1996 silly packumentCache full:https://registry.npmjs.org/p-limit set size:undefined disposed:false
1997 silly placeDep ROOT yallist@3.1.1 OK for: lru-cache@5.1.1 want: ^3.0.2
1998 silly placeDep ROOT braces@3.0.3 OK for: micromatch@4.0.8 want: ^3.0.3
1999 silly placeDep ROOT picomatch@2.3.1 OK for: micromatch@4.0.8 want: ^2.3.1
2000 silly fetch manifest fill-range@^7.1.1
2001 silly packumentCache full:https://registry.npmjs.org/fill-range cache-miss
2002 http fetch GET 200 https://registry.npmjs.org/fill-range 26ms (cache miss)
2003 silly packumentCache full:https://registry.npmjs.org/fill-range set size:undefined disposed:false
2004 silly placeDep ROOT fill-range@7.1.1 OK for: braces@3.0.3 want: ^7.1.1
2005 silly fetch manifest to-regex-range@^5.0.1
2006 silly packumentCache full:https://registry.npmjs.org/to-regex-range cache-miss
2007 http fetch GET 200 https://registry.npmjs.org/to-regex-range 51ms (cache miss)
2008 silly packumentCache full:https://registry.npmjs.org/to-regex-range set size:undefined disposed:false
2009 silly placeDep ROOT to-regex-range@5.0.1 OK for: fill-range@7.1.1 want: ^5.0.1
2010 silly fetch manifest is-number@^7.0.0
2011 silly packumentCache full:https://registry.npmjs.org/is-number cache-miss
2012 http fetch GET 200 https://registry.npmjs.org/is-number 57ms (cache miss)
2013 silly packumentCache full:https://registry.npmjs.org/is-number set size:undefined disposed:false
2014 silly placeDep ROOT brace-expansion@1.1.12 OK for: minimatch@3.1.2 want: ^1.1.7
2015 silly fetch manifest balanced-match@^1.0.0
2016 silly packumentCache full:https://registry.npmjs.org/balanced-match cache-miss
2017 silly fetch manifest concat-map@0.0.1
2018 silly packumentCache full:https://registry.npmjs.org/concat-map cache-miss
2019 http fetch GET 200 https://registry.npmjs.org/concat-map 25ms (cache miss)
2020 silly packumentCache full:https://registry.npmjs.org/concat-map set size:undefined disposed:false
2021 http fetch GET 200 https://registry.npmjs.org/balanced-match 28ms (cache miss)
2022 silly packumentCache full:https://registry.npmjs.org/balanced-match set size:undefined disposed:false
2023 silly placeDep ROOT balanced-match@1.0.2 OK for: brace-expansion@1.1.12 want: ^1.0.0
2024 silly placeDep ROOT concat-map@0.0.1 OK for: brace-expansion@1.1.12 want: 0.0.1
2025 silly fetch manifest react@^18.2.0 || 19.0.0-rc-de68d2f4-20241204 || ^19.0.0
2026 silly packumentCache full:https://registry.npmjs.org/react cache-miss
2027 http cache https://registry.npmjs.org/react 11ms (cache hit)
2028 silly packumentCache full:https://registry.npmjs.org/react set size:6275968 disposed:false
2029 silly placeDep ROOT @next/env@16.0.3 OK for: next@16.0.3 want: 16.0.3
2030 silly placeDep ROOT @next/swc-darwin-arm64@16.0.3 OK for: next@16.0.3 want: 16.0.3
2031 silly placeDep ROOT @next/swc-darwin-x64@16.0.3 OK for: next@16.0.3 want: 16.0.3
2032 silly placeDep ROOT @next/swc-linux-arm64-gnu@16.0.3 OK for: next@16.0.3 want: 16.0.3
2033 silly placeDep ROOT @next/swc-linux-arm64-musl@16.0.3 OK for: next@16.0.3 want: 16.0.3
2034 silly placeDep ROOT @next/swc-linux-x64-gnu@16.0.3 OK for: next@16.0.3 want: 16.0.3
2035 silly placeDep ROOT @next/swc-linux-x64-musl@16.0.3 OK for: next@16.0.3 want: 16.0.3
2036 silly placeDep ROOT @next/swc-win32-arm64-msvc@16.0.3 OK for: next@16.0.3 want: 16.0.3
2037 silly placeDep ROOT @next/swc-win32-x64-msvc@16.0.3 OK for: next@16.0.3 want: 16.0.3
2038 silly placeDep ROOT @swc/helpers@0.5.15 OK for: next@16.0.3 want: 0.5.15
2039 silly placeDep node_modules/next postcss@8.4.31 OK for: next@16.0.3 want: 8.4.31
2040 silly placeDep ROOT sharp@0.34.5 OK for: next@16.0.3 want: ^0.34.4
2041 silly placeDep ROOT styled-jsx@5.1.6 OK for: next@16.0.3 want: 5.1.6
2042 silly fetch manifest tslib@^2.8.0
2043 silly packumentCache full:https://registry.npmjs.org/tslib cache-miss
2044 silly fetch manifest nanoid@^3.3.6
2045 silly packumentCache full:https://registry.npmjs.org/nanoid cache-miss
2046 silly fetch manifest @img/colour@^1.0.0
2047 silly packumentCache full:https://registry.npmjs.org/@img%2fcolour cache-miss
2048 silly fetch manifest semver@^7.7.3
2049 silly packumentCache full:https://registry.npmjs.org/semver cache-hit
2050 silly fetch manifest @img/sharp-darwin-arm64@0.34.5
2051 silly packumentCache full:https://registry.npmjs.org/@img%2fsharp-darwin-arm64 cache-miss
2052 silly fetch manifest @img/sharp-darwin-x64@0.34.5
2053 silly packumentCache full:https://registry.npmjs.org/@img%2fsharp-darwin-x64 cache-miss
2054 silly fetch manifest @img/sharp-libvips-darwin-arm64@1.2.4
2055 silly packumentCache full:https://registry.npmjs.org/@img%2fsharp-libvips-darwin-arm64 cache-miss
2056 silly fetch manifest @img/sharp-libvips-darwin-x64@1.2.4
2057 silly packumentCache full:https://registry.npmjs.org/@img%2fsharp-libvips-darwin-x64 cache-miss
2058 http cache https://registry.npmjs.org/nanoid 4ms (cache hit)
2059 silly packumentCache full:https://registry.npmjs.org/nanoid set size:298419 disposed:false
2060 silly fetch manifest @img/sharp-libvips-linux-arm@1.2.4
2061 silly packumentCache full:https://registry.npmjs.org/@img%2fsharp-libvips-linux-arm cache-miss
2062 http fetch GET 200 https://registry.npmjs.org/tslib 36ms (cache miss)
2063 silly packumentCache full:https://registry.npmjs.org/tslib set size:undefined disposed:false
2064 silly fetch manifest @img/sharp-libvips-linux-arm64@1.2.4
2065 silly packumentCache full:https://registry.npmjs.org/@img%2fsharp-libvips-linux-arm64 cache-miss
2066 http fetch GET 200 https://registry.npmjs.org/@img%2fsharp-darwin-arm64 44ms (cache miss)
2067 silly packumentCache full:https://registry.npmjs.org/@img%2fsharp-darwin-arm64 set size:undefined disposed:false
2068 silly fetch manifest @img/sharp-libvips-linux-ppc64@1.2.4
2069 silly packumentCache full:https://registry.npmjs.org/@img%2fsharp-libvips-linux-ppc64 cache-miss
2070 http fetch GET 200 https://registry.npmjs.org/@img%2fsharp-libvips-darwin-x64 47ms (cache miss)
2071 silly packumentCache full:https://registry.npmjs.org/@img%2fsharp-libvips-darwin-x64 set size:undefined disposed:false
2072 silly fetch manifest @img/sharp-libvips-linux-riscv64@1.2.4
2073 silly packumentCache full:https://registry.npmjs.org/@img%2fsharp-libvips-linux-riscv64 cache-miss
2074 http fetch GET 200 https://registry.npmjs.org/@img%2fsharp-libvips-linux-arm 42ms (cache miss)
2075 silly packumentCache full:https://registry.npmjs.org/@img%2fsharp-libvips-linux-arm set size:undefined disposed:false
2076 silly fetch manifest @img/sharp-libvips-linux-s390x@1.2.4
2077 silly packumentCache full:https://registry.npmjs.org/@img%2fsharp-libvips-linux-s390x cache-miss
2078 http fetch GET 200 https://registry.npmjs.org/@img%2fcolour 51ms (cache miss)
2079 silly packumentCache full:https://registry.npmjs.org/@img%2fcolour set size:undefined disposed:false
2080 silly fetch manifest @img/sharp-libvips-linux-x64@1.2.4
2081 silly packumentCache full:https://registry.npmjs.org/@img%2fsharp-libvips-linux-x64 cache-miss
2082 http fetch GET 200 https://registry.npmjs.org/@img%2fsharp-darwin-x64 55ms (cache miss)
2083 silly packumentCache full:https://registry.npmjs.org/@img%2fsharp-darwin-x64 set size:undefined disposed:false
2084 silly fetch manifest @img/sharp-libvips-linuxmusl-arm64@1.2.4
2085 silly packumentCache full:https://registry.npmjs.org/@img%2fsharp-libvips-linuxmusl-arm64 cache-miss
2086 http fetch GET 200 https://registry.npmjs.org/@img%2fsharp-libvips-linux-arm64 36ms (cache miss)
2087 silly packumentCache full:https://registry.npmjs.org/@img%2fsharp-libvips-linux-arm64 set size:undefined disposed:false
2088 silly fetch manifest @img/sharp-libvips-linuxmusl-x64@1.2.4
2089 silly packumentCache full:https://registry.npmjs.org/@img%2fsharp-libvips-linuxmusl-x64 cache-miss
2090 http fetch GET 200 https://registry.npmjs.org/@img%2fsharp-libvips-darwin-arm64 83ms (cache miss)
2091 silly packumentCache full:https://registry.npmjs.org/@img%2fsharp-libvips-darwin-arm64 set size:undefined disposed:false
2092 silly fetch manifest @img/sharp-linux-arm@0.34.5
2093 silly packumentCache full:https://registry.npmjs.org/@img%2fsharp-linux-arm cache-miss
2094 http fetch GET 200 https://registry.npmjs.org/@img%2fsharp-libvips-linux-s390x 37ms (cache miss)
2095 silly packumentCache full:https://registry.npmjs.org/@img%2fsharp-libvips-linux-s390x set size:undefined disposed:false
2096 silly fetch manifest @img/sharp-linux-arm64@0.34.5
2097 silly packumentCache full:https://registry.npmjs.org/@img%2fsharp-linux-arm64 cache-miss
2098 http fetch GET 200 https://registry.npmjs.org/@img%2fsharp-libvips-linux-riscv64 46ms (cache miss)
2099 silly packumentCache full:https://registry.npmjs.org/@img%2fsharp-libvips-linux-riscv64 set size:undefined disposed:false
2100 silly fetch manifest @img/sharp-linux-ppc64@0.34.5
2101 silly packumentCache full:https://registry.npmjs.org/@img%2fsharp-linux-ppc64 cache-miss
2102 http fetch GET 200 https://registry.npmjs.org/@img%2fsharp-libvips-linux-ppc64 50ms (cache miss)
2103 silly packumentCache full:https://registry.npmjs.org/@img%2fsharp-libvips-linux-ppc64 set size:undefined disposed:false
2104 silly fetch manifest @img/sharp-linux-riscv64@0.34.5
2105 silly packumentCache full:https://registry.npmjs.org/@img%2fsharp-linux-riscv64 cache-miss
2106 http fetch GET 200 https://registry.npmjs.org/@img%2fsharp-libvips-linux-x64 51ms (cache miss)
2107 silly packumentCache full:https://registry.npmjs.org/@img%2fsharp-libvips-linux-x64 set size:undefined disposed:false
2108 silly fetch manifest @img/sharp-linux-s390x@0.34.5
2109 silly packumentCache full:https://registry.npmjs.org/@img%2fsharp-linux-s390x cache-miss
2110 http fetch GET 200 https://registry.npmjs.org/@img%2fsharp-linux-arm 37ms (cache miss)
2111 silly packumentCache full:https://registry.npmjs.org/@img%2fsharp-linux-arm set size:undefined disposed:false
2112 silly fetch manifest @img/sharp-linux-x64@0.34.5
2113 silly packumentCache full:https://registry.npmjs.org/@img%2fsharp-linux-x64 cache-miss
2114 http fetch GET 200 https://registry.npmjs.org/@img%2fsharp-libvips-linuxmusl-arm64 69ms (cache miss)
2115 silly packumentCache full:https://registry.npmjs.org/@img%2fsharp-libvips-linuxmusl-arm64 set size:undefined disposed:false
2116 silly fetch manifest @img/sharp-linuxmusl-arm64@0.34.5
2117 silly packumentCache full:https://registry.npmjs.org/@img%2fsharp-linuxmusl-arm64 cache-miss
2118 http fetch GET 200 https://registry.npmjs.org/@img%2fsharp-linux-riscv64 35ms (cache miss)
2119 silly packumentCache full:https://registry.npmjs.org/@img%2fsharp-linux-riscv64 set size:undefined disposed:false
2120 silly fetch manifest @img/sharp-linuxmusl-x64@0.34.5
2121 silly packumentCache full:https://registry.npmjs.org/@img%2fsharp-linuxmusl-x64 cache-miss
2122 http fetch GET 200 https://registry.npmjs.org/@img%2fsharp-linux-arm64 55ms (cache miss)
2123 silly packumentCache full:https://registry.npmjs.org/@img%2fsharp-linux-arm64 set size:undefined disposed:false
2124 silly fetch manifest @img/sharp-wasm32@0.34.5
2125 silly packumentCache full:https://registry.npmjs.org/@img%2fsharp-wasm32 cache-miss
2126 http fetch GET 200 https://registry.npmjs.org/@img%2fsharp-linux-ppc64 49ms (cache miss)
2127 silly packumentCache full:https://registry.npmjs.org/@img%2fsharp-linux-ppc64 set size:undefined disposed:false
2128 silly fetch manifest @img/sharp-win32-arm64@0.34.5
2129 silly packumentCache full:https://registry.npmjs.org/@img%2fsharp-win32-arm64 cache-miss
2130 http fetch GET 200 https://registry.npmjs.org/@img%2fsharp-libvips-linuxmusl-x64 76ms (cache miss)
2131 silly packumentCache full:https://registry.npmjs.org/@img%2fsharp-libvips-linuxmusl-x64 set size:undefined disposed:false
2132 silly fetch manifest @img/sharp-win32-ia32@0.34.5
2133 silly packumentCache full:https://registry.npmjs.org/@img%2fsharp-win32-ia32 cache-miss
2134 http fetch GET 200 https://registry.npmjs.org/@img%2fsharp-linux-x64 48ms (cache miss)
2135 silly packumentCache full:https://registry.npmjs.org/@img%2fsharp-linux-x64 set size:undefined disposed:false
2136 silly fetch manifest @img/sharp-win32-x64@0.34.5
2137 silly packumentCache full:https://registry.npmjs.org/@img%2fsharp-win32-x64 cache-miss
2138 http fetch GET 200 https://registry.npmjs.org/@img%2fsharp-win32-arm64 43ms (cache miss)
2139 silly packumentCache full:https://registry.npmjs.org/@img%2fsharp-win32-arm64 set size:undefined disposed:false
2140 silly fetch manifest client-only@0.0.1
2141 silly packumentCache full:https://registry.npmjs.org/client-only cache-miss
2142 http fetch GET 200 https://registry.npmjs.org/@img%2fsharp-linux-s390x 88ms (cache miss)
2143 silly packumentCache full:https://registry.npmjs.org/@img%2fsharp-linux-s390x set size:undefined disposed:false
2144 http fetch GET 200 https://registry.npmjs.org/@img%2fsharp-linuxmusl-x64 82ms (cache miss)
2145 silly packumentCache full:https://registry.npmjs.org/@img%2fsharp-linuxmusl-x64 set size:undefined disposed:false
2146 http fetch GET 200 https://registry.npmjs.org/client-only 33ms (cache miss)
2147 silly packumentCache full:https://registry.npmjs.org/client-only set size:undefined disposed:false
2148 http fetch GET 200 https://registry.npmjs.org/@img%2fsharp-wasm32 81ms (cache miss)
2149 silly packumentCache full:https://registry.npmjs.org/@img%2fsharp-wasm32 set size:undefined disposed:false
2150 http fetch GET 200 https://registry.npmjs.org/@img%2fsharp-win32-ia32 80ms (cache miss)
2151 silly packumentCache full:https://registry.npmjs.org/@img%2fsharp-win32-ia32 set size:undefined disposed:false
2152 http fetch GET 200 https://registry.npmjs.org/@img%2fsharp-win32-x64 71ms (cache miss)
2153 silly packumentCache full:https://registry.npmjs.org/@img%2fsharp-win32-x64 set size:undefined disposed:false
2154 http fetch GET 200 https://registry.npmjs.org/@img%2fsharp-linuxmusl-arm64 143ms (cache miss)
2155 silly packumentCache full:https://registry.npmjs.org/@img%2fsharp-linuxmusl-arm64 set size:undefined disposed:false
2156 silly placeDep ROOT tslib@2.8.1 OK for: @swc/helpers@0.5.15 want: ^2.8.0
2157 silly placeDep ROOT deep-is@0.1.4 OK for: optionator@0.9.4 want: ^0.1.3
2158 silly placeDep ROOT fast-levenshtein@2.0.6 OK for: optionator@0.9.4 want: ^2.0.6
2159 silly placeDep ROOT word-wrap@1.2.5 OK for: optionator@0.9.4 want: ^1.2.5
2160 silly placeDep ROOT p-limit@3.1.0 OK for: p-locate@5.0.0 want: ^3.0.2
2161 silly fetch manifest yocto-queue@^0.1.0
2162 silly packumentCache full:https://registry.npmjs.org/yocto-queue cache-miss
2163 http fetch GET 200 https://registry.npmjs.org/yocto-queue 41ms (cache miss)
2164 silly packumentCache full:https://registry.npmjs.org/yocto-queue set size:undefined disposed:false
2165 silly placeDep ROOT yocto-queue@0.1.0 OK for: p-limit@3.1.0 want: ^0.1.0
2166 silly placeDep ROOT callsites@3.1.0 OK for: parent-module@1.0.1 want: ^3.0.0
2167 silly placeDep ROOT nanoid@3.3.11 OK for: postcss@8.5.6 want: ^3.3.11
2168 silly placeDep ROOT loose-envify@1.4.0 OK for: prop-types@15.8.1 want: ^1.4.0
2169 silly placeDep ROOT object-assign@4.1.1 OK for: prop-types@15.8.1 want: ^4.1.1
2170 silly placeDep ROOT react-is@16.13.1 OK for: prop-types@15.8.1 want: ^16.13.1
2171 silly placeDep ROOT scheduler@0.27.0 OK for: react-dom@19.2.0 want: ^0.27.0
2172 silly placeDep ROOT path-parse@1.0.7 OK for: resolve@1.22.11 want: ^1.0.7
2173 silly placeDep ROOT supports-preserve-symlinks-flag@1.0.0 OK for: resolve@1.22.11 want: ^1.0.0
2174 silly placeDep ROOT queue-microtask@1.2.3 OK for: run-parallel@1.2.0 want: ^1.2.2
2175 silly placeDep ROOT isarray@2.0.5 OK for: safe-array-concat@1.1.3 want: ^2.0.5
2176 silly placeDep ROOT @img/colour@1.0.0 OK for: sharp@0.34.5 want: ^1.0.0
2177 silly placeDep ROOT @img/sharp-darwin-arm64@0.34.5 OK for: sharp@0.34.5 want: 0.34.5
2178 silly placeDep ROOT @img/sharp-darwin-x64@0.34.5 OK for: sharp@0.34.5 want: 0.34.5
2179 silly placeDep ROOT @img/sharp-libvips-darwin-arm64@1.2.4 OK for: sharp@0.34.5 want: 1.2.4
2180 silly placeDep ROOT @img/sharp-libvips-darwin-x64@1.2.4 OK for: sharp@0.34.5 want: 1.2.4
2181 silly placeDep ROOT @img/sharp-libvips-linux-arm@1.2.4 OK for: sharp@0.34.5 want: 1.2.4
2182 silly placeDep ROOT @img/sharp-libvips-linux-arm64@1.2.4 OK for: sharp@0.34.5 want: 1.2.4
2183 silly placeDep ROOT @img/sharp-libvips-linux-ppc64@1.2.4 OK for: sharp@0.34.5 want: 1.2.4
2184 silly placeDep ROOT @img/sharp-libvips-linux-riscv64@1.2.4 OK for: sharp@0.34.5 want: 1.2.4
2185 silly placeDep ROOT @img/sharp-libvips-linux-s390x@1.2.4 OK for: sharp@0.34.5 want: 1.2.4
2186 silly placeDep ROOT @img/sharp-libvips-linux-x64@1.2.4 OK for: sharp@0.34.5 want: 1.2.4
2187 silly placeDep ROOT @img/sharp-libvips-linuxmusl-arm64@1.2.4 OK for: sharp@0.34.5 want: 1.2.4
2188 silly placeDep ROOT @img/sharp-libvips-linuxmusl-x64@1.2.4 OK for: sharp@0.34.5 want: 1.2.4
2189 silly placeDep ROOT @img/sharp-linux-arm@0.34.5 OK for: sharp@0.34.5 want: 0.34.5
2190 silly placeDep ROOT @img/sharp-linux-arm64@0.34.5 OK for: sharp@0.34.5 want: 0.34.5
2191 silly placeDep ROOT @img/sharp-linux-ppc64@0.34.5 OK for: sharp@0.34.5 want: 0.34.5
2192 silly placeDep ROOT @img/sharp-linux-riscv64@0.34.5 OK for: sharp@0.34.5 want: 0.34.5
2193 silly placeDep ROOT @img/sharp-linux-s390x@0.34.5 OK for: sharp@0.34.5 want: 0.34.5
2194 silly placeDep ROOT @img/sharp-linux-x64@0.34.5 OK for: sharp@0.34.5 want: 0.34.5
2195 silly placeDep ROOT @img/sharp-linuxmusl-arm64@0.34.5 OK for: sharp@0.34.5 want: 0.34.5
2196 silly placeDep ROOT @img/sharp-linuxmusl-x64@0.34.5 OK for: sharp@0.34.5 want: 0.34.5
2197 silly placeDep ROOT @img/sharp-wasm32@0.34.5 OK for: sharp@0.34.5 want: 0.34.5
2198 silly placeDep ROOT @img/sharp-win32-arm64@0.34.5 OK for: sharp@0.34.5 want: 0.34.5
2199 silly placeDep ROOT @img/sharp-win32-ia32@0.34.5 OK for: sharp@0.34.5 want: 0.34.5
2200 silly placeDep ROOT @img/sharp-win32-x64@0.34.5 OK for: sharp@0.34.5 want: 0.34.5
2201 silly placeDep node_modules/sharp semver@7.7.3 OK for: sharp@0.34.5 want: ^7.7.3
2202 silly fetch manifest @emnapi/runtime@^1.7.0
2203 silly packumentCache full:https://registry.npmjs.org/@emnapi%2fruntime cache-miss
2204 http fetch GET 200 https://registry.npmjs.org/@emnapi%2fruntime 53ms (cache miss)
2205 silly packumentCache full:https://registry.npmjs.org/@emnapi%2fruntime set size:undefined disposed:false
2206 silly placeDep ROOT @emnapi/runtime@1.7.1 OK for: @img/sharp-wasm32@0.34.5 want: ^1.7.0
2207 silly placeDep ROOT shebang-regex@3.0.0 OK for: shebang-command@2.0.0 want: ^3.0.0
2208 silly placeDep ROOT side-channel-list@1.0.0 OK for: side-channel@1.1.0 want: ^1.0.0
2209 silly placeDep ROOT side-channel-map@1.0.1 OK for: side-channel@1.1.0 want: ^1.0.1
2210 silly placeDep ROOT side-channel-weakmap@1.0.2 OK for: side-channel@1.1.0 want: ^1.0.2
2211 silly placeDep ROOT client-only@0.0.1 OK for: styled-jsx@5.1.6 want: 0.0.1
2212 silly placeDep ROOT has-flag@4.0.0 OK for: supports-color@7.2.0 want: ^4.0.0
2213 silly placeDep node_modules/tinyglobby fdir@6.5.0 OK for: tinyglobby@0.2.15 want: ^6.5.0
2214 silly placeDep node_modules/tinyglobby picomatch@4.0.3 OK for: fdir@6.5.0 want: ^3 || ^4
2215 silly placeDep ROOT is-number@7.0.0 OK for: to-regex-range@5.0.1 want: ^7.0.0
2216 silly placeDep ROOT @types/json5@0.0.29 OK for: tsconfig-paths@3.15.0 want: ^0.0.29
2217 silly placeDep node_modules/tsconfig-paths json5@1.0.2 OK for: tsconfig-paths@3.15.0 want: ^1.0.2
2218 silly placeDep ROOT minimist@1.2.8 OK for: tsconfig-paths@3.15.0 want: ^1.2.6
2219 silly placeDep ROOT strip-bom@3.0.0 OK for: tsconfig-paths@3.15.0 want: ^3.0.0
2220 silly fetch manifest minimist@^1.2.0
2221 silly packumentCache full:https://registry.npmjs.org/minimist cache-miss
2222 http cache https://registry.npmjs.org/minimist 7ms (cache hit)
2223 silly packumentCache full:https://registry.npmjs.org/minimist set size:77082 disposed:false
2224 silly placeDep ROOT for-each@0.3.5 OK for: typed-array-byte-length@1.0.3 want: ^0.3.3
2225 silly placeDep ROOT reflect.getprototypeof@1.0.10 OK for: typed-array-byte-offset@1.0.4 want: ^1.0.9
2226 silly fetch manifest which-builtin-type@^1.2.1
2227 silly packumentCache full:https://registry.npmjs.org/which-builtin-type cache-miss
2228 http fetch GET 200 https://registry.npmjs.org/which-builtin-type 26ms (cache miss)
2229 silly packumentCache full:https://registry.npmjs.org/which-builtin-type set size:undefined disposed:false
2230 silly placeDep ROOT which-builtin-type@1.2.1 OK for: reflect.getprototypeof@1.0.10 want: ^1.2.1
2231 silly fetch manifest is-async-function@^2.0.0
2232 silly packumentCache full:https://registry.npmjs.org/is-async-function cache-miss
2233 silly fetch manifest is-finalizationregistry@^1.1.0
2234 silly packumentCache full:https://registry.npmjs.org/is-finalizationregistry cache-miss
2235 silly fetch manifest is-generator-function@^1.0.10
2236 silly packumentCache full:https://registry.npmjs.org/is-generator-function cache-miss
2237 silly fetch manifest which-boxed-primitive@^1.1.0
2238 silly packumentCache full:https://registry.npmjs.org/which-boxed-primitive cache-miss
2239 silly fetch manifest which-collection@^1.0.2
2240 silly packumentCache full:https://registry.npmjs.org/which-collection cache-miss
2241 http cache https://registry.npmjs.org/which-boxed-primitive 2ms (cache hit)
2242 silly packumentCache full:https://registry.npmjs.org/which-boxed-primitive set size:19407 disposed:false
2243 http fetch GET 200 https://registry.npmjs.org/is-generator-function 28ms (cache miss)
2244 silly packumentCache full:https://registry.npmjs.org/is-generator-function set size:undefined disposed:false
2245 http fetch GET 200 https://registry.npmjs.org/is-finalizationregistry 31ms (cache miss)
2246 silly packumentCache full:https://registry.npmjs.org/is-finalizationregistry set size:undefined disposed:false
2247 http fetch GET 200 https://registry.npmjs.org/is-async-function 35ms (cache miss)
2248 silly packumentCache full:https://registry.npmjs.org/is-async-function set size:undefined disposed:false
2249 http fetch GET 200 https://registry.npmjs.org/which-collection 51ms (cache miss)
2250 silly packumentCache full:https://registry.npmjs.org/which-collection set size:undefined disposed:false
2251 silly fetch manifest eslint@^8.57.0 || ^9.0.0
2252 silly packumentCache full:https://registry.npmjs.org/eslint cache-miss
2253 http cache https://registry.npmjs.org/eslint 3ms (cache hit)
2254 silly packumentCache full:https://registry.npmjs.org/eslint set size:1859273 disposed:false
2255 silly fetch manifest typescript@>=4.8.4 <6.0.0
2256 silly packumentCache full:https://registry.npmjs.org/typescript cache-miss
2257 http cache https://registry.npmjs.org/typescript 15ms (cache hit)
2258 silly packumentCache full:https://registry.npmjs.org/typescript set size:14919089 disposed:false
2259 silly placeDep ROOT @typescript-eslint/eslint-plugin@8.47.0 OK for: typescript-eslint@8.47.0 want: 8.47.0
2260 silly placeDep ROOT @typescript-eslint/parser@8.47.0 OK for: @typescript-eslint/eslint-plugin@8.47.0 want: ^8.47.0
2261 silly placeDep ROOT @typescript-eslint/typescript-estree@8.47.0 OK for: typescript-eslint@8.47.0 want: 8.47.0
2262 silly placeDep ROOT @typescript-eslint/utils@8.47.0 OK for: typescript-eslint@8.47.0 want: 8.47.0
2263 silly fetch manifest ignore@^7.0.0
2264 silly packumentCache full:https://registry.npmjs.org/ignore cache-miss
2265 silly fetch manifest graphemer@^1.4.0
2266 silly packumentCache full:https://registry.npmjs.org/graphemer cache-miss
2267 silly fetch manifest ts-api-utils@^2.1.0
2268 silly packumentCache full:https://registry.npmjs.org/ts-api-utils cache-miss
2269 silly fetch manifest @typescript-eslint/type-utils@8.47.0
2270 silly packumentCache full:https://registry.npmjs.org/@typescript-eslint%2ftype-utils cache-miss
2271 silly fetch manifest @typescript-eslint/visitor-keys@8.47.0
2272 silly packumentCache full:https://registry.npmjs.org/@typescript-eslint%2fvisitor-keys cache-miss
2273 silly fetch manifest @typescript-eslint/scope-manager@8.47.0
2274 silly packumentCache full:https://registry.npmjs.org/@typescript-eslint%2fscope-manager cache-miss
2275 silly fetch manifest @typescript-eslint/types@8.47.0
2276 silly packumentCache full:https://registry.npmjs.org/@typescript-eslint%2ftypes cache-miss
2277 http cache https://registry.npmjs.org/ignore 5ms (cache hit)
2278 silly packumentCache full:https://registry.npmjs.org/ignore set size:237380 disposed:false
2279 silly fetch manifest @typescript-eslint/visitor-keys@8.47.0
2280 silly packumentCache full:https://registry.npmjs.org/@typescript-eslint%2fvisitor-keys cache-miss
2281 http fetch GET 200 https://registry.npmjs.org/ts-api-utils 41ms (cache miss)
2282 silly packumentCache full:https://registry.npmjs.org/ts-api-utils set size:undefined disposed:false
2283 silly fetch manifest @typescript-eslint/scope-manager@8.47.0
2284 silly packumentCache full:https://registry.npmjs.org/@typescript-eslint%2fscope-manager cache-miss
2285 http fetch GET 200 https://registry.npmjs.org/graphemer 70ms (cache miss)
2286 silly packumentCache full:https://registry.npmjs.org/graphemer set size:undefined disposed:false
2287 silly fetch manifest semver@^7.6.0
2288 silly packumentCache full:https://registry.npmjs.org/semver cache-hit
2289 silly fetch manifest fast-glob@^3.3.2
2290 silly packumentCache full:https://registry.npmjs.org/fast-glob cache-miss
2291 http cache https://registry.npmjs.org/fast-glob 4ms (cache hit)
2292 silly packumentCache full:https://registry.npmjs.org/fast-glob set size:220556 disposed:false
2293 silly fetch manifest minimatch@^9.0.4
2294 silly packumentCache full:https://registry.npmjs.org/minimatch cache-miss
2295 http cache https://registry.npmjs.org/minimatch 5ms (cache hit)
2296 silly packumentCache full:https://registry.npmjs.org/minimatch set size:303959 disposed:false
2297 silly fetch manifest @typescript-eslint/types@8.47.0
2298 silly packumentCache full:https://registry.npmjs.org/@typescript-eslint%2ftypes cache-miss
2299 http fetch GET 200 https://registry.npmjs.org/@typescript-eslint%2ftype-utils 171ms (cache miss)
2300 silly packumentCache full:https://registry.npmjs.org/@typescript-eslint%2ftype-utils set size:undefined disposed:false
2301 silly fetch manifest @typescript-eslint/visitor-keys@8.47.0
2302 silly packumentCache full:https://registry.npmjs.org/@typescript-eslint%2fvisitor-keys cache-miss
2303 http fetch GET 200 https://registry.npmjs.org/@typescript-eslint%2fvisitor-keys 245ms (cache miss)
2304 silly packumentCache full:https://registry.npmjs.org/@typescript-eslint%2fvisitor-keys set size:undefined disposed:false
2305 silly fetch manifest @typescript-eslint/tsconfig-utils@8.47.0
2306 silly packumentCache full:https://registry.npmjs.org/@typescript-eslint%2ftsconfig-utils cache-miss
2307 http fetch GET 200 https://registry.npmjs.org/@typescript-eslint%2ftypes 304ms (cache miss)
2308 silly packumentCache full:https://registry.npmjs.org/@typescript-eslint%2ftypes set size:undefined disposed:false
2309 silly fetch manifest @typescript-eslint/project-service@8.47.0
2310 silly packumentCache full:https://registry.npmjs.org/@typescript-eslint%2fproject-service cache-miss
2311 http fetch GET 200 https://registry.npmjs.org/@typescript-eslint%2ftsconfig-utils 76ms (cache miss)
2312 silly packumentCache full:https://registry.npmjs.org/@typescript-eslint%2ftsconfig-utils set size:undefined disposed:false
2313 silly fetch manifest @typescript-eslint/scope-manager@8.47.0
2314 silly packumentCache full:https://registry.npmjs.org/@typescript-eslint%2fscope-manager cache-miss
2315 http fetch GET 200 https://registry.npmjs.org/@typescript-eslint%2fscope-manager 355ms (cache miss)
2316 silly packumentCache full:https://registry.npmjs.org/@typescript-eslint%2fscope-manager set size:undefined disposed:false
2317 http fetch GET 200 https://registry.npmjs.org/@typescript-eslint%2fscope-manager 341ms (cache miss)
2318 silly packumentCache full:https://registry.npmjs.org/@typescript-eslint%2fscope-manager set size:undefined disposed:false
2319 http fetch GET 200 https://registry.npmjs.org/@typescript-eslint%2fproject-service 88ms (cache miss)
2320 silly packumentCache full:https://registry.npmjs.org/@typescript-eslint%2fproject-service set size:undefined disposed:false
2321 http fetch GET 200 https://registry.npmjs.org/@typescript-eslint%2ftypes 354ms (cache miss)
2322 silly packumentCache full:https://registry.npmjs.org/@typescript-eslint%2ftypes set size:undefined disposed:false
2323 http fetch GET 200 https://registry.npmjs.org/@typescript-eslint%2fvisitor-keys 287ms (cache miss)
2324 silly packumentCache full:https://registry.npmjs.org/@typescript-eslint%2fvisitor-keys set size:undefined disposed:false
2325 http fetch GET 200 https://registry.npmjs.org/@typescript-eslint%2fscope-manager 227ms (cache miss)
2326 silly packumentCache full:https://registry.npmjs.org/@typescript-eslint%2fscope-manager set size:undefined disposed:false
2327 http fetch GET 200 https://registry.npmjs.org/@typescript-eslint%2fvisitor-keys 621ms (cache miss)
2328 silly packumentCache full:https://registry.npmjs.org/@typescript-eslint%2fvisitor-keys set size:undefined disposed:false
2329 silly placeDep ROOT @typescript-eslint/scope-manager@8.47.0 OK for: @typescript-eslint/eslint-plugin@8.47.0 want: 8.47.0
2330 silly placeDep ROOT @typescript-eslint/type-utils@8.47.0 OK for: @typescript-eslint/eslint-plugin@8.47.0 want: 8.47.0
2331 silly placeDep ROOT @typescript-eslint/visitor-keys@8.47.0 OK for: @typescript-eslint/eslint-plugin@8.47.0 want: 8.47.0
2332 silly placeDep ROOT graphemer@1.4.0 OK for: @typescript-eslint/eslint-plugin@8.47.0 want: ^1.4.0
2333 silly placeDep node_modules/@typescript-eslint/eslint-plugin ignore@7.0.5 OK for: @typescript-eslint/eslint-plugin@8.47.0 want: ^7.0.0
2334 silly placeDep ROOT ts-api-utils@2.1.0 OK for: @typescript-eslint/eslint-plugin@8.47.0 want: ^2.1.0
2335 silly placeDep ROOT @typescript-eslint/types@8.47.0 OK for: @typescript-eslint/parser@8.47.0 want: 8.47.0
2336 silly placeDep ROOT @typescript-eslint/project-service@8.47.0 OK for: @typescript-eslint/typescript-estree@8.47.0 want: 8.47.0
2337 silly placeDep ROOT @typescript-eslint/tsconfig-utils@8.47.0 OK for: @typescript-eslint/typescript-estree@8.47.0 want: 8.47.0
2338 silly placeDep node_modules/@typescript-eslint/typescript-estree fast-glob@3.3.3 OK for: @typescript-eslint/typescript-estree@8.47.0 want: ^3.3.2
2339 silly placeDep node_modules/@typescript-eslint/typescript-estree minimatch@9.0.5 OK for: @typescript-eslint/typescript-estree@8.47.0 want: ^9.0.4
2340 silly placeDep node_modules/@typescript-eslint/typescript-estree semver@7.7.3 OK for: @typescript-eslint/typescript-estree@8.47.0 want: ^7.6.0
2341 silly fetch manifest @typescript-eslint/tsconfig-utils@^8.47.0
2342 silly packumentCache full:https://registry.npmjs.org/@typescript-eslint%2ftsconfig-utils cache-miss
2343 silly fetch manifest brace-expansion@^2.0.1
2344 silly packumentCache full:https://registry.npmjs.org/brace-expansion cache-miss
2345 http cache https://registry.npmjs.org/@typescript-eslint%2ftsconfig-utils 4ms (cache hit)
2346 silly packumentCache full:https://registry.npmjs.org/@typescript-eslint%2ftsconfig-utils set size:555493 disposed:false
2347 http cache https://registry.npmjs.org/brace-expansion 6ms (cache hit)
2348 silly packumentCache full:https://registry.npmjs.org/brace-expansion set size:46250 disposed:false
2349 silly placeDep ROOT has-bigints@1.1.0 OK for: unbox-primitive@1.1.0 want: ^1.0.2
2350 silly placeDep ROOT which-boxed-primitive@1.1.1 OK for: unbox-primitive@1.1.0 want: ^1.1.1
2351 silly fetch manifest is-bigint@^1.1.0
2352 silly packumentCache full:https://registry.npmjs.org/is-bigint cache-miss
2353 silly fetch manifest is-boolean-object@^1.2.1
2354 silly packumentCache full:https://registry.npmjs.org/is-boolean-object cache-miss
2355 silly fetch manifest is-number-object@^1.1.1
2356 silly packumentCache full:https://registry.npmjs.org/is-number-object cache-miss
2357 http fetch GET 200 https://registry.npmjs.org/is-boolean-object 28ms (cache miss)
2358 silly packumentCache full:https://registry.npmjs.org/is-boolean-object set size:undefined disposed:false
2359 http fetch GET 200 https://registry.npmjs.org/is-number-object 34ms (cache miss)
2360 silly packumentCache full:https://registry.npmjs.org/is-number-object set size:undefined disposed:false
2361 http fetch GET 200 https://registry.npmjs.org/is-bigint 38ms (cache miss)
2362 silly packumentCache full:https://registry.npmjs.org/is-bigint set size:undefined disposed:false
2363 silly placeDep ROOT @unrs/resolver-binding-android-arm-eabi@1.11.1 OK for: unrs-resolver@1.11.1 want: 1.11.1
2364 silly placeDep ROOT @unrs/resolver-binding-android-arm64@1.11.1 OK for: unrs-resolver@1.11.1 want: 1.11.1
2365 silly placeDep ROOT @unrs/resolver-binding-darwin-arm64@1.11.1 OK for: unrs-resolver@1.11.1 want: 1.11.1
2366 silly placeDep ROOT @unrs/resolver-binding-darwin-x64@1.11.1 OK for: unrs-resolver@1.11.1 want: 1.11.1
2367 silly placeDep ROOT @unrs/resolver-binding-freebsd-x64@1.11.1 OK for: unrs-resolver@1.11.1 want: 1.11.1
2368 silly placeDep ROOT @unrs/resolver-binding-linux-arm-gnueabihf@1.11.1 OK for: unrs-resolver@1.11.1 want: 1.11.1
2369 silly placeDep ROOT @unrs/resolver-binding-linux-arm-musleabihf@1.11.1 OK for: unrs-resolver@1.11.1 want: 1.11.1
2370 silly placeDep ROOT @unrs/resolver-binding-linux-arm64-gnu@1.11.1 OK for: unrs-resolver@1.11.1 want: 1.11.1
2371 silly placeDep ROOT @unrs/resolver-binding-linux-arm64-musl@1.11.1 OK for: unrs-resolver@1.11.1 want: 1.11.1
2372 silly placeDep ROOT @unrs/resolver-binding-linux-ppc64-gnu@1.11.1 OK for: unrs-resolver@1.11.1 want: 1.11.1
2373 silly placeDep ROOT @unrs/resolver-binding-linux-riscv64-gnu@1.11.1 OK for: unrs-resolver@1.11.1 want: 1.11.1
2374 silly placeDep ROOT @unrs/resolver-binding-linux-riscv64-musl@1.11.1 OK for: unrs-resolver@1.11.1 want: 1.11.1
2375 silly placeDep ROOT @unrs/resolver-binding-linux-s390x-gnu@1.11.1 OK for: unrs-resolver@1.11.1 want: 1.11.1
2376 silly placeDep ROOT @unrs/resolver-binding-linux-x64-gnu@1.11.1 OK for: unrs-resolver@1.11.1 want: 1.11.1
2377 silly placeDep ROOT @unrs/resolver-binding-linux-x64-musl@1.11.1 OK for: unrs-resolver@1.11.1 want: 1.11.1
2378 silly placeDep ROOT @unrs/resolver-binding-wasm32-wasi@1.11.1 OK for: unrs-resolver@1.11.1 want: 1.11.1
2379 silly placeDep ROOT @unrs/resolver-binding-win32-arm64-msvc@1.11.1 OK for: unrs-resolver@1.11.1 want: 1.11.1
2380 silly placeDep ROOT @unrs/resolver-binding-win32-ia32-msvc@1.11.1 OK for: unrs-resolver@1.11.1 want: 1.11.1
2381 silly placeDep ROOT @unrs/resolver-binding-win32-x64-msvc@1.11.1 OK for: unrs-resolver@1.11.1 want: 1.11.1
2382 silly placeDep ROOT napi-postinstall@0.3.4 OK for: unrs-resolver@1.11.1 want: ^0.3.0
2383 silly fetch manifest @napi-rs/wasm-runtime@^0.2.11
2384 silly packumentCache full:https://registry.npmjs.org/@napi-rs%2fwasm-runtime cache-miss
2385 http fetch GET 200 https://registry.npmjs.org/@napi-rs%2fwasm-runtime 44ms (cache miss)
2386 silly packumentCache full:https://registry.npmjs.org/@napi-rs%2fwasm-runtime set size:undefined disposed:false
2387 silly placeDep ROOT @napi-rs/wasm-runtime@0.2.12 OK for: @unrs/resolver-binding-wasm32-wasi@1.11.1 want: ^0.2.11
2388 silly fetch manifest @emnapi/core@^1.4.3
2389 silly packumentCache full:https://registry.npmjs.org/@emnapi%2fcore cache-miss
2390 silly fetch manifest @tybys/wasm-util@^0.10.0
2391 silly packumentCache full:https://registry.npmjs.org/@tybys%2fwasm-util cache-miss
2392 http fetch GET 200 https://registry.npmjs.org/@emnapi%2fcore 44ms (cache miss)
2393 silly packumentCache full:https://registry.npmjs.org/@emnapi%2fcore set size:undefined disposed:false
2394 http fetch GET 200 https://registry.npmjs.org/@tybys%2fwasm-util 50ms (cache miss)
2395 silly packumentCache full:https://registry.npmjs.org/@tybys%2fwasm-util set size:undefined disposed:false
2396 silly placeDep ROOT @emnapi/core@1.7.1 OK for: @napi-rs/wasm-runtime@0.2.12 want: ^1.4.3
2397 silly placeDep ROOT @tybys/wasm-util@0.10.1 OK for: @napi-rs/wasm-runtime@0.2.12 want: ^0.10.0
2398 silly fetch manifest @emnapi/wasi-threads@1.1.0
2399 silly packumentCache full:https://registry.npmjs.org/@emnapi%2fwasi-threads cache-miss
2400 http fetch GET 200 https://registry.npmjs.org/@emnapi%2fwasi-threads 139ms (cache miss)
2401 silly packumentCache full:https://registry.npmjs.org/@emnapi%2fwasi-threads set size:undefined disposed:false
2402 silly placeDep ROOT @emnapi/wasi-threads@1.1.0 OK for: @emnapi/core@1.7.1 want: 1.1.0
2403 silly placeDep ROOT escalade@3.2.0 OK for: update-browserslist-db@1.1.4 want: ^3.2.0
2404 silly placeDep ROOT punycode@2.3.1 OK for: uri-js@4.4.1 want: ^2.1.0
2405 silly placeDep ROOT isexe@2.0.0 OK for: which@2.0.2 want: ^2.0.0
2406 silly placeDep ROOT is-bigint@1.1.0 OK for: which-boxed-primitive@1.1.1 want: ^1.1.0
2407 silly placeDep ROOT is-boolean-object@1.2.2 OK for: which-boxed-primitive@1.1.1 want: ^1.2.1
2408 silly placeDep ROOT is-number-object@1.1.1 OK for: which-boxed-primitive@1.1.1 want: ^1.1.1
2409 silly placeDep ROOT is-async-function@2.1.1 OK for: which-builtin-type@1.2.1 want: ^2.0.0
2410 silly placeDep ROOT is-finalizationregistry@1.1.1 OK for: which-builtin-type@1.2.1 want: ^1.1.0
2411 silly placeDep ROOT is-generator-function@1.1.2 OK for: which-builtin-type@1.2.1 want: ^1.0.10
2412 silly placeDep ROOT which-collection@1.0.2 OK for: which-builtin-type@1.2.1 want: ^1.0.2
2413 silly fetch manifest async-function@^1.0.0
2414 silly packumentCache full:https://registry.npmjs.org/async-function cache-miss
2415 silly fetch manifest generator-function@^2.0.0
2416 silly packumentCache full:https://registry.npmjs.org/generator-function cache-miss
2417 silly fetch manifest is-map@^2.0.3
2418 silly packumentCache full:https://registry.npmjs.org/is-map cache-miss
2419 silly fetch manifest is-weakmap@^2.0.2
2420 silly packumentCache full:https://registry.npmjs.org/is-weakmap cache-miss
2421 silly fetch manifest is-weakset@^2.0.3
2422 silly packumentCache full:https://registry.npmjs.org/is-weakset cache-miss
2423 http fetch GET 200 https://registry.npmjs.org/async-function 33ms (cache miss)
2424 silly packumentCache full:https://registry.npmjs.org/async-function set size:undefined disposed:false
2425 http fetch GET 200 https://registry.npmjs.org/is-weakset 34ms (cache miss)
2426 silly packumentCache full:https://registry.npmjs.org/is-weakset set size:undefined disposed:false
2427 http fetch GET 200 https://registry.npmjs.org/generator-function 34ms (cache miss)
2428 silly packumentCache full:https://registry.npmjs.org/generator-function set size:undefined disposed:false
2429 http fetch GET 200 https://registry.npmjs.org/is-weakmap 35ms (cache miss)
2430 silly packumentCache full:https://registry.npmjs.org/is-weakmap set size:undefined disposed:false
2431 http fetch GET 200 https://registry.npmjs.org/is-map 46ms (cache miss)
2432 silly packumentCache full:https://registry.npmjs.org/is-map set size:undefined disposed:false
2433 silly placeDep ROOT async-function@1.0.0 OK for: is-async-function@2.1.1 want: ^1.0.0
2434 silly placeDep ROOT generator-function@2.0.1 OK for: is-generator-function@1.1.2 want: ^2.0.0
2435 silly placeDep ROOT is-map@2.0.3 OK for: which-collection@1.0.2 want: ^2.0.3
2436 silly placeDep ROOT is-weakmap@2.0.2 OK for: which-collection@1.0.2 want: ^2.0.2
2437 silly placeDep ROOT is-weakset@2.0.4 OK for: which-collection@1.0.2 want: ^2.0.3
2438 silly placeDep node_modules/@typescript-eslint/typescript-estree glob-parent@5.1.2 OK for: fast-glob@3.3.3 want: ^5.1.2
2439 silly placeDep node_modules/@typescript-eslint/typescript-estree brace-expansion@2.0.2 OK for: minimatch@9.0.5 want: ^2.0.1
2440 silly reify moves {}
2441 silly audit bulk request {
2441 silly audit   '@tailwindcss/postcss': [ '4.1.17' ],
2441 silly audit   '@types/node': [ '20.19.25' ],
2441 silly audit   '@types/react': [ '19.2.6' ],
2441 silly audit   '@types/react-dom': [ '19.2.3' ],
2441 silly audit   eslint: [ '9.39.1' ],
2441 silly audit   'eslint-config-next': [ '16.0.3' ],
2441 silly audit   next: [ '16.0.3' ],
2441 silly audit   react: [ '19.2.0' ],
2441 silly audit   'react-dom': [ '19.2.0' ],
2441 silly audit   tailwindcss: [ '4.1.17' ],
2441 silly audit   typescript: [ '5.9.3' ],
2441 silly audit   '@alloc/quick-lru': [ '5.2.0' ],
2441 silly audit   '@tailwindcss/node': [ '4.1.17' ],
2441 silly audit   '@tailwindcss/oxide': [ '4.1.17' ],
2441 silly audit   postcss: [ '8.5.6', '8.4.31' ],
2441 silly audit   '@jridgewell/remapping': [ '2.3.5' ],
2441 silly audit   'enhanced-resolve': [ '5.18.3' ],
2441 silly audit   jiti: [ '2.6.1' ],
2441 silly audit   lightningcss: [ '1.30.2' ],
2441 silly audit   'magic-string': [ '0.30.21' ],
2441 silly audit   'source-map-js': [ '1.2.1' ],
2441 silly audit   '@jridgewell/gen-mapping': [ '0.3.13' ],
2441 silly audit   '@jridgewell/trace-mapping': [ '0.3.31' ],
2441 silly audit   '@jridgewell/sourcemap-codec': [ '1.5.5' ],
2441 silly audit   '@jridgewell/resolve-uri': [ '3.1.2' ],
2441 silly audit   '@tailwindcss/oxide-android-arm64': [ '4.1.17' ],
2441 silly audit   '@tailwindcss/oxide-darwin-arm64': [ '4.1.17' ],
2441 silly audit   '@tailwindcss/oxide-darwin-x64': [ '4.1.17' ],
2441 silly audit   '@tailwindcss/oxide-freebsd-x64': [ '4.1.17' ],
2441 silly audit   '@tailwindcss/oxide-linux-arm-gnueabihf': [ '4.1.17' ],
2441 silly audit   '@tailwindcss/oxide-linux-arm64-gnu': [ '4.1.17' ],
2441 silly audit   '@tailwindcss/oxide-linux-arm64-musl': [ '4.1.17' ],
2441 silly audit   '@tailwindcss/oxide-linux-x64-gnu': [ '4.1.17' ],
2441 silly audit   '@tailwindcss/oxide-linux-x64-musl': [ '4.1.17' ],
2441 silly audit   '@tailwindcss/oxide-wasm32-wasi': [ '4.1.17' ],
2441 silly audit   '@tailwindcss/oxide-win32-arm64-msvc': [ '4.1.17' ],
2441 silly audit   '@tailwindcss/oxide-win32-x64-msvc': [ '4.1.17' ],
2441 silly audit   'undici-types': [ '6.21.0' ],
2441 silly audit   csstype: [ '3.2.3' ],
2441 silly audit   'graceful-fs': [ '4.2.11' ],
2441 silly audit   tapable: [ '2.3.0' ],
2441 silly audit   '@eslint-community/eslint-utils': [ '4.9.0' ],
2441 silly audit   '@eslint-community/regexpp': [ '4.12.2' ],
2441 silly audit   '@eslint/config-array': [ '0.21.1' ],
2441 silly audit   '@eslint/config-helpers': [ '0.4.2' ],
2441 silly audit   '@eslint/core': [ '0.17.0' ],
2441 silly audit   '@eslint/eslintrc': [ '3.3.1' ],
2441 silly audit   '@eslint/js': [ '9.39.1' ],
2441 silly audit   '@eslint/plugin-kit': [ '0.4.1' ],
2441 silly audit   '@humanfs/node': [ '0.16.7' ],
2441 silly audit   '@humanwhocodes/module-importer': [ '1.0.1' ],
2441 silly audit   '@humanwhocodes/retry': [ '0.4.3' ],
2441 silly audit   '@types/estree': [ '1.0.8' ],
2441 silly audit   ajv: [ '6.12.6' ],
2441 silly audit   chalk: [ '4.1.2' ],
2441 silly audit   'cross-spawn': [ '7.0.6' ],
2441 silly audit   debug: [ '4.4.3', '3.2.7' ],
2441 silly audit   'escape-string-regexp': [ '4.0.0' ],
2441 silly audit   'eslint-scope': [ '8.4.0' ],
2441 silly audit   'eslint-visitor-keys': [ '4.2.1', '3.4.3' ],
2441 silly audit   espree: [ '10.4.0' ],
2441 silly audit   esquery: [ '1.6.0' ],
2441 silly audit   esutils: [ '2.0.3' ],
2441 silly audit   'fast-deep-equal': [ '3.1.3' ],
2441 silly audit   'file-entry-cache': [ '8.0.0' ],
2441 silly audit   'find-up': [ '5.0.0' ],
2441 silly audit   'glob-parent': [ '6.0.2', '5.1.2' ],
2441 silly audit   ignore: [ '5.3.2', '7.0.5' ],
2441 silly audit   imurmurhash: [ '0.1.4' ],
2441 silly audit   'is-glob': [ '4.0.3' ],
2441 silly audit   'json-stable-stringify-without-jsonify': [ '1.0.1' ],
2441 silly audit   'lodash.merge': [ '4.6.2' ],
2441 silly audit   minimatch: [ '3.1.2', '9.0.5' ],
2441 silly audit   'natural-compare': [ '1.4.0' ],
2441 silly audit   optionator: [ '0.9.4' ],
2441 silly audit   '@eslint/object-schema': [ '2.1.7' ],
2441 silly audit   '@types/json-schema': [ '7.0.15' ],
2441 silly audit   globals: [ '14.0.0', '16.4.0' ],
2441 silly audit   'import-fresh': [ '3.3.1' ],
2441 silly audit   'js-yaml': [ '4.1.1' ],
2441 silly audit   'strip-json-comments': [ '3.1.1' ],
2441 silly audit   levn: [ '0.4.1' ],
2441 silly audit   '@humanfs/core': [ '0.19.1' ],
2441 silly audit   'fast-json-stable-stringify': [ '2.1.0' ],
2441 silly audit   'json-schema-traverse': [ '0.4.1' ],
2441 silly audit   'uri-js': [ '4.4.1' ],
2441 silly audit   'ansi-styles': [ '4.3.0' ],
2441 silly audit   'supports-color': [ '7.2.0' ],
2441 silly audit   'color-convert': [ '2.0.1' ],
2441 silly audit   'color-name': [ '1.1.4' ],
2441 silly audit   'path-key': [ '3.1.1' ],
2441 silly audit   'shebang-command': [ '2.0.0' ],
2441 silly audit   which: [ '2.0.2' ],
2441 silly audit   ms: [ '2.1.3' ],
2441 silly audit   '@next/eslint-plugin-next': [ '16.0.3' ],
2441 silly audit   'eslint-import-resolver-node': [ '0.3.9' ],
2441 silly audit   'eslint-import-resolver-typescript': [ '3.10.1' ],
2441 silly audit   'eslint-plugin-import': [ '2.32.0' ],
2441 silly audit   'eslint-plugin-jsx-a11y': [ '6.10.2' ],
2441 silly audit   'eslint-plugin-react': [ '7.37.5' ],
2441 silly audit   'eslint-plugin-react-hooks': [ '7.0.1' ],
2441 silly audit   'typescript-eslint': [ '8.47.0' ],
2441 silly audit   'fast-glob': [ '3.3.1', '3.3.3' ],
2441 silly audit   'is-core-module': [ '2.16.1' ],
2441 silly audit   resolve: [ '1.22.11', '2.0.0-next.5' ],
2441 silly audit   '@nolyfill/is-core-module': [ '1.0.39' ],
2441 silly audit   'get-tsconfig': [ '4.13.0' ],
2441 silly audit   'is-bun-module': [ '2.0.0' ],
2441 silly audit   'stable-hash': [ '0.0.5' ],
2441 silly audit   tinyglobby: [ '0.2.15' ],
2441 silly audit   'unrs-resolver': [ '1.11.1' ],
2441 silly audit   '@rtsao/scc': [ '1.1.0' ],
2441 silly audit   'array-includes': [ '3.1.9' ],
2441 silly audit   'array.prototype.findlastindex': [ '1.2.6' ],
2441 silly audit   'array.prototype.flat': [ '1.3.3' ],
2441 silly audit   'array.prototype.flatmap': [ '1.3.3' ],
2441 silly audit   doctrine: [ '2.1.0' ],
2441 silly audit   'eslint-module-utils': [ '2.12.1' ],
2441 silly audit   hasown: [ '2.0.2' ],
2441 silly audit   'object.fromentries': [ '2.0.8' ],
2441 silly audit   'object.groupby': [ '1.0.3' ],
2441 silly audit   'object.values': [ '1.2.1' ],
2441 silly audit   semver: [ '6.3.1', '7.7.3' ],
2441 silly audit   'string.prototype.trimend': [ '1.0.9' ],
2441 silly audit   'tsconfig-paths': [ '3.15.0' ],
2441 silly audit   'call-bind': [ '1.0.8' ],
2441 silly audit   'call-bound': [ '1.0.4' ],
2441 silly audit   'define-properties': [ '1.2.1' ],
2441 silly audit   'es-abstract': [ '1.24.0' ],
2441 silly audit   'es-object-atoms': [ '1.1.1' ],
2441 silly audit   'get-intrinsic': [ '1.3.0' ],
2441 silly audit   'is-string': [ '1.1.1' ],
2441 silly audit   'math-intrinsics': [ '1.1.0' ],
2441 silly audit   'es-errors': [ '1.3.0' ],
2441 silly audit   'es-shim-unscopables': [ '1.1.0' ],
2441 silly audit   'call-bind-apply-helpers': [ '1.0.2' ],
2441 silly audit   'es-define-property': [ '1.0.1' ],
2441 silly audit   'set-function-length': [ '1.2.2' ],
2441 silly audit   'function-bind': [ '1.1.2' ],
2441 silly audit   'define-data-property': [ '1.1.4' ],
2441 silly audit   'has-property-descriptors': [ '1.0.2' ],
2441 silly audit   'object-keys': [ '1.1.1' ],
2441 silly audit   gopd: [ '1.2.0' ],
2441 silly audit   'array-buffer-byte-length': [ '1.0.2' ],
2441 silly audit   'arraybuffer.prototype.slice': [ '1.0.4' ],
2441 silly audit   'available-typed-arrays': [ '1.0.7' ],
2441 silly audit   'data-view-buffer': [ '1.0.2' ],
2441 silly audit   'data-view-byte-length': [ '1.0.2' ],
2441 silly audit   'data-view-byte-offset': [ '1.0.1' ],
2441 silly audit   'es-set-tostringtag': [ '2.1.0' ],
2441 silly audit   'es-to-primitive': [ '1.3.0' ],
2441 silly audit   'function.prototype.name': [ '1.1.8' ],
2441 silly audit   'get-proto': [ '1.0.1' ],
2441 silly audit   'get-symbol-description': [ '1.1.0' ],
2441 silly audit   globalthis: [ '1.0.4' ],
2441 silly audit   'has-proto': [ '1.2.0' ],
2441 silly audit   'has-symbols': [ '1.1.0' ],
2441 silly audit   'internal-slot': [ '1.1.0' ],
2441 silly audit   'is-array-buffer': [ '3.0.5' ],
2441 silly audit   'is-callable': [ '1.2.7' ],
2441 silly audit   'is-data-view': [ '1.0.2' ],
2441 silly audit   'is-negative-zero': [ '2.0.3' ],
2441 silly audit   'is-regex': [ '1.2.1' ],
2441 silly audit   'is-set': [ '2.0.3' ],
2441 silly audit   'is-shared-array-buffer': [ '1.0.4' ],
2441 silly audit   'is-typed-array': [ '1.1.15' ],
2441 silly audit   'is-weakref': [ '1.1.1' ],
2441 silly audit   'object-inspect': [ '1.13.4' ],
2441 silly audit   'object.assign': [ '4.1.7' ],
2441 silly audit   'own-keys': [ '1.0.1' ],
2441 silly audit   'regexp.prototype.flags': [ '1.5.4' ],
2441 silly audit   'safe-array-concat': [ '1.1.3' ],
2441 silly audit   'safe-push-apply': [ '1.0.0' ],
2441 silly audit   'safe-regex-test': [ '1.1.0' ],
2441 silly audit   'set-proto': [ '1.0.0' ],
2441 silly audit   'stop-iteration-iterator': [ '1.1.0' ],
2441 silly audit   'string.prototype.trim': [ '1.2.10' ],
2441 silly audit   'string.prototype.trimstart': [ '1.0.8' ],
2441 silly audit   'typed-array-buffer': [ '1.0.3' ],
2441 silly audit   'typed-array-byte-length': [ '1.0.3' ],
2441 silly audit   'typed-array-byte-offset': [ '1.0.4' ],
2441 silly audit   'typed-array-length': [ '1.0.7' ],
2441 silly audit   'unbox-primitive': [ '1.1.0' ],
2441 silly audit   'which-typed-array': [ '1.1.19' ],
2441 silly audit   'possible-typed-array-names': [ '1.1.0' ],
2441 silly audit   'has-tostringtag': [ '1.0.2' ],
2441 silly audit   'is-date-object': [ '1.1.0' ],
2441 silly audit   'is-symbol': [ '1.1.1' ],
2441 silly audit   'aria-query': [ '5.3.2' ],
2441 silly audit   'ast-types-flow': [ '0.0.8' ],
2441 silly audit   'axe-core': [ '4.11.0' ],
2441 silly audit   'axobject-query': [ '4.1.0' ],
2441 silly audit   'damerau-levenshtein': [ '1.0.8' ],
2441 silly audit   'emoji-regex': [ '9.2.2' ],
2441 silly audit   'jsx-ast-utils': [ '3.3.5' ],
2441 silly audit   'language-tags': [ '1.0.9' ],
2441 silly audit   'string.prototype.includes': [ '2.0.1' ],
2441 silly audit   'array.prototype.findlast': [ '1.2.5' ],
2441 silly audit   'array.prototype.tosorted': [ '1.1.4' ],
2441 silly audit   'es-iterator-helpers': [ '1.2.1' ],
2441 silly audit   estraverse: [ '5.3.0' ],
2441 silly audit   'object.entries': [ '1.1.9' ],
2441 silly audit   'prop-types': [ '15.8.1' ],
2441 silly audit   'string.prototype.matchall': [ '4.0.12' ],
2441 silly audit   'string.prototype.repeat': [ '1.0.0' ],
2441 silly audit   'iterator.prototype': [ '1.1.5' ],
2441 silly audit   '@babel/core': [ '7.28.5' ],
2441 silly audit   '@babel/parser': [ '7.28.5' ],
2441 silly audit   'hermes-parser': [ '0.25.1' ],
2441 silly audit   zod: [ '4.1.12' ],
2441 silly audit   'zod-validation-error': [ '4.0.2' ],
2441 silly audit   '@babel/code-frame': [ '7.27.1' ],
2441 silly audit   '@babel/generator': [ '7.28.5' ],
2441 silly audit   '@babel/helper-compilation-targets': [ '7.27.2' ],
2441 silly audit   '@babel/helper-module-transforms': [ '7.28.3' ],
2441 silly audit   '@babel/helpers': [ '7.28.4' ],
2441 silly audit   '@babel/template': [ '7.27.2' ],
2441 silly audit   '@babel/traverse': [ '7.28.5' ],
2441 silly audit   '@babel/types': [ '7.28.5' ],
2441 silly audit   'convert-source-map': [ '2.0.0' ],
2441 silly audit   gensync: [ '1.0.0-beta.2' ],
2441 silly audit   json5: [ '2.2.3', '1.0.2' ],
2441 silly audit   '@babel/helper-validator-identifier': [ '7.28.5' ],
2441 silly audit   'js-tokens': [ '4.0.0' ],
2441 silly audit   picocolors: [ '1.1.1' ],
2441 silly audit   jsesc: [ '3.1.0' ],
2441 silly audit   '@babel/compat-data': [ '7.28.5' ],
2441 silly audit   '@babel/helper-validator-option': [ '7.27.1' ],
2441 silly audit   browserslist: [ '4.28.0' ],
2441 silly audit   'lru-cache': [ '5.1.1' ],
2441 silly audit   '@babel/helper-module-imports': [ '7.27.1' ],
2441 silly audit   '@babel/helper-globals': [ '7.28.0' ],
2441 silly audit   '@babel/helper-string-parser': [ '7.27.1' ],
2441 silly audit   'baseline-browser-mapping': [ '2.8.29' ],
2441 silly audit   'caniuse-lite': [ '1.0.30001756' ],
2441 silly audit   'electron-to-chromium': [ '1.5.258' ],
2441 silly audit   'node-releases': [ '2.0.27' ],
2441 silly audit   'update-browserslist-db': [ '1.1.4' ],
2441 silly audit   esrecurse: [ '4.3.0' ],
2441 silly audit   acorn: [ '8.15.0' ],
2441 silly audit   'acorn-jsx': [ '5.3.2' ],
2441 silly audit   '@nodelib/fs.stat': [ '2.0.5' ],
2441 silly audit   '@nodelib/fs.walk': [ '1.2.8' ],
2441 silly audit   merge2: [ '1.4.1' ],
2441 silly audit   micromatch: [ '4.0.8' ],
2441 silly audit   '@nodelib/fs.scandir': [ '2.1.5' ],
2441 silly audit   fastq: [ '1.19.1' ],
2441 silly audit   'run-parallel': [ '1.2.0' ],
2441 silly audit   reusify: [ '1.1.0' ],
2441 silly audit   'flat-cache': [ '4.0.1' ],
2441 silly audit   'locate-path': [ '6.0.0' ],
2441 silly audit   'path-exists': [ '4.0.0' ],
2441 silly audit   flatted: [ '3.3.3' ],
2441 silly audit   keyv: [ '4.5.4' ],
2441 silly audit   'functions-have-names': [ '1.2.3' ],
2441 silly audit   'dunder-proto': [ '1.0.1' ],
2441 silly audit   'resolve-pkg-maps': [ '1.0.0' ],
2441 silly audit   'hermes-estree': [ '0.25.1' ],
2441 silly audit   'parent-module': [ '1.0.1' ],
2441 silly audit   'resolve-from': [ '4.0.0' ],
2441 silly audit   'side-channel': [ '1.1.0' ],
2441 silly audit   'is-extglob': [ '2.1.1' ],
2441 silly audit   'set-function-name': [ '2.0.2' ],
2441 silly audit   argparse: [ '2.0.1' ],
2441 silly audit   'json-buffer': [ '3.0.1' ],
2441 silly audit   'language-subtag-registry': [ '0.3.23' ],
2441 silly audit   'prelude-ls': [ '1.2.1' ],
2441 silly audit   'type-check': [ '0.4.0' ],
2441 silly audit   'detect-libc': [ '2.1.2' ],
2441 silly audit   'lightningcss-android-arm64': [ '1.30.2' ],
2441 silly audit   'lightningcss-darwin-arm64': [ '1.30.2' ],
2441 silly audit   'lightningcss-darwin-x64': [ '1.30.2' ],
2441 silly audit   'lightningcss-freebsd-x64': [ '1.30.2' ],
2441 silly audit   'lightningcss-linux-arm-gnueabihf': [ '1.30.2' ],
2441 silly audit   'lightningcss-linux-arm64-gnu': [ '1.30.2' ],
2441 silly audit   'lightningcss-linux-arm64-musl': [ '1.30.2' ],
2441 silly audit   'lightningcss-linux-x64-gnu': [ '1.30.2' ],
2441 silly audit   'lightningcss-linux-x64-musl': [ '1.30.2' ],
2441 silly audit   'lightningcss-win32-arm64-msvc': [ '1.30.2' ],
2441 silly audit   'lightningcss-win32-x64-msvc': [ '1.30.2' ],
2441 silly audit   'p-locate': [ '5.0.0' ],
2441 silly audit   yallist: [ '3.1.1' ],
2441 silly audit   braces: [ '3.0.3' ],
2441 silly audit   picomatch: [ '2.3.1', '4.0.3' ],
2441 silly audit   'fill-range': [ '7.1.1' ],
2441 silly audit   'to-regex-range': [ '5.0.1' ],
2441 silly audit   'brace-expansion': [ '1.1.12', '2.0.2' ],
2441 silly audit   'balanced-match': [ '1.0.2' ],
2441 silly audit   'concat-map': [ '0.0.1' ],
2441 silly audit   '@next/env': [ '16.0.3' ],
2441 silly audit   '@next/swc-darwin-arm64': [ '16.0.3' ],
2441 silly audit   '@next/swc-darwin-x64': [ '16.0.3' ],
2441 silly audit   '@next/swc-linux-arm64-gnu': [ '16.0.3' ],
2441 silly audit   '@next/swc-linux-arm64-musl': [ '16.0.3' ],
2441 silly audit   '@next/swc-linux-x64-gnu': [ '16.0.3' ],
2441 silly audit   '@next/swc-linux-x64-musl': [ '16.0.3' ],
2441 silly audit   '@next/swc-win32-arm64-msvc': [ '16.0.3' ],
2441 silly audit   '@next/swc-win32-x64-msvc': [ '16.0.3' ],
2441 silly audit   '@swc/helpers': [ '0.5.15' ],
2441 silly audit   sharp: [ '0.34.5' ],
2441 silly audit   'styled-jsx': [ '5.1.6' ],
2441 silly audit   tslib: [ '2.8.1' ],
2441 silly audit   'deep-is': [ '0.1.4' ],
2441 silly audit   'fast-levenshtein': [ '2.0.6' ],
2441 silly audit   'word-wrap': [ '1.2.5' ],
2441 silly audit   'p-limit': [ '3.1.0' ],
2441 silly audit   'yocto-queue': [ '0.1.0' ],
2441 silly audit   callsites: [ '3.1.0' ],
2441 silly audit   nanoid: [ '3.3.11' ],
2441 silly audit   'loose-envify': [ '1.4.0' ],
2441 silly audit   'object-assign': [ '4.1.1' ],
2441 silly audit   'react-is': [ '16.13.1' ],
2441 silly audit   scheduler: [ '0.27.0' ],
2441 silly audit   'path-parse': [ '1.0.7' ],
2441 silly audit   'supports-preserve-symlinks-flag': [ '1.0.0' ],
2441 silly audit   'queue-microtask': [ '1.2.3' ],
2441 silly audit   isarray: [ '2.0.5' ],
2441 silly audit   '@img/colour': [ '1.0.0' ],
2441 silly audit   '@img/sharp-darwin-arm64': [ '0.34.5' ],
2441 silly audit   '@img/sharp-darwin-x64': [ '0.34.5' ],
2441 silly audit   '@img/sharp-libvips-darwin-arm64': [ '1.2.4' ],
2441 silly audit   '@img/sharp-libvips-darwin-x64': [ '1.2.4' ],
2441 silly audit   '@img/sharp-libvips-linux-arm': [ '1.2.4' ],
2441 silly audit   '@img/sharp-libvips-linux-arm64': [ '1.2.4' ],
2441 silly audit   '@img/sharp-libvips-linux-ppc64': [ '1.2.4' ],
2441 silly audit   '@img/sharp-libvips-linux-riscv64': [ '1.2.4' ],
2441 silly audit   '@img/sharp-libvips-linux-s390x': [ '1.2.4' ],
2441 silly audit   '@img/sharp-libvips-linux-x64': [ '1.2.4' ],
2441 silly audit   '@img/sharp-libvips-linuxmusl-arm64': [ '1.2.4' ],
2441 silly audit   '@img/sharp-libvips-linuxmusl-x64': [ '1.2.4' ],
2441 silly audit   '@img/sharp-linux-arm': [ '0.34.5' ],
2441 silly audit   '@img/sharp-linux-arm64': [ '0.34.5' ],
2441 silly audit   '@img/sharp-linux-ppc64': [ '0.34.5' ],
2441 silly audit   '@img/sharp-linux-riscv64': [ '0.34.5' ],
2441 silly audit   '@img/sharp-linux-s390x': [ '0.34.5' ],
2441 silly audit   '@img/sharp-linux-x64': [ '0.34.5' ],
2441 silly audit   '@img/sharp-linuxmusl-arm64': [ '0.34.5' ],
2441 silly audit   '@img/sharp-linuxmusl-x64': [ '0.34.5' ],
2441 silly audit   '@img/sharp-wasm32': [ '0.34.5' ],
2441 silly audit   '@img/sharp-win32-arm64': [ '0.34.5' ],
2441 silly audit   '@img/sharp-win32-ia32': [ '0.34.5' ],
2441 silly audit   '@img/sharp-win32-x64': [ '0.34.5' ],
2441 silly audit   '@emnapi/runtime': [ '1.7.1' ],
2441 silly audit   'shebang-regex': [ '3.0.0' ],
2441 silly audit   'side-channel-list': [ '1.0.0' ],
2441 silly audit   'side-channel-map': [ '1.0.1' ],
2441 silly audit   'side-channel-weakmap': [ '1.0.2' ],
2441 silly audit   'client-only': [ '0.0.1' ],
2441 silly audit   'has-flag': [ '4.0.0' ],
2441 silly audit   fdir: [ '6.5.0' ],
2441 silly audit   'is-number': [ '7.0.0' ],
2441 silly audit   '@types/json5': [ '0.0.29' ],
2441 silly audit   minimist: [ '1.2.8' ],
2441 silly audit   'strip-bom': [ '3.0.0' ],
2441 silly audit   'for-each': [ '0.3.5' ],
2441 silly audit   'reflect.getprototypeof': [ '1.0.10' ],
2441 silly audit   'which-builtin-type': [ '1.2.1' ],
2441 silly audit   '@typescript-eslint/eslint-plugin': [ '8.47.0' ],
2441 silly audit   '@typescript-eslint/parser': [ '8.47.0' ],
2441 silly audit   '@typescript-eslint/typescript-estree': [ '8.47.0' ],
2441 silly audit   '@typescript-eslint/utils': [ '8.47.0' ],
2441 silly audit   '@typescript-eslint/scope-manager': [ '8.47.0' ],
2441 silly audit   '@typescript-eslint/type-utils': [ '8.47.0' ],
2441 silly audit   '@typescript-eslint/visitor-keys': [ '8.47.0' ],
2441 silly audit   graphemer: [ '1.4.0' ],
2441 silly audit   'ts-api-utils': [ '2.1.0' ],
2441 silly audit   '@typescript-eslint/types': [ '8.47.0' ],
2441 silly audit   '@typescript-eslint/project-service': [ '8.47.0' ],
2441 silly audit   '@typescript-eslint/tsconfig-utils': [ '8.47.0' ],
2441 silly audit   'has-bigints': [ '1.1.0' ],
2441 silly audit   'which-boxed-primitive': [ '1.1.1' ],
2441 silly audit   '@unrs/resolver-binding-android-arm-eabi': [ '1.11.1' ],
2441 silly audit   '@unrs/resolver-binding-android-arm64': [ '1.11.1' ],
2441 silly audit   '@unrs/resolver-binding-darwin-arm64': [ '1.11.1' ],
2441 silly audit   '@unrs/resolver-binding-darwin-x64': [ '1.11.1' ],
2441 silly audit   '@unrs/resolver-binding-freebsd-x64': [ '1.11.1' ],
2441 silly audit   '@unrs/resolver-binding-linux-arm-gnueabihf': [ '1.11.1' ],
2441 silly audit   '@unrs/resolver-binding-linux-arm-musleabihf': [ '1.11.1' ],
2441 silly audit   '@unrs/resolver-binding-linux-arm64-gnu': [ '1.11.1' ],
2441 silly audit   '@unrs/resolver-binding-linux-arm64-musl': [ '1.11.1' ],
2441 silly audit   '@unrs/resolver-binding-linux-ppc64-gnu': [ '1.11.1' ],
2441 silly audit   '@unrs/resolver-binding-linux-riscv64-gnu': [ '1.11.1' ],
2441 silly audit   '@unrs/resolver-binding-linux-riscv64-musl': [ '1.11.1' ],
2441 silly audit   '@unrs/resolver-binding-linux-s390x-gnu': [ '1.11.1' ],
2441 silly audit   '@unrs/resolver-binding-linux-x64-gnu': [ '1.11.1' ],
2441 silly audit   '@unrs/resolver-binding-linux-x64-musl': [ '1.11.1' ],
2441 silly audit   '@unrs/resolver-binding-wasm32-wasi': [ '1.11.1' ],
2441 silly audit   '@unrs/resolver-binding-win32-arm64-msvc': [ '1.11.1' ],
2441 silly audit   '@unrs/resolver-binding-win32-ia32-msvc': [ '1.11.1' ],
2441 silly audit   '@unrs/resolver-binding-win32-x64-msvc': [ '1.11.1' ],
2441 silly audit   'napi-postinstall': [ '0.3.4' ],
2441 silly audit   '@napi-rs/wasm-runtime': [ '0.2.12' ],
2441 silly audit   '@emnapi/core': [ '1.7.1' ],
2441 silly audit   '@tybys/wasm-util': [ '0.10.1' ],
2441 silly audit   '@emnapi/wasi-threads': [ '1.1.0' ],
2441 silly audit   escalade: [ '3.2.0' ],
2441 silly audit   punycode: [ '2.3.1' ],
2441 silly audit   isexe: [ '2.0.0' ],
2441 silly audit   'is-bigint': [ '1.1.0' ],
2441 silly audit   'is-boolean-object': [ '1.2.2' ],
2441 silly audit   'is-number-object': [ '1.1.1' ],
2441 silly audit   'is-async-function': [ '2.1.1' ],
2441 silly audit   'is-finalizationregistry': [ '1.1.1' ],
2441 silly audit   'is-generator-function': [ '1.1.2' ],
2441 silly audit   'which-collection': [ '1.0.2' ],
2441 silly audit   'async-function': [ '1.0.0' ],
2441 silly audit   'generator-function': [ '2.0.1' ],
2441 silly audit   'is-map': [ '2.0.3' ],
2441 silly audit   'is-weakmap': [ '2.0.2' ],
2441 silly audit   'is-weakset': [ '2.0.4' ]
2441 silly audit }
2442 http cache is-weakset@https://registry.npmjs.org/is-weakset/-/is-weakset-2.0.4.tgz 0ms (cache hit)
2443 http cache is-weakmap@https://registry.npmjs.org/is-weakmap/-/is-weakmap-2.0.2.tgz 0ms (cache hit)
2444 http cache generator-function@https://registry.npmjs.org/generator-function/-/generator-function-2.0.1.tgz 0ms (cache hit)
2445 http cache async-function@https://registry.npmjs.org/async-function/-/async-function-1.0.0.tgz 0ms (cache hit)
2446 http cache is-map@https://registry.npmjs.org/is-map/-/is-map-2.0.3.tgz 0ms (cache hit)
2447 http cache which-collection@https://registry.npmjs.org/which-collection/-/which-collection-1.0.2.tgz 0ms (cache hit)
2448 http cache is-generator-function@https://registry.npmjs.org/is-generator-function/-/is-generator-function-1.1.2.tgz 0ms (cache hit)
2449 http cache is-finalizationregistry@https://registry.npmjs.org/is-finalizationregistry/-/is-finalizationregistry-1.1.1.tgz 0ms (cache hit)
2450 http cache is-number-object@https://registry.npmjs.org/is-number-object/-/is-number-object-1.1.1.tgz 0ms (cache hit)
2451 http cache is-boolean-object@https://registry.npmjs.org/is-boolean-object/-/is-boolean-object-1.2.2.tgz 0ms (cache hit)
2452 http cache is-bigint@https://registry.npmjs.org/is-bigint/-/is-bigint-1.1.0.tgz 0ms (cache hit)
2453 http cache punycode@https://registry.npmjs.org/punycode/-/punycode-2.3.1.tgz 0ms (cache hit)
2454 http cache isexe@https://registry.npmjs.org/isexe/-/isexe-2.0.0.tgz 0ms (cache hit)
2455 http cache is-async-function@https://registry.npmjs.org/is-async-function/-/is-async-function-2.1.1.tgz 0ms (cache hit)
2456 http cache escalade@https://registry.npmjs.org/escalade/-/escalade-3.2.0.tgz 0ms (cache hit)
2457 http cache @emnapi/wasi-threads@https://registry.npmjs.org/@emnapi/wasi-threads/-/wasi-threads-1.1.0.tgz 0ms (cache hit)
2458 http cache @tybys/wasm-util@https://registry.npmjs.org/@tybys/wasm-util/-/wasm-util-0.10.1.tgz 0ms (cache hit)
2459 http cache @emnapi/core@https://registry.npmjs.org/@emnapi/core/-/core-1.7.1.tgz 0ms (cache hit)
2460 http cache @napi-rs/wasm-runtime@https://registry.npmjs.org/@napi-rs/wasm-runtime/-/wasm-runtime-0.2.12.tgz 0ms (cache hit)
2461 http cache @unrs/resolver-binding-darwin-arm64@https://registry.npmjs.org/@unrs/resolver-binding-darwin-arm64/-/resolver-binding-darwin-arm64-1.11.1.tgz 0ms (cache hit)
2462 http cache napi-postinstall@https://registry.npmjs.org/napi-postinstall/-/napi-postinstall-0.3.4.tgz 0ms (cache hit)
2463 http cache which-boxed-primitive@https://registry.npmjs.org/which-boxed-primitive/-/which-boxed-primitive-1.1.1.tgz 0ms (cache hit)
2464 http cache has-bigints@https://registry.npmjs.org/has-bigints/-/has-bigints-1.1.0.tgz 0ms (cache hit)
2465 http cache @typescript-eslint/tsconfig-utils@https://registry.npmjs.org/@typescript-eslint/tsconfig-utils/-/tsconfig-utils-8.47.0.tgz 0ms (cache hit)
2466 http cache @typescript-eslint/types@https://registry.npmjs.org/@typescript-eslint/types/-/types-8.47.0.tgz 0ms (cache hit)
2467 http cache ts-api-utils@https://registry.npmjs.org/ts-api-utils/-/ts-api-utils-2.1.0.tgz 0ms (cache hit)
2468 http cache @typescript-eslint/project-service@https://registry.npmjs.org/@typescript-eslint/project-service/-/project-service-8.47.0.tgz 0ms (cache hit)
2469 http cache graphemer@https://registry.npmjs.org/graphemer/-/graphemer-1.4.0.tgz 0ms (cache hit)
2470 http cache @typescript-eslint/visitor-keys@https://registry.npmjs.org/@typescript-eslint/visitor-keys/-/visitor-keys-8.47.0.tgz 0ms (cache hit)
2471 http cache @typescript-eslint/type-utils@https://registry.npmjs.org/@typescript-eslint/type-utils/-/type-utils-8.47.0.tgz 0ms (cache hit)
2472 http cache @typescript-eslint/scope-manager@https://registry.npmjs.org/@typescript-eslint/scope-manager/-/scope-manager-8.47.0.tgz 0ms (cache hit)
2473 http cache @typescript-eslint/utils@https://registry.npmjs.org/@typescript-eslint/utils/-/utils-8.47.0.tgz 0ms (cache hit)
2474 http cache @typescript-eslint/parser@https://registry.npmjs.org/@typescript-eslint/parser/-/parser-8.47.0.tgz 0ms (cache hit)
2475 http cache @typescript-eslint/typescript-estree@https://registry.npmjs.org/@typescript-eslint/typescript-estree/-/typescript-estree-8.47.0.tgz 0ms (cache hit)
2476 http cache @typescript-eslint/eslint-plugin@https://registry.npmjs.org/@typescript-eslint/eslint-plugin/-/eslint-plugin-8.47.0.tgz 0ms (cache hit)
2477 http cache which-builtin-type@https://registry.npmjs.org/which-builtin-type/-/which-builtin-type-1.2.1.tgz 0ms (cache hit)
2478 http cache for-each@https://registry.npmjs.org/for-each/-/for-each-0.3.5.tgz 0ms (cache hit)
2479 http cache strip-bom@https://registry.npmjs.org/strip-bom/-/strip-bom-3.0.0.tgz 0ms (cache hit)
2480 http cache minimist@https://registry.npmjs.org/minimist/-/minimist-1.2.8.tgz 0ms (cache hit)
2481 http cache @types/json5@https://registry.npmjs.org/@types/json5/-/json5-0.0.29.tgz 0ms (cache hit)
2482 http cache reflect.getprototypeof@https://registry.npmjs.org/reflect.getprototypeof/-/reflect.getprototypeof-1.0.10.tgz 0ms (cache hit)
2483 http cache is-number@https://registry.npmjs.org/is-number/-/is-number-7.0.0.tgz 0ms (cache hit)
2484 http cache has-flag@https://registry.npmjs.org/has-flag/-/has-flag-4.0.0.tgz 0ms (cache hit)
2485 http cache client-only@https://registry.npmjs.org/client-only/-/client-only-0.0.1.tgz 0ms (cache hit)
2486 http cache side-channel-weakmap@https://registry.npmjs.org/side-channel-weakmap/-/side-channel-weakmap-1.0.2.tgz 0ms (cache hit)
2487 http cache side-channel-map@https://registry.npmjs.org/side-channel-map/-/side-channel-map-1.0.1.tgz 0ms (cache hit)
2488 http cache side-channel-list@https://registry.npmjs.org/side-channel-list/-/side-channel-list-1.0.0.tgz 0ms (cache hit)
2489 http cache @emnapi/runtime@https://registry.npmjs.org/@emnapi/runtime/-/runtime-1.7.1.tgz 0ms (cache hit)
2490 http cache @img/sharp-libvips-darwin-arm64@https://registry.npmjs.org/@img/sharp-libvips-darwin-arm64/-/sharp-libvips-darwin-arm64-1.2.4.tgz 0ms (cache hit)
2491 http cache @img/sharp-darwin-arm64@https://registry.npmjs.org/@img/sharp-darwin-arm64/-/sharp-darwin-arm64-0.34.5.tgz 0ms (cache hit)
2492 http cache @img/colour@https://registry.npmjs.org/@img/colour/-/colour-1.0.0.tgz 0ms (cache hit)
2493 http cache isarray@https://registry.npmjs.org/isarray/-/isarray-2.0.5.tgz 0ms (cache hit)
2494 http cache queue-microtask@https://registry.npmjs.org/queue-microtask/-/queue-microtask-1.2.3.tgz 0ms (cache hit)
2495 http cache supports-preserve-symlinks-flag@https://registry.npmjs.org/supports-preserve-symlinks-flag/-/supports-preserve-symlinks-flag-1.0.0.tgz 0ms (cache hit)
2496 http cache path-parse@https://registry.npmjs.org/path-parse/-/path-parse-1.0.7.tgz 0ms (cache hit)
2497 http cache scheduler@https://registry.npmjs.org/scheduler/-/scheduler-0.27.0.tgz 0ms (cache hit)
2498 http cache react-is@https://registry.npmjs.org/react-is/-/react-is-16.13.1.tgz 0ms (cache hit)
2499 http cache loose-envify@https://registry.npmjs.org/loose-envify/-/loose-envify-1.4.0.tgz 0ms (cache hit)
2500 http cache object-assign@https://registry.npmjs.org/object-assign/-/object-assign-4.1.1.tgz 0ms (cache hit)
2501 http cache nanoid@https://registry.npmjs.org/nanoid/-/nanoid-3.3.11.tgz 0ms (cache hit)
2502 http cache callsites@https://registry.npmjs.org/callsites/-/callsites-3.1.0.tgz 0ms (cache hit)
2503 http cache yocto-queue@https://registry.npmjs.org/yocto-queue/-/yocto-queue-0.1.0.tgz 0ms (cache hit)
2504 http cache p-limit@https://registry.npmjs.org/p-limit/-/p-limit-3.1.0.tgz 0ms (cache hit)
2505 http cache word-wrap@https://registry.npmjs.org/word-wrap/-/word-wrap-1.2.5.tgz 0ms (cache hit)
2506 http cache fast-levenshtein@https://registry.npmjs.org/fast-levenshtein/-/fast-levenshtein-2.0.6.tgz 0ms (cache hit)
2507 http cache tslib@https://registry.npmjs.org/tslib/-/tslib-2.8.1.tgz 0ms (cache hit)
2508 http cache styled-jsx@https://registry.npmjs.org/styled-jsx/-/styled-jsx-5.1.6.tgz 0ms (cache hit)
2509 http cache sharp@https://registry.npmjs.org/sharp/-/sharp-0.34.5.tgz 0ms (cache hit)
2510 http cache @swc/helpers@https://registry.npmjs.org/@swc/helpers/-/helpers-0.5.15.tgz 0ms (cache hit)
2511 http cache deep-is@https://registry.npmjs.org/deep-is/-/deep-is-0.1.4.tgz 0ms (cache hit)
2512 http cache @next/swc-darwin-arm64@https://registry.npmjs.org/@next/swc-darwin-arm64/-/swc-darwin-arm64-16.0.3.tgz 1ms (cache hit)
2513 http cache @next/env@https://registry.npmjs.org/@next/env/-/env-16.0.3.tgz 0ms (cache hit)
2514 http cache concat-map@https://registry.npmjs.org/concat-map/-/concat-map-0.0.1.tgz 0ms (cache hit)
2515 http cache brace-expansion@https://registry.npmjs.org/brace-expansion/-/brace-expansion-1.1.12.tgz 0ms (cache hit)
2516 http cache to-regex-range@https://registry.npmjs.org/to-regex-range/-/to-regex-range-5.0.1.tgz 0ms (cache hit)
2517 http cache fill-range@https://registry.npmjs.org/fill-range/-/fill-range-7.1.1.tgz 0ms (cache hit)
2518 http cache balanced-match@https://registry.npmjs.org/balanced-match/-/balanced-match-1.0.2.tgz 0ms (cache hit)
2519 http cache picomatch@https://registry.npmjs.org/picomatch/-/picomatch-2.3.1.tgz 0ms (cache hit)
2520 http cache yallist@https://registry.npmjs.org/yallist/-/yallist-3.1.1.tgz 0ms (cache hit)
2521 http cache p-locate@https://registry.npmjs.org/p-locate/-/p-locate-5.0.0.tgz 0ms (cache hit)
2522 http cache braces@https://registry.npmjs.org/braces/-/braces-3.0.3.tgz 0ms (cache hit)
2523 http cache lightningcss-darwin-arm64@https://registry.npmjs.org/lightningcss-darwin-arm64/-/lightningcss-darwin-arm64-1.30.2.tgz 0ms (cache hit)
2524 http cache detect-libc@https://registry.npmjs.org/detect-libc/-/detect-libc-2.1.2.tgz 0ms (cache hit)
2525 http cache type-check@https://registry.npmjs.org/type-check/-/type-check-0.4.0.tgz 0ms (cache hit)
2526 http cache prelude-ls@https://registry.npmjs.org/prelude-ls/-/prelude-ls-1.2.1.tgz 0ms (cache hit)
2527 http cache language-subtag-registry@https://registry.npmjs.org/language-subtag-registry/-/language-subtag-registry-0.3.23.tgz 0ms (cache hit)
2528 http cache shebang-regex@https://registry.npmjs.org/shebang-regex/-/shebang-regex-3.0.0.tgz 0ms (cache hit)
2529 http cache json-buffer@https://registry.npmjs.org/json-buffer/-/json-buffer-3.0.1.tgz 0ms (cache hit)
2530 http cache argparse@https://registry.npmjs.org/argparse/-/argparse-2.0.1.tgz 0ms (cache hit)
2531 http cache set-function-name@https://registry.npmjs.org/set-function-name/-/set-function-name-2.0.2.tgz 0ms (cache hit)
2532 http cache side-channel@https://registry.npmjs.org/side-channel/-/side-channel-1.1.0.tgz 0ms (cache hit)
2533 http cache resolve-from@https://registry.npmjs.org/resolve-from/-/resolve-from-4.0.0.tgz 0ms (cache hit)
2534 http cache parent-module@https://registry.npmjs.org/parent-module/-/parent-module-1.0.1.tgz 0ms (cache hit)
2535 http cache hermes-estree@https://registry.npmjs.org/hermes-estree/-/hermes-estree-0.25.1.tgz 0ms (cache hit)
2536 http cache resolve-pkg-maps@https://registry.npmjs.org/resolve-pkg-maps/-/resolve-pkg-maps-1.0.0.tgz 0ms (cache hit)
2537 http cache functions-have-names@https://registry.npmjs.org/functions-have-names/-/functions-have-names-1.2.3.tgz 0ms (cache hit)
2538 http cache dunder-proto@https://registry.npmjs.org/dunder-proto/-/dunder-proto-1.0.1.tgz 0ms (cache hit)
2539 http cache keyv@https://registry.npmjs.org/keyv/-/keyv-4.5.4.tgz 0ms (cache hit)
2540 http cache is-extglob@https://registry.npmjs.org/is-extglob/-/is-extglob-2.1.1.tgz 0ms (cache hit)
2541 http cache flatted@https://registry.npmjs.org/flatted/-/flatted-3.3.3.tgz 0ms (cache hit)
2542 http cache flat-cache@https://registry.npmjs.org/flat-cache/-/flat-cache-4.0.1.tgz 0ms (cache hit)
2543 http cache locate-path@https://registry.npmjs.org/locate-path/-/locate-path-6.0.0.tgz 0ms (cache hit)
2544 http cache reusify@https://registry.npmjs.org/reusify/-/reusify-1.1.0.tgz 0ms (cache hit)
2545 http cache run-parallel@https://registry.npmjs.org/run-parallel/-/run-parallel-1.2.0.tgz 0ms (cache hit)
2546 http cache fastq@https://registry.npmjs.org/fastq/-/fastq-1.19.1.tgz 0ms (cache hit)
2547 http cache @nodelib/fs.scandir@https://registry.npmjs.org/@nodelib/fs.scandir/-/fs.scandir-2.1.5.tgz 0ms (cache hit)
2548 http cache micromatch@https://registry.npmjs.org/micromatch/-/micromatch-4.0.8.tgz 0ms (cache hit)
2549 http cache merge2@https://registry.npmjs.org/merge2/-/merge2-1.4.1.tgz 0ms (cache hit)
2550 http cache @nodelib/fs.walk@https://registry.npmjs.org/@nodelib/fs.walk/-/fs.walk-1.2.8.tgz 0ms (cache hit)
2551 http cache @nodelib/fs.stat@https://registry.npmjs.org/@nodelib/fs.stat/-/fs.stat-2.0.5.tgz 0ms (cache hit)
2552 http cache acorn-jsx@https://registry.npmjs.org/acorn-jsx/-/acorn-jsx-5.3.2.tgz 0ms (cache hit)
2553 http cache acorn@https://registry.npmjs.org/acorn/-/acorn-8.15.0.tgz 0ms (cache hit)
2554 http cache esrecurse@https://registry.npmjs.org/esrecurse/-/esrecurse-4.3.0.tgz 0ms (cache hit)
2555 http cache update-browserslist-db@https://registry.npmjs.org/update-browserslist-db/-/update-browserslist-db-1.1.4.tgz 0ms (cache hit)
2556 http cache node-releases@https://registry.npmjs.org/node-releases/-/node-releases-2.0.27.tgz 0ms (cache hit)
2557 http cache caniuse-lite@https://registry.npmjs.org/caniuse-lite/-/caniuse-lite-1.0.30001756.tgz 0ms (cache hit)
2558 http cache electron-to-chromium@https://registry.npmjs.org/electron-to-chromium/-/electron-to-chromium-1.5.258.tgz 0ms (cache hit)
2559 http cache baseline-browser-mapping@https://registry.npmjs.org/baseline-browser-mapping/-/baseline-browser-mapping-2.8.29.tgz 0ms (cache hit)
2560 http cache @babel/helper-string-parser@https://registry.npmjs.org/@babel/helper-string-parser/-/helper-string-parser-7.27.1.tgz 0ms (cache hit)
2561 http cache @babel/helper-globals@https://registry.npmjs.org/@babel/helper-globals/-/helper-globals-7.28.0.tgz 0ms (cache hit)
2562 http cache lru-cache@https://registry.npmjs.org/lru-cache/-/lru-cache-5.1.1.tgz 0ms (cache hit)
2563 http cache @babel/helper-module-imports@https://registry.npmjs.org/@babel/helper-module-imports/-/helper-module-imports-7.27.1.tgz 0ms (cache hit)
2564 http cache @babel/helper-validator-option@https://registry.npmjs.org/@babel/helper-validator-option/-/helper-validator-option-7.27.1.tgz 0ms (cache hit)
2565 http cache @babel/compat-data@https://registry.npmjs.org/@babel/compat-data/-/compat-data-7.28.5.tgz 0ms (cache hit)
2566 http cache jsesc@https://registry.npmjs.org/jsesc/-/jsesc-3.1.0.tgz 0ms (cache hit)
2567 http cache picocolors@https://registry.npmjs.org/picocolors/-/picocolors-1.1.1.tgz 0ms (cache hit)
2568 http cache browserslist@https://registry.npmjs.org/browserslist/-/browserslist-4.28.0.tgz 0ms (cache hit)
2569 http cache js-tokens@https://registry.npmjs.org/js-tokens/-/js-tokens-4.0.0.tgz 0ms (cache hit)
2570 http cache @babel/helper-validator-identifier@https://registry.npmjs.org/@babel/helper-validator-identifier/-/helper-validator-identifier-7.28.5.tgz 0ms (cache hit)
2571 http cache json5@https://registry.npmjs.org/json5/-/json5-2.2.3.tgz 0ms (cache hit)
2572 http cache gensync@https://registry.npmjs.org/gensync/-/gensync-1.0.0-beta.2.tgz 0ms (cache hit)
2573 http cache convert-source-map@https://registry.npmjs.org/convert-source-map/-/convert-source-map-2.0.0.tgz 0ms (cache hit)
2574 http cache @babel/types@https://registry.npmjs.org/@babel/types/-/types-7.28.5.tgz 0ms (cache hit)
2575 http cache @babel/traverse@https://registry.npmjs.org/@babel/traverse/-/traverse-7.28.5.tgz 0ms (cache hit)
2576 http cache @babel/template@https://registry.npmjs.org/@babel/template/-/template-7.27.2.tgz 0ms (cache hit)
2577 http cache @babel/helpers@https://registry.npmjs.org/@babel/helpers/-/helpers-7.28.4.tgz 0ms (cache hit)
2578 http cache @babel/helper-module-transforms@https://registry.npmjs.org/@babel/helper-module-transforms/-/helper-module-transforms-7.28.3.tgz 0ms (cache hit)
2579 http cache @babel/helper-compilation-targets@https://registry.npmjs.org/@babel/helper-compilation-targets/-/helper-compilation-targets-7.27.2.tgz 0ms (cache hit)
2580 http cache @babel/generator@https://registry.npmjs.org/@babel/generator/-/generator-7.28.5.tgz 0ms (cache hit)
2581 http cache @babel/code-frame@https://registry.npmjs.org/@babel/code-frame/-/code-frame-7.27.1.tgz 0ms (cache hit)
2582 http cache path-exists@https://registry.npmjs.org/path-exists/-/path-exists-4.0.0.tgz 0ms (cache hit)
2583 http cache zod-validation-error@https://registry.npmjs.org/zod-validation-error/-/zod-validation-error-4.0.2.tgz 0ms (cache hit)
2584 http cache @babel/parser@https://registry.npmjs.org/@babel/parser/-/parser-7.28.5.tgz 0ms (cache hit)
2585 http cache zod@https://registry.npmjs.org/zod/-/zod-4.1.12.tgz 0ms (cache hit)
2586 http cache @babel/core@https://registry.npmjs.org/@babel/core/-/core-7.28.5.tgz 0ms (cache hit)
2587 http cache iterator.prototype@https://registry.npmjs.org/iterator.prototype/-/iterator.prototype-1.1.5.tgz 0ms (cache hit)
2588 http cache string.prototype.repeat@https://registry.npmjs.org/string.prototype.repeat/-/string.prototype.repeat-1.0.0.tgz 0ms (cache hit)
2589 http cache prop-types@https://registry.npmjs.org/prop-types/-/prop-types-15.8.1.tgz 0ms (cache hit)
2590 http cache object.entries@https://registry.npmjs.org/object.entries/-/object.entries-1.1.9.tgz 0ms (cache hit)
2591 http cache estraverse@https://registry.npmjs.org/estraverse/-/estraverse-5.3.0.tgz 0ms (cache hit)
2592 http cache es-iterator-helpers@https://registry.npmjs.org/es-iterator-helpers/-/es-iterator-helpers-1.2.1.tgz 0ms (cache hit)
2593 http cache array.prototype.tosorted@https://registry.npmjs.org/array.prototype.tosorted/-/array.prototype.tosorted-1.1.4.tgz 0ms (cache hit)
2594 http cache array.prototype.findlast@https://registry.npmjs.org/array.prototype.findlast/-/array.prototype.findlast-1.2.5.tgz 0ms (cache hit)
2595 http cache hermes-parser@https://registry.npmjs.org/hermes-parser/-/hermes-parser-0.25.1.tgz 0ms (cache hit)
2596 http cache language-tags@https://registry.npmjs.org/language-tags/-/language-tags-1.0.9.tgz 0ms (cache hit)
2597 http cache jsx-ast-utils@https://registry.npmjs.org/jsx-ast-utils/-/jsx-ast-utils-3.3.5.tgz 0ms (cache hit)
2598 http cache emoji-regex@https://registry.npmjs.org/emoji-regex/-/emoji-regex-9.2.2.tgz 0ms (cache hit)
2599 http cache damerau-levenshtein@https://registry.npmjs.org/damerau-levenshtein/-/damerau-levenshtein-1.0.8.tgz 0ms (cache hit)
2600 http cache axobject-query@https://registry.npmjs.org/axobject-query/-/axobject-query-4.1.0.tgz 0ms (cache hit)
2601 http cache axe-core@https://registry.npmjs.org/axe-core/-/axe-core-4.11.0.tgz 0ms (cache hit)
2602 http cache ast-types-flow@https://registry.npmjs.org/ast-types-flow/-/ast-types-flow-0.0.8.tgz 0ms (cache hit)
2603 http cache string.prototype.includes@https://registry.npmjs.org/string.prototype.includes/-/string.prototype.includes-2.0.1.tgz 0ms (cache hit)
2604 http cache string.prototype.matchall@https://registry.npmjs.org/string.prototype.matchall/-/string.prototype.matchall-4.0.12.tgz 0ms (cache hit)
2605 http cache aria-query@https://registry.npmjs.org/aria-query/-/aria-query-5.3.2.tgz 0ms (cache hit)
2606 http cache is-symbol@https://registry.npmjs.org/is-symbol/-/is-symbol-1.1.1.tgz 0ms (cache hit)
2607 http cache is-date-object@https://registry.npmjs.org/is-date-object/-/is-date-object-1.1.0.tgz 0ms (cache hit)
2608 http cache possible-typed-array-names@https://registry.npmjs.org/possible-typed-array-names/-/possible-typed-array-names-1.1.0.tgz 0ms (cache hit)
2609 http cache which-typed-array@https://registry.npmjs.org/which-typed-array/-/which-typed-array-1.1.19.tgz 0ms (cache hit)
2610 http cache unbox-primitive@https://registry.npmjs.org/unbox-primitive/-/unbox-primitive-1.1.0.tgz 0ms (cache hit)
2611 http cache typed-array-length@https://registry.npmjs.org/typed-array-length/-/typed-array-length-1.0.7.tgz 0ms (cache hit)
2612 http cache typed-array-byte-offset@https://registry.npmjs.org/typed-array-byte-offset/-/typed-array-byte-offset-1.0.4.tgz 0ms (cache hit)
2613 http cache typed-array-byte-length@https://registry.npmjs.org/typed-array-byte-length/-/typed-array-byte-length-1.0.3.tgz 0ms (cache hit)
2614 http cache typed-array-buffer@https://registry.npmjs.org/typed-array-buffer/-/typed-array-buffer-1.0.3.tgz 0ms (cache hit)
2615 http cache string.prototype.trimstart@https://registry.npmjs.org/string.prototype.trimstart/-/string.prototype.trimstart-1.0.8.tgz 0ms (cache hit)
2616 http cache string.prototype.trim@https://registry.npmjs.org/string.prototype.trim/-/string.prototype.trim-1.2.10.tgz 0ms (cache hit)
2617 http cache stop-iteration-iterator@https://registry.npmjs.org/stop-iteration-iterator/-/stop-iteration-iterator-1.1.0.tgz 0ms (cache hit)
2618 http cache set-proto@https://registry.npmjs.org/set-proto/-/set-proto-1.0.0.tgz 0ms (cache hit)
2619 http cache safe-regex-test@https://registry.npmjs.org/safe-regex-test/-/safe-regex-test-1.1.0.tgz 0ms (cache hit)
2620 http cache safe-push-apply@https://registry.npmjs.org/safe-push-apply/-/safe-push-apply-1.0.0.tgz 0ms (cache hit)
2621 http cache safe-array-concat@https://registry.npmjs.org/safe-array-concat/-/safe-array-concat-1.1.3.tgz 0ms (cache hit)
2622 http cache own-keys@https://registry.npmjs.org/own-keys/-/own-keys-1.0.1.tgz 0ms (cache hit)
2623 http cache regexp.prototype.flags@https://registry.npmjs.org/regexp.prototype.flags/-/regexp.prototype.flags-1.5.4.tgz 0ms (cache hit)
2624 http cache object.assign@https://registry.npmjs.org/object.assign/-/object.assign-4.1.7.tgz 0ms (cache hit)
2625 http cache object-inspect@https://registry.npmjs.org/object-inspect/-/object-inspect-1.13.4.tgz 0ms (cache hit)
2626 http cache has-tostringtag@https://registry.npmjs.org/has-tostringtag/-/has-tostringtag-1.0.2.tgz 0ms (cache hit)
2627 http cache is-typed-array@https://registry.npmjs.org/is-typed-array/-/is-typed-array-1.1.15.tgz 0ms (cache hit)
2628 http cache is-set@https://registry.npmjs.org/is-set/-/is-set-2.0.3.tgz 0ms (cache hit)
2629 http cache is-weakref@https://registry.npmjs.org/is-weakref/-/is-weakref-1.1.1.tgz 0ms (cache hit)
2630 http cache is-regex@https://registry.npmjs.org/is-regex/-/is-regex-1.2.1.tgz 0ms (cache hit)
2631 http cache is-negative-zero@https://registry.npmjs.org/is-negative-zero/-/is-negative-zero-2.0.3.tgz 0ms (cache hit)
2632 http cache is-data-view@https://registry.npmjs.org/is-data-view/-/is-data-view-1.0.2.tgz 0ms (cache hit)
2633 http cache is-callable@https://registry.npmjs.org/is-callable/-/is-callable-1.2.7.tgz 0ms (cache hit)
2634 http cache is-array-buffer@https://registry.npmjs.org/is-array-buffer/-/is-array-buffer-3.0.5.tgz 0ms (cache hit)
2635 http cache has-symbols@https://registry.npmjs.org/has-symbols/-/has-symbols-1.1.0.tgz 0ms (cache hit)
2636 http cache internal-slot@https://registry.npmjs.org/internal-slot/-/internal-slot-1.1.0.tgz 0ms (cache hit)
2637 http cache has-proto@https://registry.npmjs.org/has-proto/-/has-proto-1.2.0.tgz 0ms (cache hit)
2638 http cache globalthis@https://registry.npmjs.org/globalthis/-/globalthis-1.0.4.tgz 0ms (cache hit)
2639 http cache get-proto@https://registry.npmjs.org/get-proto/-/get-proto-1.0.1.tgz 0ms (cache hit)
2640 http cache get-symbol-description@https://registry.npmjs.org/get-symbol-description/-/get-symbol-description-1.1.0.tgz 0ms (cache hit)
2641 http cache function.prototype.name@https://registry.npmjs.org/function.prototype.name/-/function.prototype.name-1.1.8.tgz 0ms (cache hit)
2642 http cache es-to-primitive@https://registry.npmjs.org/es-to-primitive/-/es-to-primitive-1.3.0.tgz 0ms (cache hit)
2643 http cache is-shared-array-buffer@https://registry.npmjs.org/is-shared-array-buffer/-/is-shared-array-buffer-1.0.4.tgz 0ms (cache hit)
2644 http cache es-set-tostringtag@https://registry.npmjs.org/es-set-tostringtag/-/es-set-tostringtag-2.1.0.tgz 0ms (cache hit)
2645 http cache data-view-byte-length@https://registry.npmjs.org/data-view-byte-length/-/data-view-byte-length-1.0.2.tgz 0ms (cache hit)
2646 http cache available-typed-arrays@https://registry.npmjs.org/available-typed-arrays/-/available-typed-arrays-1.0.7.tgz 0ms (cache hit)
2647 http cache arraybuffer.prototype.slice@https://registry.npmjs.org/arraybuffer.prototype.slice/-/arraybuffer.prototype.slice-1.0.4.tgz 0ms (cache hit)
2648 http cache array-buffer-byte-length@https://registry.npmjs.org/array-buffer-byte-length/-/array-buffer-byte-length-1.0.2.tgz 0ms (cache hit)
2649 http cache data-view-byte-offset@https://registry.npmjs.org/data-view-byte-offset/-/data-view-byte-offset-1.0.1.tgz 0ms (cache hit)
2650 http cache object-keys@https://registry.npmjs.org/object-keys/-/object-keys-1.1.1.tgz 0ms (cache hit)
2651 http cache gopd@https://registry.npmjs.org/gopd/-/gopd-1.2.0.tgz 0ms (cache hit)
2652 http cache has-property-descriptors@https://registry.npmjs.org/has-property-descriptors/-/has-property-descriptors-1.0.2.tgz 0ms (cache hit)
2653 http cache data-view-buffer@https://registry.npmjs.org/data-view-buffer/-/data-view-buffer-1.0.2.tgz 0ms (cache hit)
2654 http cache function-bind@https://registry.npmjs.org/function-bind/-/function-bind-1.1.2.tgz 0ms (cache hit)
2655 http cache es-define-property@https://registry.npmjs.org/es-define-property/-/es-define-property-1.0.1.tgz 0ms (cache hit)
2656 http cache define-data-property@https://registry.npmjs.org/define-data-property/-/define-data-property-1.1.4.tgz 0ms (cache hit)
2657 http cache call-bind-apply-helpers@https://registry.npmjs.org/call-bind-apply-helpers/-/call-bind-apply-helpers-1.0.2.tgz 0ms (cache hit)
2658 http cache es-shim-unscopables@https://registry.npmjs.org/es-shim-unscopables/-/es-shim-unscopables-1.1.0.tgz 0ms (cache hit)
2659 http cache es-errors@https://registry.npmjs.org/es-errors/-/es-errors-1.3.0.tgz 0ms (cache hit)
2660 http cache math-intrinsics@https://registry.npmjs.org/math-intrinsics/-/math-intrinsics-1.1.0.tgz 0ms (cache hit)
2661 http cache is-string@https://registry.npmjs.org/is-string/-/is-string-1.1.1.tgz 0ms (cache hit)
2662 http cache get-intrinsic@https://registry.npmjs.org/get-intrinsic/-/get-intrinsic-1.3.0.tgz 0ms (cache hit)
2663 http cache es-object-atoms@https://registry.npmjs.org/es-object-atoms/-/es-object-atoms-1.1.1.tgz 0ms (cache hit)
2664 http cache set-function-length@https://registry.npmjs.org/set-function-length/-/set-function-length-1.2.2.tgz 0ms (cache hit)
2665 http cache es-abstract@https://registry.npmjs.org/es-abstract/-/es-abstract-1.24.0.tgz 0ms (cache hit)
2666 http cache define-properties@https://registry.npmjs.org/define-properties/-/define-properties-1.2.1.tgz 0ms (cache hit)
2667 http cache call-bound@https://registry.npmjs.org/call-bound/-/call-bound-1.0.4.tgz 0ms (cache hit)
2668 http cache tsconfig-paths@https://registry.npmjs.org/tsconfig-paths/-/tsconfig-paths-3.15.0.tgz 0ms (cache hit)
2669 http cache semver@https://registry.npmjs.org/semver/-/semver-6.3.1.tgz 0ms (cache hit)
2670 http cache object.values@https://registry.npmjs.org/object.values/-/object.values-1.2.1.tgz 0ms (cache hit)
2671 http cache object.groupby@https://registry.npmjs.org/object.groupby/-/object.groupby-1.0.3.tgz 0ms (cache hit)
2672 http cache hasown@https://registry.npmjs.org/hasown/-/hasown-2.0.2.tgz 0ms (cache hit)
2673 http cache object.fromentries@https://registry.npmjs.org/object.fromentries/-/object.fromentries-2.0.8.tgz 0ms (cache hit)
2674 http cache eslint-module-utils@https://registry.npmjs.org/eslint-module-utils/-/eslint-module-utils-2.12.1.tgz 0ms (cache hit)
2675 http cache doctrine@https://registry.npmjs.org/doctrine/-/doctrine-2.1.0.tgz 0ms (cache hit)
2676 http cache array.prototype.flatmap@https://registry.npmjs.org/array.prototype.flatmap/-/array.prototype.flatmap-1.3.3.tgz 0ms (cache hit)
2677 http cache array.prototype.flat@https://registry.npmjs.org/array.prototype.flat/-/array.prototype.flat-1.3.3.tgz 0ms (cache hit)
2678 http cache string.prototype.trimend@https://registry.npmjs.org/string.prototype.trimend/-/string.prototype.trimend-1.0.9.tgz 0ms (cache hit)
2679 http cache array.prototype.findlastindex@https://registry.npmjs.org/array.prototype.findlastindex/-/array.prototype.findlastindex-1.2.6.tgz 0ms (cache hit)
2680 http cache array-includes@https://registry.npmjs.org/array-includes/-/array-includes-3.1.9.tgz 0ms (cache hit)
2681 http cache @rtsao/scc@https://registry.npmjs.org/@rtsao/scc/-/scc-1.1.0.tgz 0ms (cache hit)
2682 http cache unrs-resolver@https://registry.npmjs.org/unrs-resolver/-/unrs-resolver-1.11.1.tgz 0ms (cache hit)
2683 http cache tinyglobby@https://registry.npmjs.org/tinyglobby/-/tinyglobby-0.2.15.tgz 0ms (cache hit)
2684 http cache stable-hash@https://registry.npmjs.org/stable-hash/-/stable-hash-0.0.5.tgz 0ms (cache hit)
2685 http cache is-bun-module@https://registry.npmjs.org/is-bun-module/-/is-bun-module-2.0.0.tgz 0ms (cache hit)
2686 http cache get-tsconfig@https://registry.npmjs.org/get-tsconfig/-/get-tsconfig-4.13.0.tgz 0ms (cache hit)
2687 http cache @nolyfill/is-core-module@https://registry.npmjs.org/@nolyfill/is-core-module/-/is-core-module-1.0.39.tgz 0ms (cache hit)
2688 http cache resolve@https://registry.npmjs.org/resolve/-/resolve-1.22.11.tgz 0ms (cache hit)
2689 http cache is-core-module@https://registry.npmjs.org/is-core-module/-/is-core-module-2.16.1.tgz 0ms (cache hit)
2690 http cache fast-glob@https://registry.npmjs.org/fast-glob/-/fast-glob-3.3.1.tgz 0ms (cache hit)
2691 http cache typescript-eslint@https://registry.npmjs.org/typescript-eslint/-/typescript-eslint-8.47.0.tgz 0ms (cache hit)
2692 http cache eslint-plugin-react-hooks@https://registry.npmjs.org/eslint-plugin-react-hooks/-/eslint-plugin-react-hooks-7.0.1.tgz 0ms (cache hit)
2693 http cache eslint-plugin-react@https://registry.npmjs.org/eslint-plugin-react/-/eslint-plugin-react-7.37.5.tgz 0ms (cache hit)
2694 http cache eslint-plugin-jsx-a11y@https://registry.npmjs.org/eslint-plugin-jsx-a11y/-/eslint-plugin-jsx-a11y-6.10.2.tgz 0ms (cache hit)
2695 http cache eslint-plugin-import@https://registry.npmjs.org/eslint-plugin-import/-/eslint-plugin-import-2.32.0.tgz 0ms (cache hit)
2696 http cache eslint-import-resolver-typescript@https://registry.npmjs.org/eslint-import-resolver-typescript/-/eslint-import-resolver-typescript-3.10.1.tgz 0ms (cache hit)
2697 http cache eslint-import-resolver-node@https://registry.npmjs.org/eslint-import-resolver-node/-/eslint-import-resolver-node-0.3.9.tgz 0ms (cache hit)
2698 http cache @next/eslint-plugin-next@https://registry.npmjs.org/@next/eslint-plugin-next/-/eslint-plugin-next-16.0.3.tgz 0ms (cache hit)
2699 http cache ms@https://registry.npmjs.org/ms/-/ms-2.1.3.tgz 0ms (cache hit)
2700 http cache which@https://registry.npmjs.org/which/-/which-2.0.2.tgz 0ms (cache hit)
2701 http cache shebang-command@https://registry.npmjs.org/shebang-command/-/shebang-command-2.0.0.tgz 0ms (cache hit)
2702 http cache path-key@https://registry.npmjs.org/path-key/-/path-key-3.1.1.tgz 0ms (cache hit)
2703 http cache color-name@https://registry.npmjs.org/color-name/-/color-name-1.1.4.tgz 0ms (cache hit)
2704 http cache color-convert@https://registry.npmjs.org/color-convert/-/color-convert-2.0.1.tgz 0ms (cache hit)
2705 http cache supports-color@https://registry.npmjs.org/supports-color/-/supports-color-7.2.0.tgz 0ms (cache hit)
2706 http cache ansi-styles@https://registry.npmjs.org/ansi-styles/-/ansi-styles-4.3.0.tgz 0ms (cache hit)
2707 http cache uri-js@https://registry.npmjs.org/uri-js/-/uri-js-4.4.1.tgz 0ms (cache hit)
2708 http cache json-schema-traverse@https://registry.npmjs.org/json-schema-traverse/-/json-schema-traverse-0.4.1.tgz 0ms (cache hit)
2709 http cache fast-json-stable-stringify@https://registry.npmjs.org/fast-json-stable-stringify/-/fast-json-stable-stringify-2.1.0.tgz 0ms (cache hit)
2710 http cache @humanfs/core@https://registry.npmjs.org/@humanfs/core/-/core-0.19.1.tgz 0ms (cache hit)
2711 http cache levn@https://registry.npmjs.org/levn/-/levn-0.4.1.tgz 0ms (cache hit)
2712 http cache js-yaml@https://registry.npmjs.org/js-yaml/-/js-yaml-4.1.1.tgz 0ms (cache hit)
2713 http cache strip-json-comments@https://registry.npmjs.org/strip-json-comments/-/strip-json-comments-3.1.1.tgz 0ms (cache hit)
2714 http cache import-fresh@https://registry.npmjs.org/import-fresh/-/import-fresh-3.3.1.tgz 0ms (cache hit)
2715 http cache globals@https://registry.npmjs.org/globals/-/globals-14.0.0.tgz 0ms (cache hit)
2716 http cache @types/json-schema@https://registry.npmjs.org/@types/json-schema/-/json-schema-7.0.15.tgz 0ms (cache hit)
2717 http cache @eslint/object-schema@https://registry.npmjs.org/@eslint/object-schema/-/object-schema-2.1.7.tgz 0ms (cache hit)
2718 http cache optionator@https://registry.npmjs.org/optionator/-/optionator-0.9.4.tgz 0ms (cache hit)
2719 http cache natural-compare@https://registry.npmjs.org/natural-compare/-/natural-compare-1.4.0.tgz 0ms (cache hit)
2720 http cache lodash.merge@https://registry.npmjs.org/lodash.merge/-/lodash.merge-4.6.2.tgz 0ms (cache hit)
2721 http cache json-stable-stringify-without-jsonify@https://registry.npmjs.org/json-stable-stringify-without-jsonify/-/json-stable-stringify-without-jsonify-1.0.1.tgz 0ms (cache hit)
2722 http cache call-bind@https://registry.npmjs.org/call-bind/-/call-bind-1.0.8.tgz 0ms (cache hit)
2723 http cache is-glob@https://registry.npmjs.org/is-glob/-/is-glob-4.0.3.tgz 0ms (cache hit)
2724 http cache imurmurhash@https://registry.npmjs.org/imurmurhash/-/imurmurhash-0.1.4.tgz 0ms (cache hit)
2725 http cache ignore@https://registry.npmjs.org/ignore/-/ignore-5.3.2.tgz 0ms (cache hit)
2726 http cache glob-parent@https://registry.npmjs.org/glob-parent/-/glob-parent-6.0.2.tgz 0ms (cache hit)
2727 http cache find-up@https://registry.npmjs.org/find-up/-/find-up-5.0.0.tgz 0ms (cache hit)
2728 http cache file-entry-cache@https://registry.npmjs.org/file-entry-cache/-/file-entry-cache-8.0.0.tgz 0ms (cache hit)
2729 http cache fast-deep-equal@https://registry.npmjs.org/fast-deep-equal/-/fast-deep-equal-3.1.3.tgz 0ms (cache hit)
2730 http cache esutils@https://registry.npmjs.org/esutils/-/esutils-2.0.3.tgz 0ms (cache hit)
2731 http cache esquery@https://registry.npmjs.org/esquery/-/esquery-1.6.0.tgz 0ms (cache hit)
2732 http cache espree@https://registry.npmjs.org/espree/-/espree-10.4.0.tgz 0ms (cache hit)
2733 http cache eslint-visitor-keys@https://registry.npmjs.org/eslint-visitor-keys/-/eslint-visitor-keys-4.2.1.tgz 0ms (cache hit)
2734 http cache eslint-scope@https://registry.npmjs.org/eslint-scope/-/eslint-scope-8.4.0.tgz 0ms (cache hit)
2735 http cache escape-string-regexp@https://registry.npmjs.org/escape-string-regexp/-/escape-string-regexp-4.0.0.tgz 0ms (cache hit)
2736 http cache minimatch@https://registry.npmjs.org/minimatch/-/minimatch-3.1.2.tgz 0ms (cache hit)
2737 http cache cross-spawn@https://registry.npmjs.org/cross-spawn/-/cross-spawn-7.0.6.tgz 0ms (cache hit)
2738 http cache ajv@https://registry.npmjs.org/ajv/-/ajv-6.12.6.tgz 0ms (cache hit)
2739 http cache @types/estree@https://registry.npmjs.org/@types/estree/-/estree-1.0.8.tgz 0ms (cache hit)
2740 http cache @humanwhocodes/retry@https://registry.npmjs.org/@humanwhocodes/retry/-/retry-0.4.3.tgz 0ms (cache hit)
2741 http cache @humanwhocodes/module-importer@https://registry.npmjs.org/@humanwhocodes/module-importer/-/module-importer-1.0.1.tgz 0ms (cache hit)
2742 http cache debug@https://registry.npmjs.org/debug/-/debug-4.4.3.tgz 0ms (cache hit)
2743 http cache @humanfs/node@https://registry.npmjs.org/@humanfs/node/-/node-0.16.7.tgz 0ms (cache hit)
2744 http cache @eslint/plugin-kit@https://registry.npmjs.org/@eslint/plugin-kit/-/plugin-kit-0.4.1.tgz 0ms (cache hit)
2745 http cache @eslint/js@https://registry.npmjs.org/@eslint/js/-/js-9.39.1.tgz 0ms (cache hit)
2746 http cache @eslint/eslintrc@https://registry.npmjs.org/@eslint/eslintrc/-/eslintrc-3.3.1.tgz 0ms (cache hit)
2747 http cache @eslint/core@https://registry.npmjs.org/@eslint/core/-/core-0.17.0.tgz 0ms (cache hit)
2748 http cache @eslint/config-helpers@https://registry.npmjs.org/@eslint/config-helpers/-/config-helpers-0.4.2.tgz 0ms (cache hit)
2749 http cache @eslint/config-array@https://registry.npmjs.org/@eslint/config-array/-/config-array-0.21.1.tgz 0ms (cache hit)
2750 http cache @eslint-community/regexpp@https://registry.npmjs.org/@eslint-community/regexpp/-/regexpp-4.12.2.tgz 0ms (cache hit)
2751 http cache @eslint-community/eslint-utils@https://registry.npmjs.org/@eslint-community/eslint-utils/-/eslint-utils-4.9.0.tgz 0ms (cache hit)
2752 http cache tapable@https://registry.npmjs.org/tapable/-/tapable-2.3.0.tgz 0ms (cache hit)
2753 http cache graceful-fs@https://registry.npmjs.org/graceful-fs/-/graceful-fs-4.2.11.tgz 0ms (cache hit)
2754 http cache csstype@https://registry.npmjs.org/csstype/-/csstype-3.2.3.tgz 0ms (cache hit)
2755 http cache undici-types@https://registry.npmjs.org/undici-types/-/undici-types-6.21.0.tgz 0ms (cache hit)
2756 http cache @tailwindcss/oxide-darwin-arm64@https://registry.npmjs.org/@tailwindcss/oxide-darwin-arm64/-/oxide-darwin-arm64-4.1.17.tgz 0ms (cache hit)
2757 http cache @jridgewell/resolve-uri@https://registry.npmjs.org/@jridgewell/resolve-uri/-/resolve-uri-3.1.2.tgz 0ms (cache hit)
2758 http cache @jridgewell/sourcemap-codec@https://registry.npmjs.org/@jridgewell/sourcemap-codec/-/sourcemap-codec-1.5.5.tgz 0ms (cache hit)
2759 http cache @jridgewell/trace-mapping@https://registry.npmjs.org/@jridgewell/trace-mapping/-/trace-mapping-0.3.31.tgz 0ms (cache hit)
2760 http cache @jridgewell/gen-mapping@https://registry.npmjs.org/@jridgewell/gen-mapping/-/gen-mapping-0.3.13.tgz 0ms (cache hit)
2761 http cache source-map-js@https://registry.npmjs.org/source-map-js/-/source-map-js-1.2.1.tgz 0ms (cache hit)
2762 http cache magic-string@https://registry.npmjs.org/magic-string/-/magic-string-0.30.21.tgz 0ms (cache hit)
2763 http cache lightningcss@https://registry.npmjs.org/lightningcss/-/lightningcss-1.30.2.tgz 0ms (cache hit)
2764 http cache jiti@https://registry.npmjs.org/jiti/-/jiti-2.6.1.tgz 0ms (cache hit)
2765 http cache enhanced-resolve@https://registry.npmjs.org/enhanced-resolve/-/enhanced-resolve-5.18.3.tgz 0ms (cache hit)
2766 http cache @jridgewell/remapping@https://registry.npmjs.org/@jridgewell/remapping/-/remapping-2.3.5.tgz 0ms (cache hit)
2767 http cache postcss@https://registry.npmjs.org/postcss/-/postcss-8.5.6.tgz 0ms (cache hit)
2768 http cache @tailwindcss/oxide@https://registry.npmjs.org/@tailwindcss/oxide/-/oxide-4.1.17.tgz 0ms (cache hit)
2769 http cache @tailwindcss/node@https://registry.npmjs.org/@tailwindcss/node/-/node-4.1.17.tgz 0ms (cache hit)
2770 http cache @alloc/quick-lru@https://registry.npmjs.org/@alloc/quick-lru/-/quick-lru-5.2.0.tgz 0ms (cache hit)
2771 http cache typescript@https://registry.npmjs.org/typescript/-/typescript-5.9.3.tgz 0ms (cache hit)
2772 http cache tailwindcss@https://registry.npmjs.org/tailwindcss/-/tailwindcss-4.1.17.tgz 0ms (cache hit)
2773 http cache react-dom@https://registry.npmjs.org/react-dom/-/react-dom-19.2.0.tgz 0ms (cache hit)
2774 http cache react@https://registry.npmjs.org/react/-/react-19.2.0.tgz 0ms (cache hit)
2775 http cache next@https://registry.npmjs.org/next/-/next-16.0.3.tgz 0ms (cache hit)
2776 http cache eslint-config-next@https://registry.npmjs.org/eslint-config-next/-/eslint-config-next-16.0.3.tgz 0ms (cache hit)
2777 http cache eslint@https://registry.npmjs.org/eslint/-/eslint-9.39.1.tgz 0ms (cache hit)
2778 http cache @types/react-dom@https://registry.npmjs.org/@types/react-dom/-/react-dom-19.2.3.tgz 0ms (cache hit)
2779 http cache @types/react@https://registry.npmjs.org/@types/react/-/react-19.2.6.tgz 0ms (cache hit)
2780 http cache @types/node@https://registry.npmjs.org/@types/node/-/node-20.19.25.tgz 0ms (cache hit)
2781 http cache @tailwindcss/postcss@https://registry.npmjs.org/@tailwindcss/postcss/-/postcss-4.1.17.tgz 0ms (cache hit)
2782 http cache brace-expansion@https://registry.npmjs.org/brace-expansion/-/brace-expansion-2.0.2.tgz 0ms (cache hit)
2783 http cache glob-parent@https://registry.npmjs.org/glob-parent/-/glob-parent-5.1.2.tgz 0ms (cache hit)
2784 http cache semver@https://registry.npmjs.org/semver/-/semver-7.7.3.tgz 0ms (cache hit)
2785 http cache minimatch@https://registry.npmjs.org/minimatch/-/minimatch-9.0.5.tgz 0ms (cache hit)
2786 http cache fast-glob@https://registry.npmjs.org/fast-glob/-/fast-glob-3.3.3.tgz 0ms (cache hit)
2787 http cache ignore@https://registry.npmjs.org/ignore/-/ignore-7.0.5.tgz 0ms (cache hit)
2788 http cache semver@https://registry.npmjs.org/semver/-/semver-7.7.3.tgz 0ms (cache hit)
2789 http cache json5@https://registry.npmjs.org/json5/-/json5-1.0.2.tgz 0ms (cache hit)
2790 http cache debug@https://registry.npmjs.org/debug/-/debug-3.2.7.tgz 0ms (cache hit)
2791 http cache picomatch@https://registry.npmjs.org/picomatch/-/picomatch-4.0.3.tgz 0ms (cache hit)
2792 http cache fdir@https://registry.npmjs.org/fdir/-/fdir-6.5.0.tgz 0ms (cache hit)
2793 http cache glob-parent@https://registry.npmjs.org/glob-parent/-/glob-parent-5.1.2.tgz 0ms (cache hit)
2794 http cache resolve@https://registry.npmjs.org/resolve/-/resolve-2.0.0-next.5.tgz 0ms (cache hit)
2795 http cache debug@https://registry.npmjs.org/debug/-/debug-3.2.7.tgz 0ms (cache hit)
2796 http cache debug@https://registry.npmjs.org/debug/-/debug-3.2.7.tgz 0ms (cache hit)
2797 http cache chalk@https://registry.npmjs.org/chalk/-/chalk-4.1.2.tgz 0ms (cache hit)
2798 http cache postcss@https://registry.npmjs.org/postcss/-/postcss-8.4.31.tgz 0ms (cache hit)
2799 http cache eslint-visitor-keys@https://registry.npmjs.org/eslint-visitor-keys/-/eslint-visitor-keys-3.4.3.tgz 0ms (cache hit)
2800 http cache globals@https://registry.npmjs.org/globals/-/globals-16.4.0.tgz 0ms (cache hit)
2801 http cache semver@https://registry.npmjs.org/semver/-/semver-7.7.3.tgz 0ms (cache hit)
2802 silly tarball no local data for is-weakset@https://registry.npmjs.org/is-weakset/-/is-weakset-2.0.4.tgz. Extracting by manifest.
2803 silly tarball no local data for is-weakmap@https://registry.npmjs.org/is-weakmap/-/is-weakmap-2.0.2.tgz. Extracting by manifest.
2804 silly tarball no local data for generator-function@https://registry.npmjs.org/generator-function/-/generator-function-2.0.1.tgz. Extracting by manifest.
2805 silly tarball no local data for async-function@https://registry.npmjs.org/async-function/-/async-function-1.0.0.tgz. Extracting by manifest.
2806 silly tarball no local data for is-map@https://registry.npmjs.org/is-map/-/is-map-2.0.3.tgz. Extracting by manifest.
2807 silly tarball no local data for which-collection@https://registry.npmjs.org/which-collection/-/which-collection-1.0.2.tgz. Extracting by manifest.
2808 silly tarball no local data for is-generator-function@https://registry.npmjs.org/is-generator-function/-/is-generator-function-1.1.2.tgz. Extracting by manifest.
2809 silly tarball no local data for is-finalizationregistry@https://registry.npmjs.org/is-finalizationregistry/-/is-finalizationregistry-1.1.1.tgz. Extracting by manifest.
2810 silly tarball no local data for is-number-object@https://registry.npmjs.org/is-number-object/-/is-number-object-1.1.1.tgz. Extracting by manifest.
2811 silly tarball no local data for is-boolean-object@https://registry.npmjs.org/is-boolean-object/-/is-boolean-object-1.2.2.tgz. Extracting by manifest.
2812 silly tarball no local data for is-bigint@https://registry.npmjs.org/is-bigint/-/is-bigint-1.1.0.tgz. Extracting by manifest.
2813 silly tarball no local data for punycode@https://registry.npmjs.org/punycode/-/punycode-2.3.1.tgz. Extracting by manifest.
2814 silly tarball no local data for isexe@https://registry.npmjs.org/isexe/-/isexe-2.0.0.tgz. Extracting by manifest.
2815 silly tarball no local data for is-async-function@https://registry.npmjs.org/is-async-function/-/is-async-function-2.1.1.tgz. Extracting by manifest.
2816 silly tarball no local data for escalade@https://registry.npmjs.org/escalade/-/escalade-3.2.0.tgz. Extracting by manifest.
2817 silly tarball no local data for @emnapi/wasi-threads@https://registry.npmjs.org/@emnapi/wasi-threads/-/wasi-threads-1.1.0.tgz. Extracting by manifest.
2818 silly tarball no local data for @tybys/wasm-util@https://registry.npmjs.org/@tybys/wasm-util/-/wasm-util-0.10.1.tgz. Extracting by manifest.
2819 silly tarball no local data for @emnapi/core@https://registry.npmjs.org/@emnapi/core/-/core-1.7.1.tgz. Extracting by manifest.
2820 silly tarball no local data for @napi-rs/wasm-runtime@https://registry.npmjs.org/@napi-rs/wasm-runtime/-/wasm-runtime-0.2.12.tgz. Extracting by manifest.
2821 silly tarball no local data for @unrs/resolver-binding-darwin-arm64@https://registry.npmjs.org/@unrs/resolver-binding-darwin-arm64/-/resolver-binding-darwin-arm64-1.11.1.tgz. Extracting by manifest.
2822 silly tarball no local data for napi-postinstall@https://registry.npmjs.org/napi-postinstall/-/napi-postinstall-0.3.4.tgz. Extracting by manifest.
2823 silly tarball no local data for which-boxed-primitive@https://registry.npmjs.org/which-boxed-primitive/-/which-boxed-primitive-1.1.1.tgz. Extracting by manifest.
2824 silly tarball no local data for has-bigints@https://registry.npmjs.org/has-bigints/-/has-bigints-1.1.0.tgz. Extracting by manifest.
2825 silly tarball no local data for @typescript-eslint/tsconfig-utils@https://registry.npmjs.org/@typescript-eslint/tsconfig-utils/-/tsconfig-utils-8.47.0.tgz. Extracting by manifest.
2826 silly tarball no local data for @typescript-eslint/types@https://registry.npmjs.org/@typescript-eslint/types/-/types-8.47.0.tgz. Extracting by manifest.
2827 silly tarball no local data for ts-api-utils@https://registry.npmjs.org/ts-api-utils/-/ts-api-utils-2.1.0.tgz. Extracting by manifest.
2828 silly tarball no local data for @typescript-eslint/project-service@https://registry.npmjs.org/@typescript-eslint/project-service/-/project-service-8.47.0.tgz. Extracting by manifest.
2829 silly tarball no local data for graphemer@https://registry.npmjs.org/graphemer/-/graphemer-1.4.0.tgz. Extracting by manifest.
2830 silly tarball no local data for @typescript-eslint/visitor-keys@https://registry.npmjs.org/@typescript-eslint/visitor-keys/-/visitor-keys-8.47.0.tgz. Extracting by manifest.
2831 silly tarball no local data for @typescript-eslint/type-utils@https://registry.npmjs.org/@typescript-eslint/type-utils/-/type-utils-8.47.0.tgz. Extracting by manifest.
2832 silly tarball no local data for @typescript-eslint/scope-manager@https://registry.npmjs.org/@typescript-eslint/scope-manager/-/scope-manager-8.47.0.tgz. Extracting by manifest.
2833 silly tarball no local data for @typescript-eslint/utils@https://registry.npmjs.org/@typescript-eslint/utils/-/utils-8.47.0.tgz. Extracting by manifest.
2834 silly tarball no local data for @typescript-eslint/parser@https://registry.npmjs.org/@typescript-eslint/parser/-/parser-8.47.0.tgz. Extracting by manifest.
2835 silly tarball no local data for @typescript-eslint/typescript-estree@https://registry.npmjs.org/@typescript-eslint/typescript-estree/-/typescript-estree-8.47.0.tgz. Extracting by manifest.
2836 silly tarball no local data for @typescript-eslint/eslint-plugin@https://registry.npmjs.org/@typescript-eslint/eslint-plugin/-/eslint-plugin-8.47.0.tgz. Extracting by manifest.
2837 silly tarball no local data for which-builtin-type@https://registry.npmjs.org/which-builtin-type/-/which-builtin-type-1.2.1.tgz. Extracting by manifest.
2838 silly tarball no local data for for-each@https://registry.npmjs.org/for-each/-/for-each-0.3.5.tgz. Extracting by manifest.
2839 silly tarball no local data for strip-bom@https://registry.npmjs.org/strip-bom/-/strip-bom-3.0.0.tgz. Extracting by manifest.
2840 silly tarball no local data for minimist@https://registry.npmjs.org/minimist/-/minimist-1.2.8.tgz. Extracting by manifest.
2841 silly tarball no local data for @types/json5@https://registry.npmjs.org/@types/json5/-/json5-0.0.29.tgz. Extracting by manifest.
2842 silly tarball no local data for reflect.getprototypeof@https://registry.npmjs.org/reflect.getprototypeof/-/reflect.getprototypeof-1.0.10.tgz. Extracting by manifest.
2843 silly tarball no local data for is-number@https://registry.npmjs.org/is-number/-/is-number-7.0.0.tgz. Extracting by manifest.
2844 silly tarball no local data for has-flag@https://registry.npmjs.org/has-flag/-/has-flag-4.0.0.tgz. Extracting by manifest.
2845 silly tarball no local data for client-only@https://registry.npmjs.org/client-only/-/client-only-0.0.1.tgz. Extracting by manifest.
2846 silly tarball no local data for side-channel-weakmap@https://registry.npmjs.org/side-channel-weakmap/-/side-channel-weakmap-1.0.2.tgz. Extracting by manifest.
2847 silly tarball no local data for side-channel-map@https://registry.npmjs.org/side-channel-map/-/side-channel-map-1.0.1.tgz. Extracting by manifest.
2848 silly tarball no local data for side-channel-list@https://registry.npmjs.org/side-channel-list/-/side-channel-list-1.0.0.tgz. Extracting by manifest.
2849 silly tarball no local data for @emnapi/runtime@https://registry.npmjs.org/@emnapi/runtime/-/runtime-1.7.1.tgz. Extracting by manifest.
2850 silly tarball no local data for @img/sharp-libvips-darwin-arm64@https://registry.npmjs.org/@img/sharp-libvips-darwin-arm64/-/sharp-libvips-darwin-arm64-1.2.4.tgz. Extracting by manifest.
2851 silly tarball no local data for @img/sharp-darwin-arm64@https://registry.npmjs.org/@img/sharp-darwin-arm64/-/sharp-darwin-arm64-0.34.5.tgz. Extracting by manifest.
2852 silly tarball no local data for @img/colour@https://registry.npmjs.org/@img/colour/-/colour-1.0.0.tgz. Extracting by manifest.
2853 silly tarball no local data for isarray@https://registry.npmjs.org/isarray/-/isarray-2.0.5.tgz. Extracting by manifest.
2854 silly tarball no local data for queue-microtask@https://registry.npmjs.org/queue-microtask/-/queue-microtask-1.2.3.tgz. Extracting by manifest.
2855 silly tarball no local data for supports-preserve-symlinks-flag@https://registry.npmjs.org/supports-preserve-symlinks-flag/-/supports-preserve-symlinks-flag-1.0.0.tgz. Extracting by manifest.
2856 silly tarball no local data for path-parse@https://registry.npmjs.org/path-parse/-/path-parse-1.0.7.tgz. Extracting by manifest.
2857 silly tarball no local data for scheduler@https://registry.npmjs.org/scheduler/-/scheduler-0.27.0.tgz. Extracting by manifest.
2858 silly tarball no local data for react-is@https://registry.npmjs.org/react-is/-/react-is-16.13.1.tgz. Extracting by manifest.
2859 silly tarball no local data for loose-envify@https://registry.npmjs.org/loose-envify/-/loose-envify-1.4.0.tgz. Extracting by manifest.
2860 silly tarball no local data for object-assign@https://registry.npmjs.org/object-assign/-/object-assign-4.1.1.tgz. Extracting by manifest.
2861 silly tarball no local data for nanoid@https://registry.npmjs.org/nanoid/-/nanoid-3.3.11.tgz. Extracting by manifest.
2862 silly tarball no local data for callsites@https://registry.npmjs.org/callsites/-/callsites-3.1.0.tgz. Extracting by manifest.
2863 silly tarball no local data for yocto-queue@https://registry.npmjs.org/yocto-queue/-/yocto-queue-0.1.0.tgz. Extracting by manifest.
2864 silly tarball no local data for p-limit@https://registry.npmjs.org/p-limit/-/p-limit-3.1.0.tgz. Extracting by manifest.
2865 silly tarball no local data for word-wrap@https://registry.npmjs.org/word-wrap/-/word-wrap-1.2.5.tgz. Extracting by manifest.
2866 silly tarball no local data for fast-levenshtein@https://registry.npmjs.org/fast-levenshtein/-/fast-levenshtein-2.0.6.tgz. Extracting by manifest.
2867 silly tarball no local data for tslib@https://registry.npmjs.org/tslib/-/tslib-2.8.1.tgz. Extracting by manifest.
2868 silly tarball no local data for styled-jsx@https://registry.npmjs.org/styled-jsx/-/styled-jsx-5.1.6.tgz. Extracting by manifest.
2869 silly tarball no local data for sharp@https://registry.npmjs.org/sharp/-/sharp-0.34.5.tgz. Extracting by manifest.
2870 silly tarball no local data for @swc/helpers@https://registry.npmjs.org/@swc/helpers/-/helpers-0.5.15.tgz. Extracting by manifest.
2871 silly tarball no local data for deep-is@https://registry.npmjs.org/deep-is/-/deep-is-0.1.4.tgz. Extracting by manifest.
2872 silly tarball no local data for @next/swc-darwin-arm64@https://registry.npmjs.org/@next/swc-darwin-arm64/-/swc-darwin-arm64-16.0.3.tgz. Extracting by manifest.
2873 silly tarball no local data for @next/env@https://registry.npmjs.org/@next/env/-/env-16.0.3.tgz. Extracting by manifest.
2874 silly tarball no local data for concat-map@https://registry.npmjs.org/concat-map/-/concat-map-0.0.1.tgz. Extracting by manifest.
2875 silly tarball no local data for brace-expansion@https://registry.npmjs.org/brace-expansion/-/brace-expansion-1.1.12.tgz. Extracting by manifest.
2876 silly tarball no local data for to-regex-range@https://registry.npmjs.org/to-regex-range/-/to-regex-range-5.0.1.tgz. Extracting by manifest.
2877 silly tarball no local data for fill-range@https://registry.npmjs.org/fill-range/-/fill-range-7.1.1.tgz. Extracting by manifest.
2878 silly tarball no local data for balanced-match@https://registry.npmjs.org/balanced-match/-/balanced-match-1.0.2.tgz. Extracting by manifest.
2879 silly tarball no local data for picomatch@https://registry.npmjs.org/picomatch/-/picomatch-2.3.1.tgz. Extracting by manifest.
2880 silly tarball no local data for yallist@https://registry.npmjs.org/yallist/-/yallist-3.1.1.tgz. Extracting by manifest.
2881 silly tarball no local data for p-locate@https://registry.npmjs.org/p-locate/-/p-locate-5.0.0.tgz. Extracting by manifest.
2882 silly tarball no local data for braces@https://registry.npmjs.org/braces/-/braces-3.0.3.tgz. Extracting by manifest.
2883 silly tarball no local data for lightningcss-darwin-arm64@https://registry.npmjs.org/lightningcss-darwin-arm64/-/lightningcss-darwin-arm64-1.30.2.tgz. Extracting by manifest.
2884 silly tarball no local data for detect-libc@https://registry.npmjs.org/detect-libc/-/detect-libc-2.1.2.tgz. Extracting by manifest.
2885 silly tarball no local data for type-check@https://registry.npmjs.org/type-check/-/type-check-0.4.0.tgz. Extracting by manifest.
2886 silly tarball no local data for prelude-ls@https://registry.npmjs.org/prelude-ls/-/prelude-ls-1.2.1.tgz. Extracting by manifest.
2887 silly tarball no local data for language-subtag-registry@https://registry.npmjs.org/language-subtag-registry/-/language-subtag-registry-0.3.23.tgz. Extracting by manifest.
2888 silly tarball no local data for shebang-regex@https://registry.npmjs.org/shebang-regex/-/shebang-regex-3.0.0.tgz. Extracting by manifest.
2889 silly tarball no local data for json-buffer@https://registry.npmjs.org/json-buffer/-/json-buffer-3.0.1.tgz. Extracting by manifest.
2890 silly tarball no local data for argparse@https://registry.npmjs.org/argparse/-/argparse-2.0.1.tgz. Extracting by manifest.
2891 silly tarball no local data for set-function-name@https://registry.npmjs.org/set-function-name/-/set-function-name-2.0.2.tgz. Extracting by manifest.
2892 silly tarball no local data for side-channel@https://registry.npmjs.org/side-channel/-/side-channel-1.1.0.tgz. Extracting by manifest.
2893 silly tarball no local data for resolve-from@https://registry.npmjs.org/resolve-from/-/resolve-from-4.0.0.tgz. Extracting by manifest.
2894 silly tarball no local data for parent-module@https://registry.npmjs.org/parent-module/-/parent-module-1.0.1.tgz. Extracting by manifest.
2895 silly tarball no local data for hermes-estree@https://registry.npmjs.org/hermes-estree/-/hermes-estree-0.25.1.tgz. Extracting by manifest.
2896 silly tarball no local data for resolve-pkg-maps@https://registry.npmjs.org/resolve-pkg-maps/-/resolve-pkg-maps-1.0.0.tgz. Extracting by manifest.
2897 silly tarball no local data for functions-have-names@https://registry.npmjs.org/functions-have-names/-/functions-have-names-1.2.3.tgz. Extracting by manifest.
2898 silly tarball no local data for dunder-proto@https://registry.npmjs.org/dunder-proto/-/dunder-proto-1.0.1.tgz. Extracting by manifest.
2899 silly tarball no local data for keyv@https://registry.npmjs.org/keyv/-/keyv-4.5.4.tgz. Extracting by manifest.
2900 silly tarball no local data for is-extglob@https://registry.npmjs.org/is-extglob/-/is-extglob-2.1.1.tgz. Extracting by manifest.
2901 silly tarball no local data for flatted@https://registry.npmjs.org/flatted/-/flatted-3.3.3.tgz. Extracting by manifest.
2902 silly tarball no local data for flat-cache@https://registry.npmjs.org/flat-cache/-/flat-cache-4.0.1.tgz. Extracting by manifest.
2903 silly tarball no local data for locate-path@https://registry.npmjs.org/locate-path/-/locate-path-6.0.0.tgz. Extracting by manifest.
2904 silly tarball no local data for reusify@https://registry.npmjs.org/reusify/-/reusify-1.1.0.tgz. Extracting by manifest.
2905 silly tarball no local data for run-parallel@https://registry.npmjs.org/run-parallel/-/run-parallel-1.2.0.tgz. Extracting by manifest.
2906 silly tarball no local data for fastq@https://registry.npmjs.org/fastq/-/fastq-1.19.1.tgz. Extracting by manifest.
2907 silly tarball no local data for @nodelib/fs.scandir@https://registry.npmjs.org/@nodelib/fs.scandir/-/fs.scandir-2.1.5.tgz. Extracting by manifest.
2908 silly tarball no local data for micromatch@https://registry.npmjs.org/micromatch/-/micromatch-4.0.8.tgz. Extracting by manifest.
2909 silly tarball no local data for merge2@https://registry.npmjs.org/merge2/-/merge2-1.4.1.tgz. Extracting by manifest.
2910 silly tarball no local data for @nodelib/fs.walk@https://registry.npmjs.org/@nodelib/fs.walk/-/fs.walk-1.2.8.tgz. Extracting by manifest.
2911 silly tarball no local data for @nodelib/fs.stat@https://registry.npmjs.org/@nodelib/fs.stat/-/fs.stat-2.0.5.tgz. Extracting by manifest.
2912 silly tarball no local data for acorn-jsx@https://registry.npmjs.org/acorn-jsx/-/acorn-jsx-5.3.2.tgz. Extracting by manifest.
2913 silly tarball no local data for acorn@https://registry.npmjs.org/acorn/-/acorn-8.15.0.tgz. Extracting by manifest.
2914 silly tarball no local data for esrecurse@https://registry.npmjs.org/esrecurse/-/esrecurse-4.3.0.tgz. Extracting by manifest.
2915 silly tarball no local data for update-browserslist-db@https://registry.npmjs.org/update-browserslist-db/-/update-browserslist-db-1.1.4.tgz. Extracting by manifest.
2916 silly tarball no local data for node-releases@https://registry.npmjs.org/node-releases/-/node-releases-2.0.27.tgz. Extracting by manifest.
2917 silly tarball no local data for caniuse-lite@https://registry.npmjs.org/caniuse-lite/-/caniuse-lite-1.0.30001756.tgz. Extracting by manifest.
2918 silly tarball no local data for electron-to-chromium@https://registry.npmjs.org/electron-to-chromium/-/electron-to-chromium-1.5.258.tgz. Extracting by manifest.
2919 silly tarball no local data for baseline-browser-mapping@https://registry.npmjs.org/baseline-browser-mapping/-/baseline-browser-mapping-2.8.29.tgz. Extracting by manifest.
2920 silly tarball no local data for @babel/helper-string-parser@https://registry.npmjs.org/@babel/helper-string-parser/-/helper-string-parser-7.27.1.tgz. Extracting by manifest.
2921 silly tarball no local data for @babel/helper-globals@https://registry.npmjs.org/@babel/helper-globals/-/helper-globals-7.28.0.tgz. Extracting by manifest.
2922 silly tarball no local data for lru-cache@https://registry.npmjs.org/lru-cache/-/lru-cache-5.1.1.tgz. Extracting by manifest.
2923 silly tarball no local data for @babel/helper-module-imports@https://registry.npmjs.org/@babel/helper-module-imports/-/helper-module-imports-7.27.1.tgz. Extracting by manifest.
2924 silly tarball no local data for @babel/helper-validator-option@https://registry.npmjs.org/@babel/helper-validator-option/-/helper-validator-option-7.27.1.tgz. Extracting by manifest.
2925 silly tarball no local data for @babel/compat-data@https://registry.npmjs.org/@babel/compat-data/-/compat-data-7.28.5.tgz. Extracting by manifest.
2926 silly tarball no local data for jsesc@https://registry.npmjs.org/jsesc/-/jsesc-3.1.0.tgz. Extracting by manifest.
2927 silly tarball no local data for picocolors@https://registry.npmjs.org/picocolors/-/picocolors-1.1.1.tgz. Extracting by manifest.
2928 silly tarball no local data for browserslist@https://registry.npmjs.org/browserslist/-/browserslist-4.28.0.tgz. Extracting by manifest.
2929 silly tarball no local data for js-tokens@https://registry.npmjs.org/js-tokens/-/js-tokens-4.0.0.tgz. Extracting by manifest.
2930 silly tarball no local data for @babel/helper-validator-identifier@https://registry.npmjs.org/@babel/helper-validator-identifier/-/helper-validator-identifier-7.28.5.tgz. Extracting by manifest.
2931 silly tarball no local data for json5@https://registry.npmjs.org/json5/-/json5-2.2.3.tgz. Extracting by manifest.
2932 silly tarball no local data for gensync@https://registry.npmjs.org/gensync/-/gensync-1.0.0-beta.2.tgz. Extracting by manifest.
2933 silly tarball no local data for convert-source-map@https://registry.npmjs.org/convert-source-map/-/convert-source-map-2.0.0.tgz. Extracting by manifest.
2934 silly tarball no local data for @babel/types@https://registry.npmjs.org/@babel/types/-/types-7.28.5.tgz. Extracting by manifest.
2935 silly tarball no local data for @babel/traverse@https://registry.npmjs.org/@babel/traverse/-/traverse-7.28.5.tgz. Extracting by manifest.
2936 silly tarball no local data for @babel/template@https://registry.npmjs.org/@babel/template/-/template-7.27.2.tgz. Extracting by manifest.
2937 silly tarball no local data for @babel/helpers@https://registry.npmjs.org/@babel/helpers/-/helpers-7.28.4.tgz. Extracting by manifest.
2938 silly tarball no local data for @babel/helper-module-transforms@https://registry.npmjs.org/@babel/helper-module-transforms/-/helper-module-transforms-7.28.3.tgz. Extracting by manifest.
2939 silly tarball no local data for @babel/helper-compilation-targets@https://registry.npmjs.org/@babel/helper-compilation-targets/-/helper-compilation-targets-7.27.2.tgz. Extracting by manifest.
2940 silly tarball no local data for @babel/generator@https://registry.npmjs.org/@babel/generator/-/generator-7.28.5.tgz. Extracting by manifest.
2941 silly tarball no local data for @babel/code-frame@https://registry.npmjs.org/@babel/code-frame/-/code-frame-7.27.1.tgz. Extracting by manifest.
2942 silly tarball no local data for path-exists@https://registry.npmjs.org/path-exists/-/path-exists-4.0.0.tgz. Extracting by manifest.
2943 silly tarball no local data for zod-validation-error@https://registry.npmjs.org/zod-validation-error/-/zod-validation-error-4.0.2.tgz. Extracting by manifest.
2944 silly tarball no local data for @babel/parser@https://registry.npmjs.org/@babel/parser/-/parser-7.28.5.tgz. Extracting by manifest.
2945 silly tarball no local data for zod@https://registry.npmjs.org/zod/-/zod-4.1.12.tgz. Extracting by manifest.
2946 silly tarball no local data for @babel/core@https://registry.npmjs.org/@babel/core/-/core-7.28.5.tgz. Extracting by manifest.
2947 silly tarball no local data for iterator.prototype@https://registry.npmjs.org/iterator.prototype/-/iterator.prototype-1.1.5.tgz. Extracting by manifest.
2948 silly tarball no local data for string.prototype.repeat@https://registry.npmjs.org/string.prototype.repeat/-/string.prototype.repeat-1.0.0.tgz. Extracting by manifest.
2949 silly tarball no local data for prop-types@https://registry.npmjs.org/prop-types/-/prop-types-15.8.1.tgz. Extracting by manifest.
2950 silly tarball no local data for object.entries@https://registry.npmjs.org/object.entries/-/object.entries-1.1.9.tgz. Extracting by manifest.
2951 silly tarball no local data for estraverse@https://registry.npmjs.org/estraverse/-/estraverse-5.3.0.tgz. Extracting by manifest.
2952 silly tarball no local data for es-iterator-helpers@https://registry.npmjs.org/es-iterator-helpers/-/es-iterator-helpers-1.2.1.tgz. Extracting by manifest.
2953 silly tarball no local data for array.prototype.tosorted@https://registry.npmjs.org/array.prototype.tosorted/-/array.prototype.tosorted-1.1.4.tgz. Extracting by manifest.
2954 silly tarball no local data for array.prototype.findlast@https://registry.npmjs.org/array.prototype.findlast/-/array.prototype.findlast-1.2.5.tgz. Extracting by manifest.
2955 silly tarball no local data for hermes-parser@https://registry.npmjs.org/hermes-parser/-/hermes-parser-0.25.1.tgz. Extracting by manifest.
2956 silly tarball no local data for language-tags@https://registry.npmjs.org/language-tags/-/language-tags-1.0.9.tgz. Extracting by manifest.
2957 silly tarball no local data for jsx-ast-utils@https://registry.npmjs.org/jsx-ast-utils/-/jsx-ast-utils-3.3.5.tgz. Extracting by manifest.
2958 silly tarball no local data for emoji-regex@https://registry.npmjs.org/emoji-regex/-/emoji-regex-9.2.2.tgz. Extracting by manifest.
2959 silly tarball no local data for damerau-levenshtein@https://registry.npmjs.org/damerau-levenshtein/-/damerau-levenshtein-1.0.8.tgz. Extracting by manifest.
2960 silly tarball no local data for axobject-query@https://registry.npmjs.org/axobject-query/-/axobject-query-4.1.0.tgz. Extracting by manifest.
2961 silly tarball no local data for axe-core@https://registry.npmjs.org/axe-core/-/axe-core-4.11.0.tgz. Extracting by manifest.
2962 silly tarball no local data for ast-types-flow@https://registry.npmjs.org/ast-types-flow/-/ast-types-flow-0.0.8.tgz. Extracting by manifest.
2963 silly tarball no local data for string.prototype.includes@https://registry.npmjs.org/string.prototype.includes/-/string.prototype.includes-2.0.1.tgz. Extracting by manifest.
2964 silly tarball no local data for string.prototype.matchall@https://registry.npmjs.org/string.prototype.matchall/-/string.prototype.matchall-4.0.12.tgz. Extracting by manifest.
2965 silly tarball no local data for aria-query@https://registry.npmjs.org/aria-query/-/aria-query-5.3.2.tgz. Extracting by manifest.
2966 silly tarball no local data for is-symbol@https://registry.npmjs.org/is-symbol/-/is-symbol-1.1.1.tgz. Extracting by manifest.
2967 silly tarball no local data for is-date-object@https://registry.npmjs.org/is-date-object/-/is-date-object-1.1.0.tgz. Extracting by manifest.
2968 silly tarball no local data for possible-typed-array-names@https://registry.npmjs.org/possible-typed-array-names/-/possible-typed-array-names-1.1.0.tgz. Extracting by manifest.
2969 silly tarball no local data for which-typed-array@https://registry.npmjs.org/which-typed-array/-/which-typed-array-1.1.19.tgz. Extracting by manifest.
2970 silly tarball no local data for unbox-primitive@https://registry.npmjs.org/unbox-primitive/-/unbox-primitive-1.1.0.tgz. Extracting by manifest.
2971 silly tarball no local data for typed-array-length@https://registry.npmjs.org/typed-array-length/-/typed-array-length-1.0.7.tgz. Extracting by manifest.
2972 silly tarball no local data for typed-array-byte-offset@https://registry.npmjs.org/typed-array-byte-offset/-/typed-array-byte-offset-1.0.4.tgz. Extracting by manifest.
2973 silly tarball no local data for typed-array-byte-length@https://registry.npmjs.org/typed-array-byte-length/-/typed-array-byte-length-1.0.3.tgz. Extracting by manifest.
2974 silly tarball no local data for typed-array-buffer@https://registry.npmjs.org/typed-array-buffer/-/typed-array-buffer-1.0.3.tgz. Extracting by manifest.
2975 silly tarball no local data for string.prototype.trimstart@https://registry.npmjs.org/string.prototype.trimstart/-/string.prototype.trimstart-1.0.8.tgz. Extracting by manifest.
2976 silly tarball no local data for string.prototype.trim@https://registry.npmjs.org/string.prototype.trim/-/string.prototype.trim-1.2.10.tgz. Extracting by manifest.
2977 silly tarball no local data for stop-iteration-iterator@https://registry.npmjs.org/stop-iteration-iterator/-/stop-iteration-iterator-1.1.0.tgz. Extracting by manifest.
2978 silly tarball no local data for set-proto@https://registry.npmjs.org/set-proto/-/set-proto-1.0.0.tgz. Extracting by manifest.
2979 silly tarball no local data for safe-regex-test@https://registry.npmjs.org/safe-regex-test/-/safe-regex-test-1.1.0.tgz. Extracting by manifest.
2980 silly tarball no local data for safe-push-apply@https://registry.npmjs.org/safe-push-apply/-/safe-push-apply-1.0.0.tgz. Extracting by manifest.
2981 silly tarball no local data for safe-array-concat@https://registry.npmjs.org/safe-array-concat/-/safe-array-concat-1.1.3.tgz. Extracting by manifest.
2982 silly tarball no local data for own-keys@https://registry.npmjs.org/own-keys/-/own-keys-1.0.1.tgz. Extracting by manifest.
2983 silly tarball no local data for regexp.prototype.flags@https://registry.npmjs.org/regexp.prototype.flags/-/regexp.prototype.flags-1.5.4.tgz. Extracting by manifest.
2984 silly tarball no local data for object.assign@https://registry.npmjs.org/object.assign/-/object.assign-4.1.7.tgz. Extracting by manifest.
2985 silly tarball no local data for object-inspect@https://registry.npmjs.org/object-inspect/-/object-inspect-1.13.4.tgz. Extracting by manifest.
2986 silly tarball no local data for has-tostringtag@https://registry.npmjs.org/has-tostringtag/-/has-tostringtag-1.0.2.tgz. Extracting by manifest.
2987 silly tarball no local data for is-typed-array@https://registry.npmjs.org/is-typed-array/-/is-typed-array-1.1.15.tgz. Extracting by manifest.
2988 silly tarball no local data for is-set@https://registry.npmjs.org/is-set/-/is-set-2.0.3.tgz. Extracting by manifest.
2989 silly tarball no local data for is-weakref@https://registry.npmjs.org/is-weakref/-/is-weakref-1.1.1.tgz. Extracting by manifest.
2990 silly tarball no local data for is-regex@https://registry.npmjs.org/is-regex/-/is-regex-1.2.1.tgz. Extracting by manifest.
2991 silly tarball no local data for is-negative-zero@https://registry.npmjs.org/is-negative-zero/-/is-negative-zero-2.0.3.tgz. Extracting by manifest.
2992 silly tarball no local data for is-data-view@https://registry.npmjs.org/is-data-view/-/is-data-view-1.0.2.tgz. Extracting by manifest.
2993 silly tarball no local data for is-callable@https://registry.npmjs.org/is-callable/-/is-callable-1.2.7.tgz. Extracting by manifest.
2994 silly tarball no local data for is-array-buffer@https://registry.npmjs.org/is-array-buffer/-/is-array-buffer-3.0.5.tgz. Extracting by manifest.
2995 silly tarball no local data for has-symbols@https://registry.npmjs.org/has-symbols/-/has-symbols-1.1.0.tgz. Extracting by manifest.
2996 silly tarball no local data for internal-slot@https://registry.npmjs.org/internal-slot/-/internal-slot-1.1.0.tgz. Extracting by manifest.
2997 silly tarball no local data for has-proto@https://registry.npmjs.org/has-proto/-/has-proto-1.2.0.tgz. Extracting by manifest.
2998 silly tarball no local data for globalthis@https://registry.npmjs.org/globalthis/-/globalthis-1.0.4.tgz. Extracting by manifest.
2999 silly tarball no local data for get-proto@https://registry.npmjs.org/get-proto/-/get-proto-1.0.1.tgz. Extracting by manifest.
3000 silly tarball no local data for get-symbol-description@https://registry.npmjs.org/get-symbol-description/-/get-symbol-description-1.1.0.tgz. Extracting by manifest.
3001 silly tarball no local data for function.prototype.name@https://registry.npmjs.org/function.prototype.name/-/function.prototype.name-1.1.8.tgz. Extracting by manifest.
3002 silly tarball no local data for es-to-primitive@https://registry.npmjs.org/es-to-primitive/-/es-to-primitive-1.3.0.tgz. Extracting by manifest.
3003 silly tarball no local data for is-shared-array-buffer@https://registry.npmjs.org/is-shared-array-buffer/-/is-shared-array-buffer-1.0.4.tgz. Extracting by manifest.
3004 silly tarball no local data for es-set-tostringtag@https://registry.npmjs.org/es-set-tostringtag/-/es-set-tostringtag-2.1.0.tgz. Extracting by manifest.
3005 silly tarball no local data for data-view-byte-length@https://registry.npmjs.org/data-view-byte-length/-/data-view-byte-length-1.0.2.tgz. Extracting by manifest.
3006 silly tarball no local data for available-typed-arrays@https://registry.npmjs.org/available-typed-arrays/-/available-typed-arrays-1.0.7.tgz. Extracting by manifest.
3007 silly tarball no local data for arraybuffer.prototype.slice@https://registry.npmjs.org/arraybuffer.prototype.slice/-/arraybuffer.prototype.slice-1.0.4.tgz. Extracting by manifest.
3008 silly tarball no local data for array-buffer-byte-length@https://registry.npmjs.org/array-buffer-byte-length/-/array-buffer-byte-length-1.0.2.tgz. Extracting by manifest.
3009 silly tarball no local data for data-view-byte-offset@https://registry.npmjs.org/data-view-byte-offset/-/data-view-byte-offset-1.0.1.tgz. Extracting by manifest.
3010 silly tarball no local data for object-keys@https://registry.npmjs.org/object-keys/-/object-keys-1.1.1.tgz. Extracting by manifest.
3011 silly tarball no local data for gopd@https://registry.npmjs.org/gopd/-/gopd-1.2.0.tgz. Extracting by manifest.
3012 silly tarball no local data for has-property-descriptors@https://registry.npmjs.org/has-property-descriptors/-/has-property-descriptors-1.0.2.tgz. Extracting by manifest.
3013 silly tarball no local data for data-view-buffer@https://registry.npmjs.org/data-view-buffer/-/data-view-buffer-1.0.2.tgz. Extracting by manifest.
3014 silly tarball no local data for function-bind@https://registry.npmjs.org/function-bind/-/function-bind-1.1.2.tgz. Extracting by manifest.
3015 silly tarball no local data for es-define-property@https://registry.npmjs.org/es-define-property/-/es-define-property-1.0.1.tgz. Extracting by manifest.
3016 silly tarball no local data for define-data-property@https://registry.npmjs.org/define-data-property/-/define-data-property-1.1.4.tgz. Extracting by manifest.
3017 silly tarball no local data for call-bind-apply-helpers@https://registry.npmjs.org/call-bind-apply-helpers/-/call-bind-apply-helpers-1.0.2.tgz. Extracting by manifest.
3018 silly tarball no local data for es-shim-unscopables@https://registry.npmjs.org/es-shim-unscopables/-/es-shim-unscopables-1.1.0.tgz. Extracting by manifest.
3019 silly tarball no local data for es-errors@https://registry.npmjs.org/es-errors/-/es-errors-1.3.0.tgz. Extracting by manifest.
3020 silly tarball no local data for math-intrinsics@https://registry.npmjs.org/math-intrinsics/-/math-intrinsics-1.1.0.tgz. Extracting by manifest.
3021 silly tarball no local data for is-string@https://registry.npmjs.org/is-string/-/is-string-1.1.1.tgz. Extracting by manifest.
3022 silly tarball no local data for get-intrinsic@https://registry.npmjs.org/get-intrinsic/-/get-intrinsic-1.3.0.tgz. Extracting by manifest.
3023 silly tarball no local data for es-object-atoms@https://registry.npmjs.org/es-object-atoms/-/es-object-atoms-1.1.1.tgz. Extracting by manifest.
3024 silly tarball no local data for set-function-length@https://registry.npmjs.org/set-function-length/-/set-function-length-1.2.2.tgz. Extracting by manifest.
3025 silly tarball no local data for es-abstract@https://registry.npmjs.org/es-abstract/-/es-abstract-1.24.0.tgz. Extracting by manifest.
3026 silly tarball no local data for define-properties@https://registry.npmjs.org/define-properties/-/define-properties-1.2.1.tgz. Extracting by manifest.
3027 silly tarball no local data for call-bound@https://registry.npmjs.org/call-bound/-/call-bound-1.0.4.tgz. Extracting by manifest.
3028 silly tarball no local data for tsconfig-paths@https://registry.npmjs.org/tsconfig-paths/-/tsconfig-paths-3.15.0.tgz. Extracting by manifest.
3029 silly tarball no local data for semver@https://registry.npmjs.org/semver/-/semver-6.3.1.tgz. Extracting by manifest.
3030 silly tarball no local data for object.values@https://registry.npmjs.org/object.values/-/object.values-1.2.1.tgz. Extracting by manifest.
3031 silly tarball no local data for object.groupby@https://registry.npmjs.org/object.groupby/-/object.groupby-1.0.3.tgz. Extracting by manifest.
3032 silly tarball no local data for hasown@https://registry.npmjs.org/hasown/-/hasown-2.0.2.tgz. Extracting by manifest.
3033 silly tarball no local data for object.fromentries@https://registry.npmjs.org/object.fromentries/-/object.fromentries-2.0.8.tgz. Extracting by manifest.
3034 silly tarball no local data for eslint-module-utils@https://registry.npmjs.org/eslint-module-utils/-/eslint-module-utils-2.12.1.tgz. Extracting by manifest.
3035 silly tarball no local data for doctrine@https://registry.npmjs.org/doctrine/-/doctrine-2.1.0.tgz. Extracting by manifest.
3036 silly tarball no local data for array.prototype.flatmap@https://registry.npmjs.org/array.prototype.flatmap/-/array.prototype.flatmap-1.3.3.tgz. Extracting by manifest.
3037 silly tarball no local data for array.prototype.flat@https://registry.npmjs.org/array.prototype.flat/-/array.prototype.flat-1.3.3.tgz. Extracting by manifest.
3038 silly tarball no local data for string.prototype.trimend@https://registry.npmjs.org/string.prototype.trimend/-/string.prototype.trimend-1.0.9.tgz. Extracting by manifest.
3039 silly tarball no local data for array.prototype.findlastindex@https://registry.npmjs.org/array.prototype.findlastindex/-/array.prototype.findlastindex-1.2.6.tgz. Extracting by manifest.
3040 silly tarball no local data for array-includes@https://registry.npmjs.org/array-includes/-/array-includes-3.1.9.tgz. Extracting by manifest.
3041 silly tarball no local data for @rtsao/scc@https://registry.npmjs.org/@rtsao/scc/-/scc-1.1.0.tgz. Extracting by manifest.
3042 silly tarball no local data for unrs-resolver@https://registry.npmjs.org/unrs-resolver/-/unrs-resolver-1.11.1.tgz. Extracting by manifest.
3043 silly tarball no local data for tinyglobby@https://registry.npmjs.org/tinyglobby/-/tinyglobby-0.2.15.tgz. Extracting by manifest.
3044 silly tarball no local data for stable-hash@https://registry.npmjs.org/stable-hash/-/stable-hash-0.0.5.tgz. Extracting by manifest.
3045 silly tarball no local data for is-bun-module@https://registry.npmjs.org/is-bun-module/-/is-bun-module-2.0.0.tgz. Extracting by manifest.
3046 silly tarball no local data for get-tsconfig@https://registry.npmjs.org/get-tsconfig/-/get-tsconfig-4.13.0.tgz. Extracting by manifest.
3047 silly tarball no local data for @nolyfill/is-core-module@https://registry.npmjs.org/@nolyfill/is-core-module/-/is-core-module-1.0.39.tgz. Extracting by manifest.
3048 silly tarball no local data for resolve@https://registry.npmjs.org/resolve/-/resolve-1.22.11.tgz. Extracting by manifest.
3049 silly tarball no local data for is-core-module@https://registry.npmjs.org/is-core-module/-/is-core-module-2.16.1.tgz. Extracting by manifest.
3050 silly tarball no local data for fast-glob@https://registry.npmjs.org/fast-glob/-/fast-glob-3.3.1.tgz. Extracting by manifest.
3051 silly tarball no local data for typescript-eslint@https://registry.npmjs.org/typescript-eslint/-/typescript-eslint-8.47.0.tgz. Extracting by manifest.
3052 silly tarball no local data for eslint-plugin-react-hooks@https://registry.npmjs.org/eslint-plugin-react-hooks/-/eslint-plugin-react-hooks-7.0.1.tgz. Extracting by manifest.
3053 silly tarball no local data for eslint-plugin-react@https://registry.npmjs.org/eslint-plugin-react/-/eslint-plugin-react-7.37.5.tgz. Extracting by manifest.
3054 silly tarball no local data for eslint-plugin-jsx-a11y@https://registry.npmjs.org/eslint-plugin-jsx-a11y/-/eslint-plugin-jsx-a11y-6.10.2.tgz. Extracting by manifest.
3055 silly tarball no local data for eslint-plugin-import@https://registry.npmjs.org/eslint-plugin-import/-/eslint-plugin-import-2.32.0.tgz. Extracting by manifest.
3056 silly tarball no local data for eslint-import-resolver-typescript@https://registry.npmjs.org/eslint-import-resolver-typescript/-/eslint-import-resolver-typescript-3.10.1.tgz. Extracting by manifest.
3057 silly tarball no local data for eslint-import-resolver-node@https://registry.npmjs.org/eslint-import-resolver-node/-/eslint-import-resolver-node-0.3.9.tgz. Extracting by manifest.
3058 silly tarball no local data for @next/eslint-plugin-next@https://registry.npmjs.org/@next/eslint-plugin-next/-/eslint-plugin-next-16.0.3.tgz. Extracting by manifest.
3059 silly tarball no local data for ms@https://registry.npmjs.org/ms/-/ms-2.1.3.tgz. Extracting by manifest.
3060 silly tarball no local data for which@https://registry.npmjs.org/which/-/which-2.0.2.tgz. Extracting by manifest.
3061 silly tarball no local data for shebang-command@https://registry.npmjs.org/shebang-command/-/shebang-command-2.0.0.tgz. Extracting by manifest.
3062 silly tarball no local data for path-key@https://registry.npmjs.org/path-key/-/path-key-3.1.1.tgz. Extracting by manifest.
3063 silly tarball no local data for color-name@https://registry.npmjs.org/color-name/-/color-name-1.1.4.tgz. Extracting by manifest.
3064 silly tarball no local data for color-convert@https://registry.npmjs.org/color-convert/-/color-convert-2.0.1.tgz. Extracting by manifest.
3065 silly tarball no local data for supports-color@https://registry.npmjs.org/supports-color/-/supports-color-7.2.0.tgz. Extracting by manifest.
3066 silly tarball no local data for ansi-styles@https://registry.npmjs.org/ansi-styles/-/ansi-styles-4.3.0.tgz. Extracting by manifest.
3067 silly tarball no local data for uri-js@https://registry.npmjs.org/uri-js/-/uri-js-4.4.1.tgz. Extracting by manifest.
3068 silly tarball no local data for json-schema-traverse@https://registry.npmjs.org/json-schema-traverse/-/json-schema-traverse-0.4.1.tgz. Extracting by manifest.
3069 silly tarball no local data for fast-json-stable-stringify@https://registry.npmjs.org/fast-json-stable-stringify/-/fast-json-stable-stringify-2.1.0.tgz. Extracting by manifest.
3070 silly tarball no local data for @humanfs/core@https://registry.npmjs.org/@humanfs/core/-/core-0.19.1.tgz. Extracting by manifest.
3071 silly tarball no local data for levn@https://registry.npmjs.org/levn/-/levn-0.4.1.tgz. Extracting by manifest.
3072 silly tarball no local data for js-yaml@https://registry.npmjs.org/js-yaml/-/js-yaml-4.1.1.tgz. Extracting by manifest.
3073 silly tarball no local data for strip-json-comments@https://registry.npmjs.org/strip-json-comments/-/strip-json-comments-3.1.1.tgz. Extracting by manifest.
3074 silly tarball no local data for import-fresh@https://registry.npmjs.org/import-fresh/-/import-fresh-3.3.1.tgz. Extracting by manifest.
3075 silly tarball no local data for globals@https://registry.npmjs.org/globals/-/globals-14.0.0.tgz. Extracting by manifest.
3076 silly tarball no local data for @types/json-schema@https://registry.npmjs.org/@types/json-schema/-/json-schema-7.0.15.tgz. Extracting by manifest.
3077 silly tarball no local data for @eslint/object-schema@https://registry.npmjs.org/@eslint/object-schema/-/object-schema-2.1.7.tgz. Extracting by manifest.
3078 silly tarball no local data for optionator@https://registry.npmjs.org/optionator/-/optionator-0.9.4.tgz. Extracting by manifest.
3079 silly tarball no local data for natural-compare@https://registry.npmjs.org/natural-compare/-/natural-compare-1.4.0.tgz. Extracting by manifest.
3080 silly tarball no local data for lodash.merge@https://registry.npmjs.org/lodash.merge/-/lodash.merge-4.6.2.tgz. Extracting by manifest.
3081 silly tarball no local data for json-stable-stringify-without-jsonify@https://registry.npmjs.org/json-stable-stringify-without-jsonify/-/json-stable-stringify-without-jsonify-1.0.1.tgz. Extracting by manifest.
3082 silly tarball no local data for call-bind@https://registry.npmjs.org/call-bind/-/call-bind-1.0.8.tgz. Extracting by manifest.
3083 silly tarball no local data for is-glob@https://registry.npmjs.org/is-glob/-/is-glob-4.0.3.tgz. Extracting by manifest.
3084 silly tarball no local data for imurmurhash@https://registry.npmjs.org/imurmurhash/-/imurmurhash-0.1.4.tgz. Extracting by manifest.
3085 silly tarball no local data for ignore@https://registry.npmjs.org/ignore/-/ignore-5.3.2.tgz. Extracting by manifest.
3086 silly tarball no local data for glob-parent@https://registry.npmjs.org/glob-parent/-/glob-parent-6.0.2.tgz. Extracting by manifest.
3087 silly tarball no local data for find-up@https://registry.npmjs.org/find-up/-/find-up-5.0.0.tgz. Extracting by manifest.
3088 silly tarball no local data for file-entry-cache@https://registry.npmjs.org/file-entry-cache/-/file-entry-cache-8.0.0.tgz. Extracting by manifest.
3089 silly tarball no local data for fast-deep-equal@https://registry.npmjs.org/fast-deep-equal/-/fast-deep-equal-3.1.3.tgz. Extracting by manifest.
3090 silly tarball no local data for esutils@https://registry.npmjs.org/esutils/-/esutils-2.0.3.tgz. Extracting by manifest.
3091 silly tarball no local data for esquery@https://registry.npmjs.org/esquery/-/esquery-1.6.0.tgz. Extracting by manifest.
3092 silly tarball no local data for espree@https://registry.npmjs.org/espree/-/espree-10.4.0.tgz. Extracting by manifest.
3093 silly tarball no local data for eslint-visitor-keys@https://registry.npmjs.org/eslint-visitor-keys/-/eslint-visitor-keys-4.2.1.tgz. Extracting by manifest.
3094 silly tarball no local data for eslint-scope@https://registry.npmjs.org/eslint-scope/-/eslint-scope-8.4.0.tgz. Extracting by manifest.
3095 silly tarball no local data for escape-string-regexp@https://registry.npmjs.org/escape-string-regexp/-/escape-string-regexp-4.0.0.tgz. Extracting by manifest.
3096 silly tarball no local data for minimatch@https://registry.npmjs.org/minimatch/-/minimatch-3.1.2.tgz. Extracting by manifest.
3097 silly tarball no local data for cross-spawn@https://registry.npmjs.org/cross-spawn/-/cross-spawn-7.0.6.tgz. Extracting by manifest.
3098 silly tarball no local data for ajv@https://registry.npmjs.org/ajv/-/ajv-6.12.6.tgz. Extracting by manifest.
3099 silly tarball no local data for @types/estree@https://registry.npmjs.org/@types/estree/-/estree-1.0.8.tgz. Extracting by manifest.
3100 silly tarball no local data for @humanwhocodes/retry@https://registry.npmjs.org/@humanwhocodes/retry/-/retry-0.4.3.tgz. Extracting by manifest.
3101 silly tarball no local data for @humanwhocodes/module-importer@https://registry.npmjs.org/@humanwhocodes/module-importer/-/module-importer-1.0.1.tgz. Extracting by manifest.
3102 silly tarball no local data for debug@https://registry.npmjs.org/debug/-/debug-4.4.3.tgz. Extracting by manifest.
3103 silly tarball no local data for @humanfs/node@https://registry.npmjs.org/@humanfs/node/-/node-0.16.7.tgz. Extracting by manifest.
3104 silly tarball no local data for @eslint/plugin-kit@https://registry.npmjs.org/@eslint/plugin-kit/-/plugin-kit-0.4.1.tgz. Extracting by manifest.
3105 silly tarball no local data for @eslint/js@https://registry.npmjs.org/@eslint/js/-/js-9.39.1.tgz. Extracting by manifest.
3106 silly tarball no local data for @eslint/eslintrc@https://registry.npmjs.org/@eslint/eslintrc/-/eslintrc-3.3.1.tgz. Extracting by manifest.
3107 silly tarball no local data for @eslint/core@https://registry.npmjs.org/@eslint/core/-/core-0.17.0.tgz. Extracting by manifest.
3108 silly tarball no local data for @eslint/config-helpers@https://registry.npmjs.org/@eslint/config-helpers/-/config-helpers-0.4.2.tgz. Extracting by manifest.
3109 silly tarball no local data for @eslint/config-array@https://registry.npmjs.org/@eslint/config-array/-/config-array-0.21.1.tgz. Extracting by manifest.
3110 silly tarball no local data for @eslint-community/regexpp@https://registry.npmjs.org/@eslint-community/regexpp/-/regexpp-4.12.2.tgz. Extracting by manifest.
3111 silly tarball no local data for @eslint-community/eslint-utils@https://registry.npmjs.org/@eslint-community/eslint-utils/-/eslint-utils-4.9.0.tgz. Extracting by manifest.
3112 silly tarball no local data for tapable@https://registry.npmjs.org/tapable/-/tapable-2.3.0.tgz. Extracting by manifest.
3113 silly tarball no local data for graceful-fs@https://registry.npmjs.org/graceful-fs/-/graceful-fs-4.2.11.tgz. Extracting by manifest.
3114 silly tarball no local data for csstype@https://registry.npmjs.org/csstype/-/csstype-3.2.3.tgz. Extracting by manifest.
3115 silly tarball no local data for undici-types@https://registry.npmjs.org/undici-types/-/undici-types-6.21.0.tgz. Extracting by manifest.
3116 silly tarball no local data for @tailwindcss/oxide-darwin-arm64@https://registry.npmjs.org/@tailwindcss/oxide-darwin-arm64/-/oxide-darwin-arm64-4.1.17.tgz. Extracting by manifest.
3117 silly tarball no local data for @jridgewell/resolve-uri@https://registry.npmjs.org/@jridgewell/resolve-uri/-/resolve-uri-3.1.2.tgz. Extracting by manifest.
3118 silly tarball no local data for @jridgewell/sourcemap-codec@https://registry.npmjs.org/@jridgewell/sourcemap-codec/-/sourcemap-codec-1.5.5.tgz. Extracting by manifest.
3119 silly tarball no local data for @jridgewell/trace-mapping@https://registry.npmjs.org/@jridgewell/trace-mapping/-/trace-mapping-0.3.31.tgz. Extracting by manifest.
3120 silly tarball no local data for @jridgewell/gen-mapping@https://registry.npmjs.org/@jridgewell/gen-mapping/-/gen-mapping-0.3.13.tgz. Extracting by manifest.
3121 silly tarball no local data for source-map-js@https://registry.npmjs.org/source-map-js/-/source-map-js-1.2.1.tgz. Extracting by manifest.
3122 silly tarball no local data for magic-string@https://registry.npmjs.org/magic-string/-/magic-string-0.30.21.tgz. Extracting by manifest.
3123 silly tarball no local data for lightningcss@https://registry.npmjs.org/lightningcss/-/lightningcss-1.30.2.tgz. Extracting by manifest.
3124 silly tarball no local data for jiti@https://registry.npmjs.org/jiti/-/jiti-2.6.1.tgz. Extracting by manifest.
3125 silly tarball no local data for enhanced-resolve@https://registry.npmjs.org/enhanced-resolve/-/enhanced-resolve-5.18.3.tgz. Extracting by manifest.
3126 silly tarball no local data for @jridgewell/remapping@https://registry.npmjs.org/@jridgewell/remapping/-/remapping-2.3.5.tgz. Extracting by manifest.
3127 silly tarball no local data for postcss@https://registry.npmjs.org/postcss/-/postcss-8.5.6.tgz. Extracting by manifest.
3128 silly tarball no local data for @tailwindcss/oxide@https://registry.npmjs.org/@tailwindcss/oxide/-/oxide-4.1.17.tgz. Extracting by manifest.
3129 silly tarball no local data for @tailwindcss/node@https://registry.npmjs.org/@tailwindcss/node/-/node-4.1.17.tgz. Extracting by manifest.
3130 silly tarball no local data for @alloc/quick-lru@https://registry.npmjs.org/@alloc/quick-lru/-/quick-lru-5.2.0.tgz. Extracting by manifest.
3131 silly tarball no local data for typescript@https://registry.npmjs.org/typescript/-/typescript-5.9.3.tgz. Extracting by manifest.
3132 silly tarball no local data for tailwindcss@https://registry.npmjs.org/tailwindcss/-/tailwindcss-4.1.17.tgz. Extracting by manifest.
3133 silly tarball no local data for react-dom@https://registry.npmjs.org/react-dom/-/react-dom-19.2.0.tgz. Extracting by manifest.
3134 silly tarball no local data for react@https://registry.npmjs.org/react/-/react-19.2.0.tgz. Extracting by manifest.
3135 silly tarball no local data for next@https://registry.npmjs.org/next/-/next-16.0.3.tgz. Extracting by manifest.
3136 silly tarball no local data for eslint-config-next@https://registry.npmjs.org/eslint-config-next/-/eslint-config-next-16.0.3.tgz. Extracting by manifest.
3137 silly tarball no local data for eslint@https://registry.npmjs.org/eslint/-/eslint-9.39.1.tgz. Extracting by manifest.
3138 silly tarball no local data for @types/react-dom@https://registry.npmjs.org/@types/react-dom/-/react-dom-19.2.3.tgz. Extracting by manifest.
3139 silly tarball no local data for @types/react@https://registry.npmjs.org/@types/react/-/react-19.2.6.tgz. Extracting by manifest.
3140 silly tarball no local data for @types/node@https://registry.npmjs.org/@types/node/-/node-20.19.25.tgz. Extracting by manifest.
3141 silly tarball no local data for @tailwindcss/postcss@https://registry.npmjs.org/@tailwindcss/postcss/-/postcss-4.1.17.tgz. Extracting by manifest.
3142 silly tarball no local data for brace-expansion@https://registry.npmjs.org/brace-expansion/-/brace-expansion-2.0.2.tgz. Extracting by manifest.
3143 silly tarball no local data for glob-parent@https://registry.npmjs.org/glob-parent/-/glob-parent-5.1.2.tgz. Extracting by manifest.
3144 silly tarball no local data for semver@https://registry.npmjs.org/semver/-/semver-7.7.3.tgz. Extracting by manifest.
3145 silly tarball no local data for minimatch@https://registry.npmjs.org/minimatch/-/minimatch-9.0.5.tgz. Extracting by manifest.
3146 silly tarball no local data for fast-glob@https://registry.npmjs.org/fast-glob/-/fast-glob-3.3.3.tgz. Extracting by manifest.
3147 silly tarball no local data for ignore@https://registry.npmjs.org/ignore/-/ignore-7.0.5.tgz. Extracting by manifest.
3148 silly tarball no local data for semver@https://registry.npmjs.org/semver/-/semver-7.7.3.tgz. Extracting by manifest.
3149 silly tarball no local data for json5@https://registry.npmjs.org/json5/-/json5-1.0.2.tgz. Extracting by manifest.
3150 silly tarball no local data for debug@https://registry.npmjs.org/debug/-/debug-3.2.7.tgz. Extracting by manifest.
3151 silly tarball no local data for picomatch@https://registry.npmjs.org/picomatch/-/picomatch-4.0.3.tgz. Extracting by manifest.
3152 silly tarball no local data for fdir@https://registry.npmjs.org/fdir/-/fdir-6.5.0.tgz. Extracting by manifest.
3153 silly tarball no local data for glob-parent@https://registry.npmjs.org/glob-parent/-/glob-parent-5.1.2.tgz. Extracting by manifest.
3154 silly tarball no local data for resolve@https://registry.npmjs.org/resolve/-/resolve-2.0.0-next.5.tgz. Extracting by manifest.
3155 silly tarball no local data for debug@https://registry.npmjs.org/debug/-/debug-3.2.7.tgz. Extracting by manifest.
3156 silly tarball no local data for debug@https://registry.npmjs.org/debug/-/debug-3.2.7.tgz. Extracting by manifest.
3157 silly tarball no local data for chalk@https://registry.npmjs.org/chalk/-/chalk-4.1.2.tgz. Extracting by manifest.
3158 silly tarball no local data for postcss@https://registry.npmjs.org/postcss/-/postcss-8.4.31.tgz. Extracting by manifest.
3159 silly tarball no local data for eslint-visitor-keys@https://registry.npmjs.org/eslint-visitor-keys/-/eslint-visitor-keys-3.4.3.tgz. Extracting by manifest.
3160 silly tarball no local data for globals@https://registry.npmjs.org/globals/-/globals-16.4.0.tgz. Extracting by manifest.
3161 silly tarball no local data for semver@https://registry.npmjs.org/semver/-/semver-7.7.3.tgz. Extracting by manifest.
3162 http fetch GET 200 https://registry.npmjs.org/which-collection/-/which-collection-1.0.2.tgz 126ms (cache miss)
3163 http fetch GET 200 https://registry.npmjs.org/is-weakmap/-/is-weakmap-2.0.2.tgz 126ms (cache miss)
3164 http fetch GET 200 https://registry.npmjs.org/async-function/-/async-function-1.0.0.tgz 128ms (cache miss)
3165 http fetch GET 200 https://registry.npmjs.org/generator-function/-/generator-function-2.0.1.tgz 128ms (cache miss)
3166 http fetch GET 200 https://registry.npmjs.org/is-map/-/is-map-2.0.3.tgz 128ms (cache miss)
3167 http fetch GET 200 https://registry.npmjs.org/is-weakset/-/is-weakset-2.0.4.tgz 129ms (cache miss)
3168 http fetch GET 200 https://registry.npmjs.org/escalade/-/escalade-3.2.0.tgz 129ms (cache miss)
3169 http fetch GET 200 https://registry.npmjs.org/is-bigint/-/is-bigint-1.1.0.tgz 144ms (cache miss)
3170 http fetch GET 200 https://registry.npmjs.org/is-generator-function/-/is-generator-function-1.1.2.tgz 146ms (cache miss)
3171 http fetch GET 200 https://registry.npmjs.org/punycode/-/punycode-2.3.1.tgz 161ms (cache miss)
3172 http fetch GET 200 https://registry.npmjs.org/isexe/-/isexe-2.0.0.tgz 165ms (cache miss)
3173 http fetch GET 200 https://registry.npmjs.org/is-finalizationregistry/-/is-finalizationregistry-1.1.1.tgz 165ms (cache miss)
3174 http fetch GET 200 https://registry.npmjs.org/is-number-object/-/is-number-object-1.1.1.tgz 166ms (cache miss)
3175 http fetch GET 200 https://registry.npmjs.org/is-boolean-object/-/is-boolean-object-1.2.2.tgz 166ms (cache miss)
3176 http fetch GET 200 https://registry.npmjs.org/is-async-function/-/is-async-function-2.1.1.tgz 167ms (cache miss)
3177 http fetch GET 200 https://registry.npmjs.org/which-boxed-primitive/-/which-boxed-primitive-1.1.1.tgz 169ms (cache miss)
3178 http fetch GET 200 https://registry.npmjs.org/@emnapi/wasi-threads/-/wasi-threads-1.1.0.tgz 171ms (cache miss)
3179 http fetch GET 200 https://registry.npmjs.org/napi-postinstall/-/napi-postinstall-0.3.4.tgz 172ms (cache miss)
3180 http fetch GET 200 https://registry.npmjs.org/has-bigints/-/has-bigints-1.1.0.tgz 171ms (cache miss)
3181 http fetch GET 200 https://registry.npmjs.org/ts-api-utils/-/ts-api-utils-2.1.0.tgz 192ms (cache miss)
3182 http fetch GET 200 https://registry.npmjs.org/@emnapi/core/-/core-1.7.1.tgz 194ms (cache miss)
3183 http fetch GET 200 https://registry.npmjs.org/graphemer/-/graphemer-1.4.0.tgz 194ms (cache miss)
3184 http fetch GET 200 https://registry.npmjs.org/@typescript-eslint/parser/-/parser-8.47.0.tgz 194ms (cache miss)
3185 http fetch GET 200 https://registry.npmjs.org/@typescript-eslint/visitor-keys/-/visitor-keys-8.47.0.tgz 196ms (cache miss)
3186 http fetch GET 200 https://registry.npmjs.org/@tybys/wasm-util/-/wasm-util-0.10.1.tgz 198ms (cache miss)
3187 http fetch GET 200 https://registry.npmjs.org/@typescript-eslint/tsconfig-utils/-/tsconfig-utils-8.47.0.tgz 197ms (cache miss)
3188 http fetch GET 200 https://registry.npmjs.org/@typescript-eslint/project-service/-/project-service-8.47.0.tgz 200ms (cache miss)
3189 http fetch GET 200 https://registry.npmjs.org/which-builtin-type/-/which-builtin-type-1.2.1.tgz 201ms (cache miss)
3190 http fetch GET 200 https://registry.npmjs.org/for-each/-/for-each-0.3.5.tgz 204ms (cache miss)
3191 http fetch GET 200 https://registry.npmjs.org/@typescript-eslint/types/-/types-8.47.0.tgz 205ms (cache miss)
3192 http fetch POST 200 https://registry.npmjs.org/-/npm/v1/security/advisories/bulk 252ms
3193 silly audit report {}
3194 http fetch GET 200 https://registry.npmjs.org/@typescript-eslint/type-utils/-/type-utils-8.47.0.tgz 216ms (cache miss)
3195 http fetch GET 200 https://registry.npmjs.org/strip-bom/-/strip-bom-3.0.0.tgz 217ms (cache miss)
3196 http fetch GET 200 https://registry.npmjs.org/has-flag/-/has-flag-4.0.0.tgz 222ms (cache miss)
3197 http fetch GET 200 https://registry.npmjs.org/@types/json5/-/json5-0.0.29.tgz 226ms (cache miss)
3198 http fetch GET 200 https://registry.npmjs.org/side-channel-weakmap/-/side-channel-weakmap-1.0.2.tgz 225ms (cache miss)
3199 http fetch GET 200 https://registry.npmjs.org/reflect.getprototypeof/-/reflect.getprototypeof-1.0.10.tgz 227ms (cache miss)
3200 http fetch GET 200 https://registry.npmjs.org/side-channel-list/-/side-channel-list-1.0.0.tgz 227ms (cache miss)
3201 http fetch GET 200 https://registry.npmjs.org/side-channel-map/-/side-channel-map-1.0.1.tgz 227ms (cache miss)
3202 http fetch GET 200 https://registry.npmjs.org/minimist/-/minimist-1.2.8.tgz 232ms (cache miss)
3203 http fetch GET 200 https://registry.npmjs.org/client-only/-/client-only-0.0.1.tgz 232ms (cache miss)
3204 http fetch GET 200 https://registry.npmjs.org/is-number/-/is-number-7.0.0.tgz 233ms (cache miss)
3205 http fetch GET 200 https://registry.npmjs.org/@napi-rs/wasm-runtime/-/wasm-runtime-0.2.12.tgz 240ms (cache miss)
3206 http fetch GET 200 https://registry.npmjs.org/queue-microtask/-/queue-microtask-1.2.3.tgz 240ms (cache miss)
3207 http fetch GET 200 https://registry.npmjs.org/isarray/-/isarray-2.0.5.tgz 241ms (cache miss)
3208 http fetch GET 200 https://registry.npmjs.org/supports-preserve-symlinks-flag/-/supports-preserve-symlinks-flag-1.0.0.tgz 247ms (cache miss)
3209 http fetch GET 200 https://registry.npmjs.org/@img/sharp-darwin-arm64/-/sharp-darwin-arm64-0.34.5.tgz 248ms (cache miss)
3210 http fetch GET 200 https://registry.npmjs.org/object-assign/-/object-assign-4.1.1.tgz 247ms (cache miss)
3211 http fetch GET 200 https://registry.npmjs.org/loose-envify/-/loose-envify-1.4.0.tgz 248ms (cache miss)
3212 http fetch GET 200 https://registry.npmjs.org/scheduler/-/scheduler-0.27.0.tgz 250ms (cache miss)
3213 http fetch GET 200 https://registry.npmjs.org/path-parse/-/path-parse-1.0.7.tgz 255ms (cache miss)
3214 http fetch GET 200 https://registry.npmjs.org/react-is/-/react-is-16.13.1.tgz 256ms (cache miss)
3215 http fetch GET 200 https://registry.npmjs.org/yocto-queue/-/yocto-queue-0.1.0.tgz 261ms (cache miss)
3216 http fetch GET 200 https://registry.npmjs.org/@typescript-eslint/utils/-/utils-8.47.0.tgz 266ms (cache miss)
3217 http fetch GET 200 https://registry.npmjs.org/nanoid/-/nanoid-3.3.11.tgz 263ms (cache miss)
3218 http fetch GET 200 https://registry.npmjs.org/@typescript-eslint/typescript-estree/-/typescript-estree-8.47.0.tgz 268ms (cache miss)
3219 http fetch GET 200 https://registry.npmjs.org/callsites/-/callsites-3.1.0.tgz 265ms (cache miss)
3220 http fetch GET 200 https://registry.npmjs.org/word-wrap/-/word-wrap-1.2.5.tgz 269ms (cache miss)
3221 http fetch GET 200 https://registry.npmjs.org/p-limit/-/p-limit-3.1.0.tgz 274ms (cache miss)
3222 http fetch GET 200 https://registry.npmjs.org/fast-levenshtein/-/fast-levenshtein-2.0.6.tgz 277ms (cache miss)
3223 http fetch GET 200 https://registry.npmjs.org/deep-is/-/deep-is-0.1.4.tgz 278ms (cache miss)
3224 http fetch GET 200 https://registry.npmjs.org/tslib/-/tslib-2.8.1.tgz 281ms (cache miss)
3225 http fetch GET 200 https://registry.npmjs.org/@emnapi/runtime/-/runtime-1.7.1.tgz 286ms (cache miss)
3226 http fetch GET 200 https://registry.npmjs.org/@img/colour/-/colour-1.0.0.tgz 290ms (cache miss)
3227 http fetch GET 200 https://registry.npmjs.org/concat-map/-/concat-map-0.0.1.tgz 292ms (cache miss)
3228 http fetch GET 200 https://registry.npmjs.org/to-regex-range/-/to-regex-range-5.0.1.tgz 298ms (cache miss)
3229 http fetch GET 200 https://registry.npmjs.org/brace-expansion/-/brace-expansion-1.1.12.tgz 298ms (cache miss)
3230 http fetch GET 200 https://registry.npmjs.org/fill-range/-/fill-range-7.1.1.tgz 299ms (cache miss)
3231 http fetch GET 200 https://registry.npmjs.org/styled-jsx/-/styled-jsx-5.1.6.tgz 304ms (cache miss)
3232 http fetch GET 200 https://registry.npmjs.org/picomatch/-/picomatch-2.3.1.tgz 304ms (cache miss)
3233 http fetch GET 200 https://registry.npmjs.org/p-locate/-/p-locate-5.0.0.tgz 306ms (cache miss)
3234 http fetch GET 200 https://registry.npmjs.org/yallist/-/yallist-3.1.1.tgz 307ms (cache miss)
3235 http fetch GET 200 https://registry.npmjs.org/balanced-match/-/balanced-match-1.0.2.tgz 312ms (cache miss)
3236 http fetch GET 200 https://registry.npmjs.org/braces/-/braces-3.0.3.tgz 318ms (cache miss)
3237 http fetch GET 200 https://registry.npmjs.org/detect-libc/-/detect-libc-2.1.2.tgz 330ms (cache miss)
3238 http fetch GET 200 https://registry.npmjs.org/sharp/-/sharp-0.34.5.tgz 332ms (cache miss)
3239 http fetch GET 200 https://registry.npmjs.org/@unrs/resolver-binding-darwin-arm64/-/resolver-binding-darwin-arm64-1.11.1.tgz 341ms (cache miss)
3240 http fetch GET 200 https://registry.npmjs.org/type-check/-/type-check-0.4.0.tgz 341ms (cache miss)
3241 http fetch GET 200 https://registry.npmjs.org/prelude-ls/-/prelude-ls-1.2.1.tgz 342ms (cache miss)
3242 http fetch GET 200 https://registry.npmjs.org/shebang-regex/-/shebang-regex-3.0.0.tgz 351ms (cache miss)
3243 http fetch GET 200 https://registry.npmjs.org/json-buffer/-/json-buffer-3.0.1.tgz 352ms (cache miss)
3244 http fetch GET 200 https://registry.npmjs.org/side-channel/-/side-channel-1.1.0.tgz 352ms (cache miss)
3245 http fetch GET 200 https://registry.npmjs.org/resolve-from/-/resolve-from-4.0.0.tgz 356ms (cache miss)
3246 http fetch GET 200 https://registry.npmjs.org/@next/env/-/env-16.0.3.tgz 359ms (cache miss)
3247 http fetch GET 200 https://registry.npmjs.org/argparse/-/argparse-2.0.1.tgz 358ms (cache miss)
3248 http fetch GET 200 https://registry.npmjs.org/set-function-name/-/set-function-name-2.0.2.tgz 364ms (cache miss)
3249 http fetch GET 200 https://registry.npmjs.org/dunder-proto/-/dunder-proto-1.0.1.tgz 367ms (cache miss)
3250 http fetch GET 200 https://registry.npmjs.org/resolve-pkg-maps/-/resolve-pkg-maps-1.0.0.tgz 375ms (cache miss)
3251 http fetch GET 200 https://registry.npmjs.org/is-extglob/-/is-extglob-2.1.1.tgz 377ms (cache miss)
3252 http fetch GET 200 https://registry.npmjs.org/parent-module/-/parent-module-1.0.1.tgz 385ms (cache miss)
3253 http fetch GET 200 https://registry.npmjs.org/functions-have-names/-/functions-have-names-1.2.3.tgz 389ms (cache miss)
3254 http fetch GET 200 https://registry.npmjs.org/flat-cache/-/flat-cache-4.0.1.tgz 389ms (cache miss)
3255 http fetch GET 200 https://registry.npmjs.org/flatted/-/flatted-3.3.3.tgz 390ms (cache miss)
3256 http fetch GET 200 https://registry.npmjs.org/locate-path/-/locate-path-6.0.0.tgz 390ms (cache miss)
3257 http fetch GET 200 https://registry.npmjs.org/keyv/-/keyv-4.5.4.tgz 391ms (cache miss)
3258 http fetch GET 200 https://registry.npmjs.org/run-parallel/-/run-parallel-1.2.0.tgz 390ms (cache miss)
3259 http fetch GET 200 https://registry.npmjs.org/hermes-estree/-/hermes-estree-0.25.1.tgz 393ms (cache miss)
3260 http fetch GET 200 https://registry.npmjs.org/micromatch/-/micromatch-4.0.8.tgz 392ms (cache miss)
3261 http fetch GET 200 https://registry.npmjs.org/language-subtag-registry/-/language-subtag-registry-0.3.23.tgz 395ms (cache miss)
3262 http fetch GET 200 https://registry.npmjs.org/fastq/-/fastq-1.19.1.tgz 393ms (cache miss)
3263 http fetch GET 200 https://registry.npmjs.org/reusify/-/reusify-1.1.0.tgz 394ms (cache miss)
3264 http fetch GET 200 https://registry.npmjs.org/merge2/-/merge2-1.4.1.tgz 397ms (cache miss)
3265 http fetch GET 200 https://registry.npmjs.org/update-browserslist-db/-/update-browserslist-db-1.1.4.tgz 415ms (cache miss)
3266 http fetch GET 200 https://registry.npmjs.org/@nodelib/fs.scandir/-/fs.scandir-2.1.5.tgz 416ms (cache miss)
3267 http fetch GET 200 https://registry.npmjs.org/node-releases/-/node-releases-2.0.27.tgz 415ms (cache miss)
3268 http fetch GET 200 https://registry.npmjs.org/acorn-jsx/-/acorn-jsx-5.3.2.tgz 415ms (cache miss)
3269 http fetch GET 200 https://registry.npmjs.org/esrecurse/-/esrecurse-4.3.0.tgz 416ms (cache miss)
3270 http fetch GET 200 https://registry.npmjs.org/electron-to-chromium/-/electron-to-chromium-1.5.258.tgz 419ms (cache miss)
3271 http fetch GET 200 https://registry.npmjs.org/@nodelib/fs.stat/-/fs.stat-2.0.5.tgz 438ms (cache miss)
3272 http fetch GET 200 https://registry.npmjs.org/baseline-browser-mapping/-/baseline-browser-mapping-2.8.29.tgz 437ms (cache miss)
3273 http fetch GET 200 https://registry.npmjs.org/@babel/helper-string-parser/-/helper-string-parser-7.27.1.tgz 444ms (cache miss)
3274 http fetch GET 200 https://registry.npmjs.org/picocolors/-/picocolors-1.1.1.tgz 443ms (cache miss)
3275 http fetch GET 200 https://registry.npmjs.org/browserslist/-/browserslist-4.28.0.tgz 444ms (cache miss)
3276 http fetch GET 200 https://registry.npmjs.org/@babel/helper-globals/-/helper-globals-7.28.0.tgz 445ms (cache miss)
3277 http fetch GET 200 https://registry.npmjs.org/acorn/-/acorn-8.15.0.tgz 447ms (cache miss)
3278 http fetch GET 200 https://registry.npmjs.org/js-tokens/-/js-tokens-4.0.0.tgz 446ms (cache miss)
3279 http fetch GET 200 https://registry.npmjs.org/jsesc/-/jsesc-3.1.0.tgz 447ms (cache miss)
3280 http fetch GET 200 https://registry.npmjs.org/lru-cache/-/lru-cache-5.1.1.tgz 450ms (cache miss)
3281 http fetch GET 200 https://registry.npmjs.org/@babel/compat-data/-/compat-data-7.28.5.tgz 450ms (cache miss)
3282 http fetch GET 200 https://registry.npmjs.org/@babel/helper-module-imports/-/helper-module-imports-7.27.1.tgz 458ms (cache miss)
3283 http fetch GET 200 https://registry.npmjs.org/gensync/-/gensync-1.0.0-beta.2.tgz 458ms (cache miss)
3284 http fetch GET 200 https://registry.npmjs.org/convert-source-map/-/convert-source-map-2.0.0.tgz 460ms (cache miss)
3285 http fetch GET 200 https://registry.npmjs.org/@babel/helper-validator-identifier/-/helper-validator-identifier-7.28.5.tgz 466ms (cache miss)
3286 http fetch GET 200 https://registry.npmjs.org/@babel/helper-validator-option/-/helper-validator-option-7.27.1.tgz 467ms (cache miss)
3287 http fetch GET 200 https://registry.npmjs.org/@nodelib/fs.walk/-/fs.walk-1.2.8.tgz 472ms (cache miss)
3288 http fetch GET 200 https://registry.npmjs.org/path-exists/-/path-exists-4.0.0.tgz 471ms (cache miss)
3289 http fetch GET 200 https://registry.npmjs.org/@babel/code-frame/-/code-frame-7.27.1.tgz 472ms (cache miss)
3290 http fetch GET 200 https://registry.npmjs.org/json5/-/json5-2.2.3.tgz 476ms (cache miss)
3291 http fetch GET 200 https://registry.npmjs.org/@babel/template/-/template-7.27.2.tgz 488ms (cache miss)
3292 http fetch GET 200 https://registry.npmjs.org/@babel/helper-module-transforms/-/helper-module-transforms-7.28.3.tgz 512ms (cache miss)
3293 http fetch GET 200 https://registry.npmjs.org/string.prototype.repeat/-/string.prototype.repeat-1.0.0.tgz 517ms (cache miss)
3294 http fetch GET 200 https://registry.npmjs.org/estraverse/-/estraverse-5.3.0.tgz 520ms (cache miss)
3295 http fetch GET 200 https://registry.npmjs.org/zod-validation-error/-/zod-validation-error-4.0.2.tgz 523ms (cache miss)
3296 http fetch GET 200 https://registry.npmjs.org/language-tags/-/language-tags-1.0.9.tgz 518ms (cache miss)
3297 http fetch GET 200 https://registry.npmjs.org/iterator.prototype/-/iterator.prototype-1.1.5.tgz 526ms (cache miss)
3298 http fetch GET 200 https://registry.npmjs.org/prop-types/-/prop-types-15.8.1.tgz 527ms (cache miss)
3299 http fetch GET 200 https://registry.npmjs.org/emoji-regex/-/emoji-regex-9.2.2.tgz 526ms (cache miss)
3300 http fetch GET 200 https://registry.npmjs.org/array.prototype.tosorted/-/array.prototype.tosorted-1.1.4.tgz 530ms (cache miss)
3301 http fetch GET 200 https://registry.npmjs.org/ast-types-flow/-/ast-types-flow-0.0.8.tgz 528ms (cache miss)
3302 http fetch GET 200 https://registry.npmjs.org/string.prototype.includes/-/string.prototype.includes-2.0.1.tgz 532ms (cache miss)
3303 http fetch GET 200 https://registry.npmjs.org/damerau-levenshtein/-/damerau-levenshtein-1.0.8.tgz 540ms (cache miss)
3304 http fetch GET 200 https://registry.npmjs.org/@babel/helper-compilation-targets/-/helper-compilation-targets-7.27.2.tgz 546ms (cache miss)
3305 http fetch GET 200 https://registry.npmjs.org/string.prototype.matchall/-/string.prototype.matchall-4.0.12.tgz 539ms (cache miss)
3306 http fetch GET 200 https://registry.npmjs.org/is-symbol/-/is-symbol-1.1.1.tgz 540ms (cache miss)
3307 http fetch GET 200 https://registry.npmjs.org/object.entries/-/object.entries-1.1.9.tgz 545ms (cache miss)
3308 http fetch GET 200 https://registry.npmjs.org/array.prototype.findlast/-/array.prototype.findlast-1.2.5.tgz 546ms (cache miss)
3309 http fetch GET 200 https://registry.npmjs.org/unbox-primitive/-/unbox-primitive-1.1.0.tgz 550ms (cache miss)
3310 http fetch GET 200 https://registry.npmjs.org/possible-typed-array-names/-/possible-typed-array-names-1.1.0.tgz 554ms (cache miss)
3311 http fetch GET 200 https://registry.npmjs.org/is-date-object/-/is-date-object-1.1.0.tgz 555ms (cache miss)
3312 http fetch GET 200 https://registry.npmjs.org/which-typed-array/-/which-typed-array-1.1.19.tgz 555ms (cache miss)
3313 http fetch GET 200 https://registry.npmjs.org/typed-array-length/-/typed-array-length-1.0.7.tgz 556ms (cache miss)
3314 http fetch GET 200 https://registry.npmjs.org/typed-array-buffer/-/typed-array-buffer-1.0.3.tgz 556ms (cache miss)
3315 http fetch GET 200 https://registry.npmjs.org/typed-array-byte-offset/-/typed-array-byte-offset-1.0.4.tgz 560ms (cache miss)
3316 http fetch GET 200 https://registry.npmjs.org/typed-array-byte-length/-/typed-array-byte-length-1.0.3.tgz 560ms (cache miss)
3317 http fetch GET 200 https://registry.npmjs.org/string.prototype.trimstart/-/string.prototype.trimstart-1.0.8.tgz 561ms (cache miss)
3318 http fetch GET 200 https://registry.npmjs.org/stop-iteration-iterator/-/stop-iteration-iterator-1.1.0.tgz 563ms (cache miss)
3319 http fetch GET 200 https://registry.npmjs.org/set-proto/-/set-proto-1.0.0.tgz 563ms (cache miss)
3320 http fetch GET 200 https://registry.npmjs.org/safe-regex-test/-/safe-regex-test-1.1.0.tgz 564ms (cache miss)
3321 http fetch GET 200 https://registry.npmjs.org/safe-array-concat/-/safe-array-concat-1.1.3.tgz 575ms (cache miss)
3322 http fetch GET 200 https://registry.npmjs.org/safe-push-apply/-/safe-push-apply-1.0.0.tgz 577ms (cache miss)
3323 http fetch GET 200 https://registry.npmjs.org/own-keys/-/own-keys-1.0.1.tgz 579ms (cache miss)
3324 http fetch GET 200 https://registry.npmjs.org/is-typed-array/-/is-typed-array-1.1.15.tgz 595ms (cache miss)
3325 http fetch GET 200 https://registry.npmjs.org/is-set/-/is-set-2.0.3.tgz 599ms (cache miss)
3326 http fetch GET 200 https://registry.npmjs.org/is-weakref/-/is-weakref-1.1.1.tgz 603ms (cache miss)
3327 http fetch GET 200 https://registry.npmjs.org/is-negative-zero/-/is-negative-zero-2.0.3.tgz 608ms (cache miss)
3328 http fetch GET 200 https://registry.npmjs.org/is-data-view/-/is-data-view-1.0.2.tgz 611ms (cache miss)
3329 http fetch GET 200 https://registry.npmjs.org/is-regex/-/is-regex-1.2.1.tgz 618ms (cache miss)
3330 http fetch GET 200 https://registry.npmjs.org/string.prototype.trim/-/string.prototype.trim-1.2.10.tgz 621ms (cache miss)
3331 http fetch GET 200 https://registry.npmjs.org/has-proto/-/has-proto-1.2.0.tgz 626ms (cache miss)
3332 http fetch GET 200 https://registry.npmjs.org/internal-slot/-/internal-slot-1.1.0.tgz 627ms (cache miss)
3333 http fetch GET 200 https://registry.npmjs.org/regexp.prototype.flags/-/regexp.prototype.flags-1.5.4.tgz 637ms (cache miss)
3334 http fetch GET 200 https://registry.npmjs.org/globalthis/-/globalthis-1.0.4.tgz 636ms (cache miss)
3335 http fetch GET 200 https://registry.npmjs.org/has-tostringtag/-/has-tostringtag-1.0.2.tgz 637ms (cache miss)
3336 http fetch GET 200 https://registry.npmjs.org/is-array-buffer/-/is-array-buffer-3.0.5.tgz 637ms (cache miss)
3337 http fetch GET 200 https://registry.npmjs.org/function.prototype.name/-/function.prototype.name-1.1.8.tgz 637ms (cache miss)
3338 http fetch GET 200 https://registry.npmjs.org/get-proto/-/get-proto-1.0.1.tgz 638ms (cache miss)
3339 http fetch GET 200 https://registry.npmjs.org/has-symbols/-/has-symbols-1.1.0.tgz 638ms (cache miss)
3340 http fetch GET 200 https://registry.npmjs.org/data-view-byte-length/-/data-view-byte-length-1.0.2.tgz 638ms (cache miss)
3341 http fetch GET 200 https://registry.npmjs.org/get-symbol-description/-/get-symbol-description-1.1.0.tgz 640ms (cache miss)
3342 http fetch GET 200 https://registry.npmjs.org/arraybuffer.prototype.slice/-/arraybuffer.prototype.slice-1.0.4.tgz 641ms (cache miss)
3343 http fetch GET 200 https://registry.npmjs.org/available-typed-arrays/-/available-typed-arrays-1.0.7.tgz 641ms (cache miss)
3344 http fetch GET 200 https://registry.npmjs.org/es-set-tostringtag/-/es-set-tostringtag-2.1.0.tgz 643ms (cache miss)
3345 http fetch GET 200 https://registry.npmjs.org/is-callable/-/is-callable-1.2.7.tgz 647ms (cache miss)
3346 http fetch GET 200 https://registry.npmjs.org/is-shared-array-buffer/-/is-shared-array-buffer-1.0.4.tgz 651ms (cache miss)
3347 http fetch GET 200 https://registry.npmjs.org/gopd/-/gopd-1.2.0.tgz 651ms (cache miss)
3348 http fetch GET 200 https://registry.npmjs.org/object-keys/-/object-keys-1.1.1.tgz 653ms (cache miss)
3349 http fetch GET 200 https://registry.npmjs.org/data-view-byte-offset/-/data-view-byte-offset-1.0.1.tgz 653ms (cache miss)
3350 http fetch GET 200 https://registry.npmjs.org/data-view-buffer/-/data-view-buffer-1.0.2.tgz 654ms (cache miss)
3351 http fetch GET 200 https://registry.npmjs.org/has-property-descriptors/-/has-property-descriptors-1.0.2.tgz 655ms (cache miss)
3352 http fetch GET 200 https://registry.npmjs.org/array-buffer-byte-length/-/array-buffer-byte-length-1.0.2.tgz 657ms (cache miss)
3353 http fetch GET 200 https://registry.npmjs.org/math-intrinsics/-/math-intrinsics-1.1.0.tgz 660ms (cache miss)
3354 http fetch GET 200 https://registry.npmjs.org/define-data-property/-/define-data-property-1.1.4.tgz 662ms (cache miss)
3355 http fetch GET 200 https://registry.npmjs.org/is-string/-/is-string-1.1.1.tgz 663ms (cache miss)
3356 http fetch GET 200 https://registry.npmjs.org/es-shim-unscopables/-/es-shim-unscopables-1.1.0.tgz 666ms (cache miss)
3357 http fetch GET 200 https://registry.npmjs.org/function-bind/-/function-bind-1.1.2.tgz 668ms (cache miss)
3358 http fetch GET 200 https://registry.npmjs.org/es-object-atoms/-/es-object-atoms-1.1.1.tgz 668ms (cache miss)
3359 http fetch GET 200 https://registry.npmjs.org/get-intrinsic/-/get-intrinsic-1.3.0.tgz 670ms (cache miss)
3360 http fetch GET 200 https://registry.npmjs.org/object.assign/-/object.assign-4.1.7.tgz 676ms (cache miss)
3361 http fetch GET 200 https://registry.npmjs.org/es-define-property/-/es-define-property-1.0.1.tgz 673ms (cache miss)
3362 http fetch GET 200 https://registry.npmjs.org/es-errors/-/es-errors-1.3.0.tgz 673ms (cache miss)
3363 http fetch GET 200 https://registry.npmjs.org/call-bound/-/call-bound-1.0.4.tgz 672ms (cache miss)
3364 http fetch GET 200 https://registry.npmjs.org/define-properties/-/define-properties-1.2.1.tgz 674ms (cache miss)
3365 http fetch GET 200 https://registry.npmjs.org/call-bind-apply-helpers/-/call-bind-apply-helpers-1.0.2.tgz 680ms (cache miss)
3366 http fetch GET 200 https://registry.npmjs.org/semver/-/semver-6.3.1.tgz 678ms (cache miss)
3367 http fetch GET 200 https://registry.npmjs.org/set-function-length/-/set-function-length-1.2.2.tgz 681ms (cache miss)
3368 http fetch GET 200 https://registry.npmjs.org/es-to-primitive/-/es-to-primitive-1.3.0.tgz 685ms (cache miss)
3369 http fetch GET 200 https://registry.npmjs.org/object.fromentries/-/object.fromentries-2.0.8.tgz 682ms (cache miss)
3370 http fetch GET 200 https://registry.npmjs.org/hasown/-/hasown-2.0.2.tgz 682ms (cache miss)
3371 http fetch GET 200 https://registry.npmjs.org/object.groupby/-/object.groupby-1.0.3.tgz 692ms (cache miss)
3372 http fetch GET 200 https://registry.npmjs.org/doctrine/-/doctrine-2.1.0.tgz 693ms (cache miss)
3373 http fetch GET 200 https://registry.npmjs.org/array.prototype.flat/-/array.prototype.flat-1.3.3.tgz 692ms (cache miss)
3374 http fetch GET 200 https://registry.npmjs.org/stable-hash/-/stable-hash-0.0.5.tgz 697ms (cache miss)
3375 http fetch GET 200 https://registry.npmjs.org/tinyglobby/-/tinyglobby-0.2.15.tgz 697ms (cache miss)
3376 http fetch GET 200 https://registry.npmjs.org/is-bun-module/-/is-bun-module-2.0.0.tgz 700ms (cache miss)
3377 http fetch GET 200 https://registry.npmjs.org/unrs-resolver/-/unrs-resolver-1.11.1.tgz 706ms (cache miss)
3378 http fetch GET 200 https://registry.npmjs.org/array.prototype.flatmap/-/array.prototype.flatmap-1.3.3.tgz 710ms (cache miss)
3379 http fetch GET 200 https://registry.npmjs.org/eslint-module-utils/-/eslint-module-utils-2.12.1.tgz 728ms (cache miss)
3380 http fetch GET 200 https://registry.npmjs.org/array.prototype.findlastindex/-/array.prototype.findlastindex-1.2.6.tgz 754ms (cache miss)
3381 http fetch GET 200 https://registry.npmjs.org/@rtsao/scc/-/scc-1.1.0.tgz 764ms (cache miss)
3382 http fetch GET 200 https://registry.npmjs.org/array-includes/-/array-includes-3.1.9.tgz 764ms (cache miss)
3383 http fetch GET 200 https://registry.npmjs.org/get-tsconfig/-/get-tsconfig-4.13.0.tgz 774ms (cache miss)
3384 http fetch GET 200 https://registry.npmjs.org/object-inspect/-/object-inspect-1.13.4.tgz 791ms (cache miss)
3385 http fetch GET 200 https://registry.npmjs.org/@nolyfill/is-core-module/-/is-core-module-1.0.39.tgz 784ms (cache miss)
3386 http fetch GET 200 https://registry.npmjs.org/is-core-module/-/is-core-module-2.16.1.tgz 786ms (cache miss)
3387 http fetch GET 200 https://registry.npmjs.org/typescript-eslint/-/typescript-eslint-8.47.0.tgz 787ms (cache miss)
3388 http fetch GET 200 https://registry.npmjs.org/eslint-import-resolver-node/-/eslint-import-resolver-node-0.3.9.tgz 787ms (cache miss)
3389 http fetch GET 200 https://registry.npmjs.org/which/-/which-2.0.2.tgz 794ms (cache miss)
3390 http fetch GET 200 https://registry.npmjs.org/ms/-/ms-2.1.3.tgz 798ms (cache miss)
3391 http fetch GET 200 https://registry.npmjs.org/color-name/-/color-name-1.1.4.tgz 799ms (cache miss)
3392 http fetch GET 200 https://registry.npmjs.org/path-key/-/path-key-3.1.1.tgz 802ms (cache miss)
3393 http fetch GET 200 https://registry.npmjs.org/json-schema-traverse/-/json-schema-traverse-0.4.1.tgz 804ms (cache miss)
3394 http fetch GET 200 https://registry.npmjs.org/shebang-command/-/shebang-command-2.0.0.tgz 805ms (cache miss)
3395 http fetch GET 200 https://registry.npmjs.org/ansi-styles/-/ansi-styles-4.3.0.tgz 806ms (cache miss)
3396 http fetch GET 200 https://registry.npmjs.org/supports-color/-/supports-color-7.2.0.tgz 807ms (cache miss)
3397 http fetch GET 200 https://registry.npmjs.org/color-convert/-/color-convert-2.0.1.tgz 807ms (cache miss)
3398 http fetch GET 200 https://registry.npmjs.org/object.values/-/object.values-1.2.1.tgz 817ms (cache miss)
3399 http fetch GET 200 https://registry.npmjs.org/fast-json-stable-stringify/-/fast-json-stable-stringify-2.1.0.tgz 815ms (cache miss)
3400 http fetch GET 200 https://registry.npmjs.org/strip-json-comments/-/strip-json-comments-3.1.1.tgz 814ms (cache miss)
3401 http fetch GET 200 https://registry.npmjs.org/levn/-/levn-0.4.1.tgz 815ms (cache miss)
3402 http fetch GET 200 https://registry.npmjs.org/import-fresh/-/import-fresh-3.3.1.tgz 816ms (cache miss)
3403 http fetch GET 200 https://registry.npmjs.org/optionator/-/optionator-0.9.4.tgz 817ms (cache miss)
3404 http fetch GET 200 https://registry.npmjs.org/eslint-import-resolver-typescript/-/eslint-import-resolver-typescript-3.10.1.tgz 820ms (cache miss)
3405 http fetch GET 200 https://registry.npmjs.org/@types/json-schema/-/json-schema-7.0.15.tgz 821ms (cache miss)
3406 http fetch GET 200 https://registry.npmjs.org/@babel/parser/-/parser-7.28.5.tgz 842ms (cache miss)
3407 http fetch GET 200 https://registry.npmjs.org/string.prototype.trimend/-/string.prototype.trimend-1.0.9.tgz 828ms (cache miss)
3408 http fetch GET 200 https://registry.npmjs.org/globals/-/globals-14.0.0.tgz 825ms (cache miss)
3409 http fetch GET 200 https://registry.npmjs.org/natural-compare/-/natural-compare-1.4.0.tgz 827ms (cache miss)
3410 http fetch GET 200 https://registry.npmjs.org/lodash.merge/-/lodash.merge-4.6.2.tgz 830ms (cache miss)
3411 http fetch GET 200 https://registry.npmjs.org/call-bind/-/call-bind-1.0.8.tgz 829ms (cache miss)
3412 http fetch GET 200 https://registry.npmjs.org/is-glob/-/is-glob-4.0.3.tgz 831ms (cache miss)
3413 http fetch GET 200 https://registry.npmjs.org/ignore/-/ignore-5.3.2.tgz 832ms (cache miss)
3414 http fetch GET 200 https://registry.npmjs.org/glob-parent/-/glob-parent-6.0.2.tgz 835ms (cache miss)
3415 http fetch GET 200 https://registry.npmjs.org/imurmurhash/-/imurmurhash-0.1.4.tgz 837ms (cache miss)
3416 http fetch GET 200 https://registry.npmjs.org/find-up/-/find-up-5.0.0.tgz 837ms (cache miss)
3417 http fetch GET 200 https://registry.npmjs.org/file-entry-cache/-/file-entry-cache-8.0.0.tgz 838ms (cache miss)
3418 http fetch GET 200 https://registry.npmjs.org/fast-deep-equal/-/fast-deep-equal-3.1.3.tgz 838ms (cache miss)
3419 http fetch GET 200 https://registry.npmjs.org/@humanfs/core/-/core-0.19.1.tgz 851ms (cache miss)
3420 http fetch GET 200 https://registry.npmjs.org/cross-spawn/-/cross-spawn-7.0.6.tgz 848ms (cache miss)
3421 http fetch GET 200 https://registry.npmjs.org/minimatch/-/minimatch-3.1.2.tgz 851ms (cache miss)
3422 http fetch GET 200 https://registry.npmjs.org/esutils/-/esutils-2.0.3.tgz 851ms (cache miss)
3423 http fetch GET 200 https://registry.npmjs.org/@types/estree/-/estree-1.0.8.tgz 853ms (cache miss)
3424 http fetch GET 200 https://registry.npmjs.org/debug/-/debug-4.4.3.tgz 853ms (cache miss)
3425 http fetch GET 200 https://registry.npmjs.org/@babel/generator/-/generator-7.28.5.tgz 879ms (cache miss)
3426 http fetch GET 200 https://registry.npmjs.org/eslint-visitor-keys/-/eslint-visitor-keys-4.2.1.tgz 857ms (cache miss)
3427 http fetch GET 200 https://registry.npmjs.org/json-stable-stringify-without-jsonify/-/json-stable-stringify-without-jsonify-1.0.1.tgz 859ms (cache miss)
3428 http fetch GET 200 https://registry.npmjs.org/espree/-/espree-10.4.0.tgz 865ms (cache miss)
3429 http fetch GET 200 https://registry.npmjs.org/@eslint/object-schema/-/object-schema-2.1.7.tgz 870ms (cache miss)
3430 http fetch GET 200 https://registry.npmjs.org/@humanwhocodes/module-importer/-/module-importer-1.0.1.tgz 866ms (cache miss)
3431 http fetch GET 200 https://registry.npmjs.org/@eslint/js/-/js-9.39.1.tgz 886ms (cache miss)
3432 http fetch GET 200 https://registry.npmjs.org/@humanfs/node/-/node-0.16.7.tgz 893ms (cache miss)
3433 http fetch GET 200 https://registry.npmjs.org/escape-string-regexp/-/escape-string-regexp-4.0.0.tgz 895ms (cache miss)
3434 http fetch GET 200 https://registry.npmjs.org/graceful-fs/-/graceful-fs-4.2.11.tgz 895ms (cache miss)
3435 http fetch GET 200 https://registry.npmjs.org/eslint-scope/-/eslint-scope-8.4.0.tgz 902ms (cache miss)
3436 http fetch GET 200 https://registry.npmjs.org/@eslint/core/-/core-0.17.0.tgz 901ms (cache miss)
3437 http fetch GET 200 https://registry.npmjs.org/@eslint/plugin-kit/-/plugin-kit-0.4.1.tgz 927ms (cache miss)
3438 http fetch GET 200 https://registry.npmjs.org/@eslint/config-helpers/-/config-helpers-0.4.2.tgz 935ms (cache miss)
3439 http fetch GET 200 https://registry.npmjs.org/@jridgewell/resolve-uri/-/resolve-uri-3.1.2.tgz 936ms (cache miss)
3440 http fetch GET 200 https://registry.npmjs.org/@eslint-community/regexpp/-/regexpp-4.12.2.tgz 945ms (cache miss)
3441 http fetch GET 200 https://registry.npmjs.org/lightningcss-darwin-arm64/-/lightningcss-darwin-arm64-1.30.2.tgz 977ms (cache miss)
3442 http fetch GET 200 https://registry.npmjs.org/tapable/-/tapable-2.3.0.tgz 945ms (cache miss)
3443 http fetch GET 200 https://registry.npmjs.org/@eslint-community/eslint-utils/-/eslint-utils-4.9.0.tgz 955ms (cache miss)
3444 http fetch GET 200 https://registry.npmjs.org/@tailwindcss/oxide/-/oxide-4.1.17.tgz 959ms (cache miss)
3445 http fetch GET 200 https://registry.npmjs.org/@humanwhocodes/retry/-/retry-0.4.3.tgz 963ms (cache miss)
3446 http fetch GET 200 https://registry.npmjs.org/undici-types/-/undici-types-6.21.0.tgz 978ms (cache miss)
3447 http fetch GET 200 https://registry.npmjs.org/esquery/-/esquery-1.6.0.tgz 988ms (cache miss)
3448 http fetch GET 200 https://registry.npmjs.org/eslint-config-next/-/eslint-config-next-16.0.3.tgz 1001ms (cache miss)
3449 http fetch GET 200 https://registry.npmjs.org/@alloc/quick-lru/-/quick-lru-5.2.0.tgz 1092ms (cache miss)
3450 http fetch GET 200 https://registry.npmjs.org/source-map-js/-/source-map-js-1.2.1.tgz 1097ms (cache miss)
3451 http fetch GET 200 https://registry.npmjs.org/magic-string/-/magic-string-0.30.21.tgz 1106ms (cache miss)
3452 http fetch GET 200 https://registry.npmjs.org/hermes-parser/-/hermes-parser-0.25.1.tgz 1127ms (cache miss)
3453 http fetch GET 200 https://registry.npmjs.org/@types/react-dom/-/react-dom-19.2.3.tgz 1109ms (cache miss)
3454 http fetch GET 200 https://registry.npmjs.org/js-yaml/-/js-yaml-4.1.1.tgz 1119ms (cache miss)
3455 http fetch GET 200 https://registry.npmjs.org/brace-expansion/-/brace-expansion-2.0.2.tgz 1113ms (cache miss)
3456 http fetch GET 200 https://registry.npmjs.org/glob-parent/-/glob-parent-5.1.2.tgz 1114ms (cache miss)
3457 http fetch GET 200 https://registry.npmjs.org/ignore/-/ignore-7.0.5.tgz 1118ms (cache miss)
3458 http fetch GET 200 https://registry.npmjs.org/@tailwindcss/postcss/-/postcss-4.1.17.tgz 1122ms (cache miss)
3459 http fetch GET 200 https://registry.npmjs.org/csstype/-/csstype-3.2.3.tgz 1126ms (cache miss)
3460 http fetch GET 200 https://registry.npmjs.org/axe-core/-/axe-core-4.11.0.tgz 1147ms (cache miss)
3461 http fetch GET 200 https://registry.npmjs.org/glob-parent/-/glob-parent-5.1.2.tgz 1125ms (cache miss)
3462 http fetch GET 200 https://registry.npmjs.org/@eslint/config-array/-/config-array-0.21.1.tgz 1135ms (cache miss)
3463 http fetch GET 200 https://registry.npmjs.org/fdir/-/fdir-6.5.0.tgz 1131ms (cache miss)
3464 http fetch GET 200 https://registry.npmjs.org/debug/-/debug-3.2.7.tgz 1142ms (cache miss)
3465 http fetch GET 200 https://registry.npmjs.org/@jridgewell/sourcemap-codec/-/sourcemap-codec-1.5.5.tgz 1156ms (cache miss)
3466 http fetch GET 200 https://registry.npmjs.org/@tailwindcss/node/-/node-4.1.17.tgz 1155ms (cache miss)
3467 http fetch GET 200 https://registry.npmjs.org/picomatch/-/picomatch-4.0.3.tgz 1153ms (cache miss)
3468 http fetch GET 200 https://registry.npmjs.org/json5/-/json5-1.0.2.tgz 1157ms (cache miss)
3469 http fetch GET 200 https://registry.npmjs.org/lightningcss/-/lightningcss-1.30.2.tgz 1160ms (cache miss)
3470 http fetch GET 200 https://registry.npmjs.org/@babel/traverse/-/traverse-7.28.5.tgz 1190ms (cache miss)
3471 http fetch GET 200 https://registry.npmjs.org/eslint-visitor-keys/-/eslint-visitor-keys-3.4.3.tgz 1161ms (cache miss)
3472 http fetch GET 200 https://registry.npmjs.org/chalk/-/chalk-4.1.2.tgz 1161ms (cache miss)
3473 http fetch GET 200 https://registry.npmjs.org/debug/-/debug-3.2.7.tgz 1162ms (cache miss)
3474 http fetch GET 200 https://registry.npmjs.org/@jridgewell/remapping/-/remapping-2.3.5.tgz 1167ms (cache miss)
3475 http fetch GET 200 https://registry.npmjs.org/debug/-/debug-3.2.7.tgz 1166ms (cache miss)
3476 http fetch GET 200 https://registry.npmjs.org/globals/-/globals-16.4.0.tgz 1165ms (cache miss)
3477 http fetch GET 200 https://registry.npmjs.org/@jridgewell/gen-mapping/-/gen-mapping-0.3.13.tgz 1177ms (cache miss)
3478 http fetch GET 200 https://registry.npmjs.org/@types/react/-/react-19.2.6.tgz 1174ms (cache miss)
3479 http fetch GET 200 https://registry.npmjs.org/react/-/react-19.2.0.tgz 1181ms (cache miss)
3480 http fetch GET 200 https://registry.npmjs.org/@eslint/eslintrc/-/eslintrc-3.3.1.tgz 1220ms (cache miss)
3481 http fetch GET 200 https://registry.npmjs.org/@typescript-eslint/scope-manager/-/scope-manager-8.47.0.tgz 1267ms (cache miss)
3482 http fetch GET 200 https://registry.npmjs.org/jiti/-/jiti-2.6.1.tgz 1232ms (cache miss)
3483 http fetch GET 200 https://registry.npmjs.org/es-iterator-helpers/-/es-iterator-helpers-1.2.1.tgz 1305ms (cache miss)
3484 http fetch GET 200 https://registry.npmjs.org/tailwindcss/-/tailwindcss-4.1.17.tgz 1282ms (cache miss)
3485 http fetch GET 200 https://registry.npmjs.org/enhanced-resolve/-/enhanced-resolve-5.18.3.tgz 1285ms (cache miss)
3486 http fetch GET 200 https://registry.npmjs.org/@jridgewell/trace-mapping/-/trace-mapping-0.3.31.tgz 1289ms (cache miss)
3487 http fetch GET 200 https://registry.npmjs.org/tsconfig-paths/-/tsconfig-paths-3.15.0.tgz 1309ms (cache miss)
3488 http fetch GET 200 https://registry.npmjs.org/fast-glob/-/fast-glob-3.3.1.tgz 1307ms (cache miss)
3489 http fetch GET 200 https://registry.npmjs.org/postcss/-/postcss-8.5.6.tgz 1301ms (cache miss)
3490 http fetch GET 200 https://registry.npmjs.org/@next/eslint-plugin-next/-/eslint-plugin-next-16.0.3.tgz 1313ms (cache miss)
3491 http fetch GET 200 https://registry.npmjs.org/semver/-/semver-7.7.3.tgz 1305ms (cache miss)
3492 http fetch GET 200 https://registry.npmjs.org/semver/-/semver-7.7.3.tgz 1310ms (cache miss)
3493 http fetch GET 200 https://registry.npmjs.org/eslint-plugin-react-hooks/-/eslint-plugin-react-hooks-7.0.1.tgz 1325ms (cache miss)
3494 http fetch GET 200 https://registry.npmjs.org/uri-js/-/uri-js-4.4.1.tgz 1323ms (cache miss)
3495 http fetch GET 200 https://registry.npmjs.org/semver/-/semver-7.7.3.tgz 1328ms (cache miss)
3496 http fetch GET 200 https://registry.npmjs.org/@tailwindcss/oxide-darwin-arm64/-/oxide-darwin-arm64-4.1.17.tgz 1340ms (cache miss)
3497 http fetch GET 200 https://registry.npmjs.org/postcss/-/postcss-8.4.31.tgz 1348ms (cache miss)
3498 http fetch GET 200 https://registry.npmjs.org/@img/sharp-libvips-darwin-arm64/-/sharp-libvips-darwin-arm64-1.2.4.tgz 1417ms (cache miss)
3499 http fetch GET 200 https://registry.npmjs.org/jsx-ast-utils/-/jsx-ast-utils-3.3.5.tgz 1403ms (cache miss)
3500 http fetch GET 200 https://registry.npmjs.org/fast-glob/-/fast-glob-3.3.3.tgz 1383ms (cache miss)
3501 http fetch GET 200 https://registry.npmjs.org/minimatch/-/minimatch-9.0.5.tgz 1388ms (cache miss)
3502 http fetch GET 200 https://registry.npmjs.org/@types/node/-/node-20.19.25.tgz 1388ms (cache miss)
3503 http fetch GET 200 https://registry.npmjs.org/resolve/-/resolve-1.22.11.tgz 1433ms (cache miss)
3504 http fetch GET 200 https://registry.npmjs.org/ajv/-/ajv-6.12.6.tgz 1436ms (cache miss)
3505 http fetch GET 200 https://registry.npmjs.org/@babel/core/-/core-7.28.5.tgz 1544ms (cache miss)
3506 http fetch GET 200 https://registry.npmjs.org/@swc/helpers/-/helpers-0.5.15.tgz 1649ms (cache miss)
3507 http fetch GET 200 https://registry.npmjs.org/resolve/-/resolve-2.0.0-next.5.tgz 1630ms (cache miss)
3508 http fetch GET 200 https://registry.npmjs.org/eslint-plugin-import/-/eslint-plugin-import-2.32.0.tgz 1667ms (cache miss)
3509 http fetch GET 200 https://registry.npmjs.org/react-dom/-/react-dom-19.2.0.tgz 1658ms (cache miss)
3510 http fetch GET 200 https://registry.npmjs.org/axobject-query/-/axobject-query-4.1.0.tgz 1705ms (cache miss)
3511 http fetch GET 200 https://registry.npmjs.org/@babel/types/-/types-7.28.5.tgz 1747ms (cache miss)
3512 http fetch GET 200 https://registry.npmjs.org/@babel/helpers/-/helpers-7.28.4.tgz 1797ms (cache miss)
3513 http fetch GET 200 https://registry.npmjs.org/aria-query/-/aria-query-5.3.2.tgz 1816ms (cache miss)
3514 http fetch GET 200 https://registry.npmjs.org/@typescript-eslint/eslint-plugin/-/eslint-plugin-8.47.0.tgz 1860ms (cache miss)
3515 http fetch GET 200 https://registry.npmjs.org/eslint-plugin-jsx-a11y/-/eslint-plugin-jsx-a11y-6.10.2.tgz 1842ms (cache miss)
3516 http fetch GET 200 https://registry.npmjs.org/eslint-plugin-react/-/eslint-plugin-react-7.37.5.tgz 2112ms (cache miss)
3517 http fetch GET 200 https://registry.npmjs.org/typescript/-/typescript-5.9.3.tgz 2124ms (cache miss)
3518 http fetch GET 200 https://registry.npmjs.org/eslint/-/eslint-9.39.1.tgz 2191ms (cache miss)
3519 http fetch GET 200 https://registry.npmjs.org/zod/-/zod-4.1.12.tgz 2382ms (cache miss)
3520 http fetch GET 200 https://registry.npmjs.org/caniuse-lite/-/caniuse-lite-1.0.30001756.tgz 2390ms (cache miss)
3521 http fetch GET 200 https://registry.npmjs.org/es-abstract/-/es-abstract-1.24.0.tgz 2654ms (cache miss)
3522 http fetch GET 200 https://registry.npmjs.org/@next/swc-darwin-arm64/-/swc-darwin-arm64-16.0.3.tgz 2761ms (cache miss)
3523 http fetch GET 200 https://registry.npmjs.org/next/-/next-16.0.3.tgz 3976ms (cache miss)
3524 info run sharp@0.34.5 install node_modules/sharp node install/check.js || npm run build
3525 info run sharp@0.34.5 install { code: 0, signal: null }
3526 info run unrs-resolver@1.11.1 postinstall node_modules/unrs-resolver napi-postinstall unrs-resolver 1.11.1 check
3527 info run unrs-resolver@1.11.1 postinstall { code: 0, signal: null }
3528 silly ADD node_modules/is-weakset
3529 silly ADD node_modules/is-weakmap
3530 silly ADD node_modules/is-map
3531 silly ADD node_modules/generator-function
3532 silly ADD node_modules/async-function
3533 silly ADD node_modules/which-collection
3534 silly ADD node_modules/is-generator-function
3535 silly ADD node_modules/is-finalizationregistry
3536 silly ADD node_modules/is-async-function
3537 silly ADD node_modules/is-number-object
3538 silly ADD node_modules/is-boolean-object
3539 silly ADD node_modules/is-bigint
3540 silly ADD node_modules/isexe
3541 silly ADD node_modules/punycode
3542 silly ADD node_modules/escalade
3543 silly ADD node_modules/@emnapi/wasi-threads
3544 silly ADD node_modules/@tybys/wasm-util
3545 silly ADD node_modules/@emnapi/core
3546 silly ADD node_modules/@napi-rs/wasm-runtime
3547 silly ADD node_modules/napi-postinstall
3548 silly ADD node_modules/@unrs/resolver-binding-darwin-arm64
3549 silly ADD node_modules/which-boxed-primitive
3550 silly ADD node_modules/has-bigints
3551 silly ADD node_modules/@typescript-eslint/tsconfig-utils
3552 silly ADD node_modules/@typescript-eslint/project-service
3553 silly ADD node_modules/@typescript-eslint/types
3554 silly ADD node_modules/ts-api-utils
3555 silly ADD node_modules/graphemer
3556 silly ADD node_modules/@typescript-eslint/visitor-keys
3557 silly ADD node_modules/@typescript-eslint/type-utils
3558 silly ADD node_modules/@typescript-eslint/scope-manager
3559 silly ADD node_modules/@typescript-eslint/utils
3560 silly ADD node_modules/@typescript-eslint/typescript-estree
3561 silly ADD node_modules/@typescript-eslint/typescript-estree/node_modules/brace-expansion
3562 silly ADD node_modules/@typescript-eslint/typescript-estree/node_modules/glob-parent
3563 silly ADD node_modules/@typescript-eslint/typescript-estree/node_modules/semver
3564 silly ADD node_modules/@typescript-eslint/typescript-estree/node_modules/minimatch
3565 silly ADD node_modules/@typescript-eslint/typescript-estree/node_modules/fast-glob
3566 silly ADD node_modules/@typescript-eslint/parser
3567 silly ADD node_modules/@typescript-eslint/eslint-plugin
3568 silly ADD node_modules/@typescript-eslint/eslint-plugin/node_modules/ignore
3569 silly ADD node_modules/which-builtin-type
3570 silly ADD node_modules/reflect.getprototypeof
3571 silly ADD node_modules/for-each
3572 silly ADD node_modules/strip-bom
3573 silly ADD node_modules/minimist
3574 silly ADD node_modules/@types/json5
3575 silly ADD node_modules/is-number
3576 silly ADD node_modules/has-flag
3577 silly ADD node_modules/client-only
3578 silly ADD node_modules/side-channel-weakmap
3579 silly ADD node_modules/side-channel-map
3580 silly ADD node_modules/side-channel-list
3581 silly ADD node_modules/shebang-regex
3582 silly ADD node_modules/@emnapi/runtime
3583 silly ADD node_modules/@img/sharp-libvips-darwin-arm64
3584 silly ADD node_modules/@img/sharp-darwin-arm64
3585 silly ADD node_modules/@img/colour
3586 silly ADD node_modules/isarray
3587 silly ADD node_modules/queue-microtask
3588 silly ADD node_modules/supports-preserve-symlinks-flag
3589 silly ADD node_modules/path-parse
3590 silly ADD node_modules/scheduler
3591 silly ADD node_modules/react-is
3592 silly ADD node_modules/object-assign
3593 silly ADD node_modules/loose-envify
3594 silly ADD node_modules/nanoid
3595 silly ADD node_modules/callsites
3596 silly ADD node_modules/yocto-queue
3597 silly ADD node_modules/p-limit
3598 silly ADD node_modules/word-wrap
3599 silly ADD node_modules/fast-levenshtein
3600 silly ADD node_modules/deep-is
3601 silly ADD node_modules/tslib
3602 silly ADD node_modules/styled-jsx
3603 silly ADD node_modules/sharp
3604 silly ADD node_modules/sharp/node_modules/semver
3605 silly ADD node_modules/@swc/helpers
3606 silly ADD node_modules/@next/swc-darwin-arm64
3607 silly ADD node_modules/@next/env
3608 silly ADD node_modules/concat-map
3609 silly ADD node_modules/balanced-match
3610 silly ADD node_modules/brace-expansion
3611 silly ADD node_modules/to-regex-range
3612 silly ADD node_modules/fill-range
3613 silly ADD node_modules/picomatch
3614 silly ADD node_modules/braces
3615 silly ADD node_modules/yallist
3616 silly ADD node_modules/p-locate
3617 silly ADD node_modules/lightningcss-darwin-arm64
3618 silly ADD node_modules/detect-libc
3619 silly ADD node_modules/type-check
3620 silly ADD node_modules/prelude-ls
3621 silly ADD node_modules/language-subtag-registry
3622 silly ADD node_modules/json-buffer
3623 silly ADD node_modules/argparse
3624 silly ADD node_modules/set-function-name
3625 silly ADD node_modules/is-extglob
3626 silly ADD node_modules/side-channel
3627 silly ADD node_modules/resolve-from
3628 silly ADD node_modules/parent-module
3629 silly ADD node_modules/hermes-estree
3630 silly ADD node_modules/resolve-pkg-maps
3631 silly ADD node_modules/dunder-proto
3632 silly ADD node_modules/functions-have-names
3633 silly ADD node_modules/keyv
3634 silly ADD node_modules/flatted
3635 silly ADD node_modules/path-exists
3636 silly ADD node_modules/locate-path
3637 silly ADD node_modules/flat-cache
3638 silly ADD node_modules/reusify
3639 silly ADD node_modules/run-parallel
3640 silly ADD node_modules/fastq
3641 silly ADD node_modules/@nodelib/fs.scandir
3642 silly ADD node_modules/micromatch
3643 silly ADD node_modules/merge2
3644 silly ADD node_modules/@nodelib/fs.walk
3645 silly ADD node_modules/@nodelib/fs.stat
3646 silly ADD node_modules/acorn-jsx
3647 silly ADD node_modules/acorn
3648 silly ADD node_modules/esrecurse
3649 silly ADD node_modules/update-browserslist-db
3650 silly ADD node_modules/node-releases
3651 silly ADD node_modules/electron-to-chromium
3652 silly ADD node_modules/caniuse-lite
3653 silly ADD node_modules/baseline-browser-mapping
3654 silly ADD node_modules/@babel/helper-string-parser
3655 silly ADD node_modules/@babel/helper-globals
3656 silly ADD node_modules/@babel/helper-module-imports
3657 silly ADD node_modules/lru-cache
3658 silly ADD node_modules/browserslist
3659 silly ADD node_modules/@babel/helper-validator-option
3660 silly ADD node_modules/@babel/compat-data
3661 silly ADD node_modules/jsesc
3662 silly ADD node_modules/picocolors
3663 silly ADD node_modules/js-tokens
3664 silly ADD node_modules/@babel/helper-validator-identifier
3665 silly ADD node_modules/json5
3666 silly ADD node_modules/gensync
3667 silly ADD node_modules/convert-source-map
3668 silly ADD node_modules/@babel/types
3669 silly ADD node_modules/@babel/traverse
3670 silly ADD node_modules/@babel/template
3671 silly ADD node_modules/@babel/helpers
3672 silly ADD node_modules/@babel/helper-module-transforms
3673 silly ADD node_modules/@babel/helper-compilation-targets
3674 silly ADD node_modules/@babel/generator
3675 silly ADD node_modules/@babel/code-frame
3676 silly ADD node_modules/zod-validation-error
3677 silly ADD node_modules/zod
3678 silly ADD node_modules/hermes-parser
3679 silly ADD node_modules/@babel/parser
3680 silly ADD node_modules/@babel/core
3681 silly ADD node_modules/iterator.prototype
3682 silly ADD node_modules/string.prototype.repeat
3683 silly ADD node_modules/string.prototype.matchall
3684 silly ADD node_modules/prop-types
3685 silly ADD node_modules/object.entries
3686 silly ADD node_modules/estraverse
3687 silly ADD node_modules/es-iterator-helpers
3688 silly ADD node_modules/array.prototype.tosorted
3689 silly ADD node_modules/array.prototype.findlast
3690 silly ADD node_modules/string.prototype.includes
3691 silly ADD node_modules/language-tags
3692 silly ADD node_modules/jsx-ast-utils
3693 silly ADD node_modules/emoji-regex
3694 silly ADD node_modules/damerau-levenshtein
3695 silly ADD node_modules/axobject-query
3696 silly ADD node_modules/axe-core
3697 silly ADD node_modules/ast-types-flow
3698 silly ADD node_modules/aria-query
3699 silly ADD node_modules/is-symbol
3700 silly ADD node_modules/is-date-object
3701 silly ADD node_modules/has-tostringtag
3702 silly ADD node_modules/possible-typed-array-names
3703 silly ADD node_modules/which-typed-array
3704 silly ADD node_modules/unbox-primitive
3705 silly ADD node_modules/typed-array-length
3706 silly ADD node_modules/typed-array-byte-offset
3707 silly ADD node_modules/typed-array-byte-length
3708 silly ADD node_modules/typed-array-buffer
3709 silly ADD node_modules/string.prototype.trimstart
3710 silly ADD node_modules/string.prototype.trim
3711 silly ADD node_modules/stop-iteration-iterator
3712 silly ADD node_modules/set-proto
3713 silly ADD node_modules/safe-regex-test
3714 silly ADD node_modules/safe-push-apply
3715 silly ADD node_modules/safe-array-concat
3716 silly ADD node_modules/regexp.prototype.flags
3717 silly ADD node_modules/own-keys
3718 silly ADD node_modules/object.assign
3719 silly ADD node_modules/object-inspect
3720 silly ADD node_modules/is-weakref
3721 silly ADD node_modules/is-typed-array
3722 silly ADD node_modules/is-shared-array-buffer
3723 silly ADD node_modules/is-set
3724 silly ADD node_modules/is-regex
3725 silly ADD node_modules/is-negative-zero
3726 silly ADD node_modules/is-data-view
3727 silly ADD node_modules/is-callable
3728 silly ADD node_modules/is-array-buffer
3729 silly ADD node_modules/internal-slot
3730 silly ADD node_modules/has-symbols
3731 silly ADD node_modules/has-proto
3732 silly ADD node_modules/globalthis
3733 silly ADD node_modules/get-symbol-description
3734 silly ADD node_modules/get-proto
3735 silly ADD node_modules/function.prototype.name
3736 silly ADD node_modules/es-to-primitive
3737 silly ADD node_modules/es-set-tostringtag
3738 silly ADD node_modules/data-view-byte-offset
3739 silly ADD node_modules/data-view-byte-length
3740 silly ADD node_modules/data-view-buffer
3741 silly ADD node_modules/available-typed-arrays
3742 silly ADD node_modules/arraybuffer.prototype.slice
3743 silly ADD node_modules/array-buffer-byte-length
3744 silly ADD node_modules/gopd
3745 silly ADD node_modules/object-keys
3746 silly ADD node_modules/has-property-descriptors
3747 silly ADD node_modules/define-data-property
3748 silly ADD node_modules/function-bind
3749 silly ADD node_modules/set-function-length
3750 silly ADD node_modules/es-define-property
3751 silly ADD node_modules/call-bind-apply-helpers
3752 silly ADD node_modules/es-shim-unscopables
3753 silly ADD node_modules/es-errors
3754 silly ADD node_modules/math-intrinsics
3755 silly ADD node_modules/is-string
3756 silly ADD node_modules/get-intrinsic
3757 silly ADD node_modules/es-object-atoms
3758 silly ADD node_modules/es-abstract
3759 silly ADD node_modules/define-properties
3760 silly ADD node_modules/call-bound
3761 silly ADD node_modules/call-bind
3762 silly ADD node_modules/tsconfig-paths
3763 silly ADD node_modules/tsconfig-paths/node_modules/json5
3764 silly ADD node_modules/string.prototype.trimend
3765 silly ADD node_modules/semver
3766 silly ADD node_modules/object.values
3767 silly ADD node_modules/object.groupby
3768 silly ADD node_modules/object.fromentries
3769 silly ADD node_modules/hasown
3770 silly ADD node_modules/eslint-module-utils
3771 silly ADD node_modules/eslint-module-utils/node_modules/debug
3772 silly ADD node_modules/doctrine
3773 silly ADD node_modules/array.prototype.flatmap
3774 silly ADD node_modules/array.prototype.flat
3775 silly ADD node_modules/array.prototype.findlastindex
3776 silly ADD node_modules/array-includes
3777 silly ADD node_modules/@rtsao/scc
3778 silly ADD node_modules/unrs-resolver
3779 silly ADD node_modules/tinyglobby
3780 silly ADD node_modules/tinyglobby/node_modules/picomatch
3781 silly ADD node_modules/tinyglobby/node_modules/fdir
3782 silly ADD node_modules/stable-hash
3783 silly ADD node_modules/is-bun-module
3784 silly ADD node_modules/is-bun-module/node_modules/semver
3785 silly ADD node_modules/get-tsconfig
3786 silly ADD node_modules/@nolyfill/is-core-module
3787 silly ADD node_modules/resolve
3788 silly ADD node_modules/is-core-module
3789 silly ADD node_modules/fast-glob
3790 silly ADD node_modules/fast-glob/node_modules/glob-parent
3791 silly ADD node_modules/typescript-eslint
3792 silly ADD node_modules/eslint-plugin-react-hooks
3793 silly ADD node_modules/eslint-plugin-react
3794 silly ADD node_modules/eslint-plugin-react/node_modules/resolve
3795 silly ADD node_modules/eslint-plugin-jsx-a11y
3796 silly ADD node_modules/eslint-plugin-import
3797 silly ADD node_modules/eslint-plugin-import/node_modules/debug
3798 silly ADD node_modules/eslint-import-resolver-typescript
3799 silly ADD node_modules/eslint-import-resolver-node
3800 silly ADD node_modules/eslint-import-resolver-node/node_modules/debug
3801 silly ADD node_modules/@next/eslint-plugin-next
3802 silly ADD node_modules/ms
3803 silly ADD node_modules/which
3804 silly ADD node_modules/shebang-command
3805 silly ADD node_modules/path-key
3806 silly ADD node_modules/color-name
3807 silly ADD node_modules/color-convert
3808 silly ADD node_modules/supports-color
3809 silly ADD node_modules/ansi-styles
3810 silly ADD node_modules/uri-js
3811 silly ADD node_modules/json-schema-traverse
3812 silly ADD node_modules/fast-json-stable-stringify
3813 silly ADD node_modules/@humanfs/core
3814 silly ADD node_modules/levn
3815 silly ADD node_modules/strip-json-comments
3816 silly ADD node_modules/js-yaml
3817 silly ADD node_modules/import-fresh
3818 silly ADD node_modules/globals
3819 silly ADD node_modules/@types/json-schema
3820 silly ADD node_modules/@eslint/object-schema
3821 silly ADD node_modules/optionator
3822 silly ADD node_modules/natural-compare
3823 silly ADD node_modules/minimatch
3824 silly ADD node_modules/lodash.merge
3825 silly ADD node_modules/json-stable-stringify-without-jsonify
3826 silly ADD node_modules/is-glob
3827 silly ADD node_modules/imurmurhash
3828 silly ADD node_modules/ignore
3829 silly ADD node_modules/glob-parent
3830 silly ADD node_modules/find-up
3831 silly ADD node_modules/file-entry-cache
3832 silly ADD node_modules/fast-deep-equal
3833 silly ADD node_modules/esutils
3834 silly ADD node_modules/esquery
3835 silly ADD node_modules/espree
3836 silly ADD node_modules/eslint-visitor-keys
3837 silly ADD node_modules/eslint-scope
3838 silly ADD node_modules/escape-string-regexp
3839 silly ADD node_modules/debug
3840 silly ADD node_modules/cross-spawn
3841 silly ADD node_modules/chalk
3842 silly ADD node_modules/ajv
3843 silly ADD node_modules/@types/estree
3844 silly ADD node_modules/@humanwhocodes/retry
3845 silly ADD node_modules/@humanwhocodes/module-importer
3846 silly ADD node_modules/@humanfs/node
3847 silly ADD node_modules/@eslint/plugin-kit
3848 silly ADD node_modules/@eslint/js
3849 silly ADD node_modules/@eslint/eslintrc
3850 silly ADD node_modules/@eslint/core
3851 silly ADD node_modules/@eslint/config-helpers
3852 silly ADD node_modules/@eslint/config-array
3853 silly ADD node_modules/@eslint-community/regexpp
3854 silly ADD node_modules/@eslint-community/eslint-utils
3855 silly ADD node_modules/@eslint-community/eslint-utils/node_modules/eslint-visitor-keys
3856 silly ADD node_modules/tapable
3857 silly ADD node_modules/graceful-fs
3858 silly ADD node_modules/csstype
3859 silly ADD node_modules/undici-types
3860 silly ADD node_modules/@tailwindcss/oxide-darwin-arm64
3861 silly ADD node_modules/@jridgewell/resolve-uri
3862 silly ADD node_modules/@jridgewell/sourcemap-codec
3863 silly ADD node_modules/@jridgewell/trace-mapping
3864 silly ADD node_modules/@jridgewell/gen-mapping
3865 silly ADD node_modules/source-map-js
3866 silly ADD node_modules/magic-string
3867 silly ADD node_modules/lightningcss
3868 silly ADD node_modules/jiti
3869 silly ADD node_modules/enhanced-resolve
3870 silly ADD node_modules/@jridgewell/remapping
3871 silly ADD node_modules/postcss
3872 silly ADD node_modules/@tailwindcss/oxide
3873 silly ADD node_modules/@tailwindcss/node
3874 silly ADD node_modules/@alloc/quick-lru
3875 silly ADD node_modules/typescript
3876 silly ADD node_modules/tailwindcss
3877 silly ADD node_modules/react-dom
3878 silly ADD node_modules/react
3879 silly ADD node_modules/next
3880 silly ADD node_modules/next/node_modules/postcss
3881 silly ADD node_modules/eslint-config-next
3882 silly ADD node_modules/eslint-config-next/node_modules/globals
3883 silly ADD node_modules/eslint
3884 silly ADD node_modules/@types/react-dom
3885 silly ADD node_modules/@types/react
3886 silly ADD node_modules/@types/node
3887 silly ADD node_modules/@tailwindcss/postcss
3888 verbose cwd /Users/gustavo/Projects/web3/personal/aztec/personal/tenochca/frontend
3889 verbose os Darwin 25.1.0
3890 verbose node v25.2.0
3891 verbose npm  v11.6.2
3892 notice
3892 notice New patch version of npm available! 11.6.2 -> 11.6.3
3892 notice Changelog: https://github.com/npm/cli/releases/tag/v11.6.3
3892 notice To update run: npm install -g npm@11.6.3
3892 notice  { force: true, Symbol(proc-log.meta): true }
3893 verbose exit 0
3894 info ok
